tree
version=v4
num_class=9
num_tree_per_iteration=9
label_index=0
max_feature_idx=19
objective=multiclass num_class:9
feature_names=Column_0 Column_1 Column_2 Column_3 Column_4 Column_5 Column_6 Column_7 Column_8 Column_9 Column_10 Column_11 Column_12 Column_13 Column_14 Column_15 Column_16 Column_17 Column_18 Column_19
feature_infos=[0.029999999329447746:0.89383900165557861] [0.079999998211860657:0.10000000149011612] none [0.036258000880479813:0.059999998658895493] [0.90644502639770508:1.5] [0:2] [9:89] [0:88] [0:1] [0:1] [0:1] [1:119] [3:612] [0:1] [0:1] [0:1] [0:1] [0.40000000596046448:0.94999998807907104] [0:1] [0:1]
tree_sizes=356 559 3320 3313 2892 244 244 244 244 363 1089 3373 3374 3392 227 227 227 227 365 888 3374 3311 2532 227 227 227 227 365 983 3381 3399 3434 227 227 227 227 365 475 3416 3404 3250 227 227 227 227 366 982 3372 3412 3391 227 227 227 227 368 989 3372 3386 2772 227 227 227 227 367 987 3395 3370 3389 227 227 227 227 367 1191 3396 3407 3381 227 227 227 227 367 473 3353 3390 3371 227 227 227 227 369 787 3398 3411 3380 227 227 227 227 369 987 3410 3404 3351 228 228 228 228 369 986 3395 3385 2651 228 228 228 228 369 767 3412 3437 3411 228 228 228 228 370 786 3405 3432 2666 228 228 228 228 368 473 3398 3400 3407 228 228 228 228 368 780 3416 3409 3339 228 228 228 228 368 976 3422 3388 3414 228 228 228 228 369 969 3422 3398 3084 228 228 228 228 369 781 3418 3425 3371 228 228 228 228 370 471 3391 3428 3371 228 228 228 228 368 473 3397 3389 3076 228 228 228 228 370 791 3388 3413 3395 228 228 228 228 370 1101 3410 3441 3422 228 228 228 228 370 1103 3371 3421 3425 228 228 228 228 370 785 3361 3411 3337 228 228 228 228 368 1200 3406 3414 3396 228 228 228 228 370 474 3367 3425 3357 228 228 228 228 369 1184 3398 3399 3350 228 228 228 228 370 784 3400 3387 3331 228 228 228 228 370 472 3396 3433 3422 228 228 228 228 370 982 3410 3408 3432 228 228 228 228 370 981 3344 3434 3418 228 228 228 228 367 981 3380 3446 3365 228 228 228 228 370 473 3414 3422 3402 228 228 228 228 369 686 3410 3391 3411 228 228 228 228 368 786 3386 3400 3360 228 228 228 228 369 995 3413 3408 3384 228 228 228 228 369 994 3432 3427 3433 228 228 228 228 369 999 3382 3413 3410 228 228 228 228 368 1082 3361 3405 3353 228 228 228 228 370 892 3384 3429 3392 228 228 228 228 369 990 3423 3382 3363 228 228 228 228 370 1196 3353 3408 3340 228 228 228 228 369 1192 3425 3380 3220 228 228 228 228 368 893 3397 3387 3336 228 228 228 228 369 794 3403 3423 3369 228 228 228 228

Tree=0
num_leaves=2
num_cat=0
split_feature=1
split_gain=12476.8
threshold=0.089999999850988402
decision_type=2
left_child=-1
right_child=-2
leaf_value=-1.664988101097191 -1.387269204887529
leaf_weight=1973.8201854899526 508.52693557739258
leaf_count=13152 527
internal_value=-1.60809
internal_weight=2482.35
internal_count=13679
is_linear=0
shrinkage=1


Tree=1
num_leaves=4
num_cat=0
split_feature=11 7 0
split_gain=4547.53 5514.34 2143.45
threshold=2.5000000000000004 1.5000000000000002 0.042222999967634685
decision_type=2 2 2
left_child=1 2 -1
right_child=-2 -3 -4
leaf_value=-1.6648633843270371 -1.6649863547660178 -1.6649682596146049 -1.3876197607312921
leaf_weight=81.055526733398438 1486.9946757778525 418.8273428529501 495.46957570314407
leaf_count=84 10974 2110 511
internal_value=-1.60962 -1.52691 -1.42661
internal_weight=2482.35 995.352 576.525
internal_count=13679 2705 595
is_linear=0
shrinkage=1


Tree=2
num_leaves=31
num_cat=0
split_feature=11 7 11 0 15 7 11 8 11 8 12 15 11 15 7 0 7 6 0 0 12 0 7 12 14 6 12 12 14 15
split_gain=6359.86 1319.98 2260.92 256.259 196.139 118.789 592.468 93.3182 49.1722 55.3068 27.9889 27.4484 22.7988 37.238 19.0916 12.0998 10.539 9.3879 9.16057 7.97681 6.89357 7.12309 6.82002 27.186 46.2593 17.3477 6.5822 3.91935 5.98587 18.9643
threshold=1.5000000000000002 22.500000000000004 6.5000000000000009 0.042222999967634685 1.0000000180025095e-35 15.500000000000002 2.5000000000000004 1.0000000180025095e-35 4.5000000000000009 1.0000000180025095e-35 17.500000000000004 1.0000000180025095e-35 9.5000000000000018 1.0000000180025095e-35 27.500000000000004 0.6319049894809724 42.500000000000007 24.500000000000004 0.39175198972225195 0.43528850376605993 15.500000000000002 0.60137099027633678 11.500000000000002 18.500000000000004 1.0000000180025095e-35 24.500000000000004 27.500000000000004 52.500000000000007 1.0000000180025095e-35 1.0000000180025095e-35
decision_type=2 2 2 2 2 2 2 2 2 2 2 2 2 2 2 2 2 2 2 2 2 2 2 2 2 2 2 2 2 2
left_child=3 5 4 -1 7 22 17 18 9 11 -6 15 13 14 -4 20 -12 -7 -3 -16 -8 26 -2 24 25 -24 -22 28 29 -10
right_child=1 2 12 -5 10 6 8 -9 27 -11 16 -13 -14 -15 19 -17 -18 -19 -20 -21 21 -23 23 -25 -26 -27 -28 -29 -30 -31
leaf_value=-1.6637918855649985 -1.6643866145467896 -1.5897439281539656 -1.6152629747943452 -1.389305677234606 -1.4431473077011563 -1.5978704653314444 -1.6535681067090506 -1.6618552293706277 -1.5456740466198668 -1.6642050080826984 -1.6574339628216403 -1.6613757743964221 -1.6649413966515445 -1.6641690860367326 -1.6463511611046384 -1.4081035013945098 -1.5370942112859587 -1.4120088051320829 -1.3933927530695076 -1.4439753724812794 -1.4802262968908344 -1.6517878489973903 -1.657400021846186 -1.6602231339024287 -1.6639178019716285 -1.4608796161235116 -1.6486007592062217 -1.6649301248487174 -1.6596168840076877 -1.6638604960432968
leaf_weight=8.6845201849937421 1347.8132087960839 0.67384867370128532 3.5915805622935295 300.11614464968443 2.242350608110427 0.76753798127174633 0.82386846095323374 3.2634999901056281 5.2217979505658123 13.287107102572918 8.9259268045425397 2.8177371397614488 202.51124584674835 12.703797519207001 0.46621428430080403 3.2699206024408332 2.1590952575206748 28.856043636798859 148.33933885395527 4.3387822806835175 6.4582864567637444 0.6993214264512061 1.2900827452540404 147.19918182492256 9.7127975896000862 5.8366674110293388 0.54391666501760472 166.47178550064564 34.044972017407417 9.216480553150177
leaf_count=9 5429 7 40 1461 12 7 10 42 47 171 71 23 1632 102 6 17 14 159 736 25 48 9 16 1553 125 40 7 1381 406 74
internal_value=-1.60935 -1.63952 -1.5561 -1.39706 -1.41612 -1.65772 -1.62729 -1.40003 -1.65308 -1.59082 -1.60052 -1.52383 -1.65979 -1.61009 -1.52916 -1.4904 -1.63311 -1.4166 -1.39423 -1.46498 -1.52451 -1.50967 -1.66319 -1.65333 -1.59346 -1.49732 -1.49438 -1.66119 -1.64816 -1.62063
internal_weight=2482.35 2173.55 389.216 308.801 165.604 1784.33 272.479 152.277 242.855 27.9002 13.3274 14.6131 223.612 21.1004 8.39658 11.7953 11.085 29.6236 149.013 4.805 8.52539 7.70152 1511.85 164.039 16.8395 7.12675 7.0022 214.955 48.4833 14.4383
internal_count=13679 12209 2687 1470 882 9522 2359 785 2193 285 97 114 1805 173 71 91 85 166 743 31 74 64 7163 1734 181 56 55 1908 527 121
is_linear=0
shrinkage=1


Tree=3
num_leaves=31
num_cat=0
split_feature=8 9 1 5 5 10 15 11 11 7 15 10 7 11 12 6 7 12 12 11 6 11 6 12 6 6 7 6 12 7
split_gain=9996.61 829.004 146.486 24.5635 90.7077 122.169 143.529 20.3456 23.8343 18.2133 13.8809 55.4755 101.656 59.5252 31.3373 20.1635 13.7758 12.6733 11.2583 9.47419 26.1568 8.41805 6.92994 4.65981 4.46383 21.1633 4.21998 3.05749 3.61261 2.08489
threshold=1.0000000180025095e-35 1.0000000180025095e-35 0.089999999850988402 1.0000000180025095e-35 1.5000000000000002 1.0000000180025095e-35 1.0000000180025095e-35 14.500000000000002 2.5000000000000004 11.500000000000002 1.0000000180025095e-35 1.0000000180025095e-35 17.500000000000004 11.500000000000002 18.500000000000004 25.500000000000004 22.500000000000004 6.5000000000000009 166.50000000000003 2.5000000000000004 28.500000000000004 17.500000000000004 38.500000000000007 43.500000000000007 47.500000000000007 50.500000000000007 16.500000000000004 38.500000000000007 36.500000000000007 27.500000000000004
decision_type=2 2 2 2 2 2 2 2 2 2 2 2 2 2 2 2 2 2 2 2 2 2 2 2 2 2 2 2 2 2
left_child=1 3 18 -1 5 6 7 8 9 -5 11 12 13 14 15 17 19 -6 -2 -14 -21 27 -11 -16 -10 -26 -25 -22 -29 -18
right_child=2 -3 -4 4 10 -7 -8 -9 24 22 -12 -13 16 -15 23 -17 29 -19 -20 20 21 -23 -24 26 25 -27 -28 28 -30 -31
leaf_value=-1.6649448698807254 -1.3873616034504441 -1.3881721646116374 -1.6628501063394048 -1.4323749993003796 -1.6088702166768254 -1.6647519534774708 -1.6630594516332864 -1.6287315474215711 -1.4062629013900403 -1.6301004612796952 -1.6649698404966191 -1.6649531691618302 -1.6448850647196342 -1.6545096308080396 -1.3960663369690682 -1.6117716587184261 -1.644102417182997 -1.398066510288938 -1.6427075036361434 -1.6441232859649071 -1.4254034874568475 -1.6302474435709187 -1.527730037545743 -1.4556787118836605 -1.6424157833467505 -1.4207338195564403 -1.6143346105834331 -1.6094379268046026 -1.4602730166329738 -1.6627232463171091
leaf_weight=1105.0130251199007 423.60252194106579 28.361368961632252 4.8247334361076346 3.0571497231721931 1.0636446997523363 43.603221774101257 16.517910934984684 1.9767656251788128 10.413403138518335 3.2953933551907539 446.37741163372993 261.74387767910957 11.158743277192118 7.0831940397620192 6.8846541568636876 5.3704531267285347 25.201316148042679 2.4087738022208214 0.37364110350608726 6.6109826415777189 2.4247607290744786 0.82498458772897709 3.0489480197429657 1.1400629580020902 1.3235087171196926 4.4972522556781769 0.53443083912134159 0.77830792963504769 0.74616608023643494 52.086450941860676
leaf_count=1544 5451 365 5 36 7 210 133 17 129 19 3574 1261 60 58 88 34 156 31 3 50 30 7 28 13 7 55 4 5 9 290
internal_value=-1.61027 -1.65613 -1.39073 -1.65989 -1.65382 -1.60552 -1.54689 -1.47727 -1.46537 -1.53091 -1.65891 -1.65189 -1.62431 -1.53328 -1.48368 -1.55149 -1.64674 -1.45942 -1.38761 -1.6121 -1.58038 -1.49218 -1.58117 -1.41567 -1.42843 -1.47169 -1.50656 -1.4623 -1.53178 -1.65677
internal_weight=2482.35 2053.55 428.801 2025.18 920.172 87.7336 44.1303 27.6124 25.6357 9.40149 832.438 386.061 124.317 24.4852 17.402 8.84287 99.8317 3.47242 423.976 22.5439 11.3852 4.77422 6.34434 8.55915 16.2342 5.82076 1.67449 3.94923 1.52447 77.2878
internal_count=13679 8220 5459 7855 6311 634 424 291 274 83 5677 2103 842 235 177 72 607 38 5454 161 101 51 47 105 191 62 17 44 14 446
is_linear=0
shrinkage=1


Tree=4
num_leaves=27
num_cat=0
split_feature=15 12 4 8 12 12 8 7 7 13 12 7 13 11 4 11 12 7 5 11 7 11 7 7 11 7
split_gain=10889.7 596.76 202.099 52.3678 38.8914 37.9215 93.5827 18.8667 9.42406 3.65066 24.5128 3.51254 5.05805 2.85935 3.40232 1.86931 0.904818 7.1399 2.29526 1.04589 0.839103 0.453724 0.170789 0.16616 0.0383716 0.230561
threshold=1.0000000180025095e-35 106.50000000000001 1.2978804707527163 1.0000000180025095e-35 17.500000000000004 75.500000000000014 1.0000000180025095e-35 6.5000000000000009 30.500000000000004 1.0000000180025095e-35 53.500000000000007 19.500000000000004 1.0000000180025095e-35 14.500000000000002 1.0047444701194765 6.5000000000000009 65.500000000000014 27.500000000000004 1.5000000000000002 10.500000000000002 13.500000000000002 12.500000000000002 36.500000000000007 17.500000000000004 13.500000000000002 16.500000000000004
decision_type=2 2 2 2 2 2 2 2 2 2 2 2 2 2 2 2 2 2 2 2 2 2 2 2 2 2
left_child=1 5 4 -3 8 9 7 -7 -2 16 15 12 13 -9 -15 -11 23 18 -18 -20 -5 -21 -17 -1 -23 -26
right_child=2 3 -4 20 -6 6 -8 11 -10 10 -12 -13 -14 14 -16 22 17 -19 19 21 -22 24 -24 -25 25 -27
leaf_value=-1.6649868764738709 -1.4399800410154913 -1.389449492109589 -1.6634535450170935 -1.6594000920048366 -1.388119861675928 -1.6557556689417927 -1.6644634082578673 -1.646351128777108 -1.6290352034956233 -1.6618748219319242 -1.4120449537975661 -1.4033400470943165 -1.4095121068282259 -1.4481901058130484 -1.6094379063450228 -1.62219883194529 -1.6643330716861866 -1.4757380269159901 -1.5592987010374402 -1.6547694566958915 -1.5881844744653746 -1.5993326357111852 -1.5932356931250626 -1.6628069273076254 -1.6433858914992157 -1.5993326357111852
leaf_weight=1602.8083864152431 0.82498458772897665 21.748886384069923 6.7546268105506888 1.7871547564864152 460.48158027231693 1.0426490679383293 19.814107082784176 0.46621428430080425 2.1178035736083984 14.378094643354419 0.99637627601623435 4.2654569000005722 1.1209233105182648 0.70043755322694756 0.59076131880283356 0.9550845921039588 15.883803784847265 0.45134348422288795 0.55990359187126104 0.93242856860160861 0.35765417665243138 0.43535655736923196 0.87199723720550537 321.1772059649229 0.38851190358400345 0.43535655736923218
leaf_count=7240 7 175 7 23 3694 2 255 6 11 66 8 35 9 6 7 5 193 4 6 12 4 5 5 1884 5 5
internal_value=-1.60986 -1.66048 -1.39324 -1.41264 -1.38928 -1.66347 -1.60588 -1.46452 -1.57385 -1.6643 -1.64039 -1.43567 -1.49057 -1.55294 -1.51539 -1.65586 -1.66451 -1.65182 -1.65704 -1.61276 -1.64488 -1.63019 -1.60944 -1.66463 -1.60944 -1.61612
internal_weight=2482.35 2012.17 470.179 23.8937 463.424 1988.27 28.0005 8.18644 2.94279 1960.27 17.2016 7.14379 2.87834 1.75741 1.2912 16.2052 1943.07 19.0867 18.6354 2.75156 2.14481 2.19165 1.82708 1923.99 1.25923 0.823868
internal_count=13679 9960 3719 202 3712 9758 320 65 18 9438 84 63 28 19 13 76 9354 230 226 33 27 27 10 9124 15 10
is_linear=0
shrinkage=1


Tree=5
num_leaves=1
num_cat=0
split_feature=
split_gain=
threshold=
decision_type=
left_child=
right_child=
leaf_value=-34.538776391283193
leaf_weight=
leaf_count=17101
internal_value=
internal_weight=
internal_count=
is_linear=0
shrinkage=1


Tree=6
num_leaves=1
num_cat=0
split_feature=
split_gain=
threshold=
decision_type=
left_child=
right_child=
leaf_value=-34.538776391283193
leaf_weight=
leaf_count=17101
internal_value=
internal_weight=
internal_count=
is_linear=0
shrinkage=1


Tree=7
num_leaves=1
num_cat=0
split_feature=
split_gain=
threshold=
decision_type=
left_child=
right_child=
leaf_value=-34.538776391283193
leaf_weight=
leaf_count=17101
internal_value=
internal_weight=
internal_count=
is_linear=0
shrinkage=1


Tree=8
num_leaves=1
num_cat=0
split_feature=
split_gain=
threshold=
decision_type=
left_child=
right_child=
leaf_value=-34.538776391283193
leaf_weight=
leaf_count=17101
internal_value=
internal_weight=
internal_count=
is_linear=0
shrinkage=1


Tree=9
num_leaves=2
num_cat=0
split_feature=0
split_gain=9863.6
threshold=0.042222999967634685
decision_type=2
left_child=-1
right_child=-2
leaf_value=0.17909919549314041 -0.054730113206273572
leaf_weight=592.90222585201263 1883.2969481348991
leaf_count=527 13152
internal_value=0.00126103
internal_weight=2476.2
internal_count=13679
is_linear=0
shrinkage=0.05


Tree=10
num_leaves=9
num_cat=0
split_feature=12 14 0 0 6 12 12 6
split_gain=6372.95 3174.08 11.4004 38.4108 5.27308 17.3376 1.88493 15.2124
threshold=9.5000000000000018 1.0000000180025095e-35 0.12768299877643588 0.14423999935388568 10.500000000000002 11.500000000000002 11.500000000000002 18.500000000000004
decision_type=2 2 2 2 2 2 2 2
left_child=1 -1 -3 -4 5 -2 7 -6
right_child=4 2 3 -5 6 -7 -8 -9
leaf_value=-0.054676324381643861 0.16063278946707055 0.17908002449537191 0.17422597078474755 -0.050493434622215221 0.027092904625603799 -0.052253565457253952 -0.054731263334730454 -0.054508962051769805
leaf_weight=196.30656066536903 1.1355457305908192 565.65001636743546 8.0229413807392103 2.3917607739567748 6.3981311842799178 4.1180152371525764 1644.6306130513549 44.656935311853886
leaf_count=952 1 500 8 29 12 23 11907 247
internal_value=-0.000177316 0.118917 0.178081 0.122154 -0.0542631 -0.00316372 -0.0544183 -0.044152
internal_weight=2473.31 772.371 576.065 10.4147 1700.94 5.25356 1695.69 51.0551
internal_count=13679 1489 537 37 12190 24 12166 259
is_linear=0
shrinkage=0.05


Tree=11
num_leaves=31
num_cat=0
split_feature=10 0 12 14 12 14 15 0 6 0 6 6 15 12 0 0 12 13 14 6 6 6 12 6 0 16 0 3 5 0
split_gain=7689.34 180.045 1049.03 134.495 44.0872 113.415 103.952 62.2888 34.9354 18.0872 18.065 8.79509 7.61073 9.15106 6.78569 6.78489 4.85685 3.16374 3.539 2.88285 2.88197 2.55947 2.41327 1.95953 4.44208 1.93105 1.79709 1.13181 1.03015 2.55139
threshold=1.0000000180025095e-35 0.42160099744796758 18.500000000000004 1.0000000180025095e-35 46.500000000000007 1.0000000180025095e-35 1.0000000180025095e-35 0.64458599686622631 23.500000000000004 0.71861901879310619 38.500000000000007 60.000000000000007 1.0000000180025095e-35 12.500000000000002 0.49558301270008093 0.5433734953403474 6.5000000000000009 1.0000000180025095e-35 1.0000000180025095e-35 24.500000000000004 27.500000000000004 43.500000000000007 42.500000000000007 54.500000000000007 0.71205550432205211 1.0000000180025095e-35 0.3520949929952622 0.040753500536084182 1.5000000000000002 0.45352399349212652
decision_type=2 2 2 2 2 2 2 2 2 2 2 2 2 2 2 2 2 2 2 2 2 2 2 2 2 2 2 2 2 2
left_child=1 17 3 8 5 6 7 10 16 -5 22 -8 15 -14 27 20 -3 -1 26 -9 25 -16 -4 -7 -25 -10 -19 -12 29 -22
right_child=-2 2 4 9 -6 23 11 19 12 -11 14 -13 13 -15 21 -17 -18 18 -20 -21 28 -23 -24 24 -26 -27 -28 -29 -30 -31
leaf_value=-0.054169751796886323 0.18027485598479975 0.094087965022223066 -0.053726365397812705 -0.053829472128843862 -0.054600783232016115 -0.054125201640326893 -0.051382416527992192 0.059437623613552926 0.12188844684547791 0.16517931809192166 -0.04567383597029389 0.085708762339915964 0.14610856085340759 -0.046372501564332466 0.15605346248534369 0.17323790738969638 -0.050700239083928192 -0.012758370044802993 -0.051708826438178902 0.17077160104160224 0.12528055857038151 0.05586874632957959 0.055838126781986609 -0.049514179292295658 0.091629804300498774 0.0018935530907277618 0.062210059722539561 0.041330635470784395 0.15033294049731694 0.0129830589846755
leaf_weight=1295.7355626299977 477.68186986446381 0.65992538630962316 5.7609088122844714 9.7833877578377688 449.17599483579397 100.31373842060566 19.974336542189125 0.89282039552927273 0.54641503840685135 0.93650960922241289 0.83285874873399712 1.127604268491267 1.3150426745414727 0.9759942740201949 2.0556676089763646 57.041550226509571 2.2338818907737732 1.5071181729435914 3.3325331881642342 15.476289108395575 3.9882131740450868 1.4168314635753629 0.42518257349729527 1.784870229661464 0.6847831904888152 0.8889022171497345 1.371740475296974 0.48941311240196228 14.534944325685501 0.72171565890312184
leaf_count=5543 1983 4 74 131 3896 1292 167 6 3 4 10 7 6 8 10 248 27 5 28 67 23 9 4 17 4 9 9 4 75 6
internal_value=9.51492e-05 -0.0430301 -0.0224453 0.133121 -0.0467303 -0.0233009 0.03965 0.103874 0.154659 -0.0328846 0.0110403 -0.0434513 0.16083 0.0635094 0.0833331 0.163549 -0.0139717 -0.0539969 -0.0168646 0.1654 0.13588 0.119284 -0.0446319 -0.0530341 -0.00638929 0.055795 0.0221739 -0.00931356 0.141275 0.10974
internal_weight=2473.67 1995.98 694.038 93.6265 600.411 151.235 48.4519 27.35 82.9066 10.7199 10.9809 21.1019 80.0128 2.29104 4.79477 77.7217 2.89381 1301.95 6.21139 16.3691 20.6802 3.4725 6.18609 102.783 2.46965 1.43532 2.87886 1.32227 19.2449 4.70993
internal_count=13679 11696 6111 544 5567 1671 358 184 409 135 111 174 378 14 33 364 31 5585 42 73 116 19 78 1313 21 12 14 14 104 29
is_linear=0
shrinkage=0.05


Tree=12
num_leaves=31
num_cat=0
split_feature=8 16 14 3 5 5 10 15 13 11 15 10 7 11 11 13 7 11 6 12 7 12 7 6 12 5 11 12 6 12
split_gain=7880.27 267.004 392.398 99.3951 25.3862 91.2805 111.567 126.135 19.1227 15.742 14.9967 58.0996 85.1257 47.2526 23.6803 21.9082 12.6299 10.4248 8.86941 9.69358 7.06352 5.57309 5.49477 7.15662 7.02758 5.28394 4.70633 4.56515 3.62549 3.09992
threshold=1.0000000180025095e-35 1.0000000180025095e-35 1.0000000180025095e-35 0.051914999261498458 1.0000000180025095e-35 1.5000000000000002 1.0000000180025095e-35 1.0000000180025095e-35 1.0000000180025095e-35 15.500000000000002 1.0000000180025095e-35 1.0000000180025095e-35 20.500000000000004 16.500000000000004 2.5000000000000004 1.0000000180025095e-35 13.500000000000002 2.5000000000000004 27.500000000000004 8.5000000000000018 11.500000000000002 124.50000000000001 27.500000000000004 43.500000000000007 17.500000000000004 1.0000000180025095e-35 2.5000000000000004 43.500000000000007 38.500000000000007 17.500000000000004
decision_type=2 2 2 2 2 2 2 2 2 2 2 2 2 2 2 2 2 2 2 2 2 2 2 2 2 2 2 2 2 2
left_child=1 2 16 21 -3 6 7 8 9 17 11 12 13 14 18 27 25 20 19 -7 -6 -2 23 -14 -25 -1 -27 29 -22 -16
right_child=3 4 -4 -5 5 10 -8 -9 -10 -11 -12 -13 22 -15 15 -17 -18 -19 -20 -21 28 -23 -24 24 -26 26 -28 -29 -30 -31
leaf_value=-0.044468219081533027 0.17916866255127595 -0.054681160357476499 0.17911652908955952 -0.052527183259024036 0.14770426154228322 0 -0.05457070896223612 -0.052732041455962789 -0.049313511584454836 -0.021579497236842743 -0.054706910491185791 -0.054705665234122763 -0.031373361400313361 -0.048347779905347353 0.094252975349216728 -0.049159757194725352 -0.051870641309577872 0.16347783413409211 -0.010947795680598916 0.17468117943482309 0 0.045281262710029385 -0.051990653482535121 -0.01167572188814112 0.14503841076840668 0.01306220705740499 0.16145768510024514 0.085827138383077581 0.084903256170299007 0.17475881323249268
leaf_weight=0.92047160863876287 493.14606335759163 1053.2135140746832 31.987078748643398 4.6081717014312735 3.3627422377467244 1.5383409708738347 39.648392379283905 15.775836043059824 1.445800483226775 1.4963547289371479 425.80853906273842 224.01369651407003 25.715366870164875 8.0753731429576856 2.1899009346961966 1.5308441296219832 46.375589348375797 17.597302079200745 5.9932328686118126 1.5715572983026502 2.0108625069260597 0.95786202698945899 42.462063901126385 1.6361627802252763 1.0875852108001707 1.1593315973877909 1.0793755948543546 3.3785153925418863 2.960357166826725 9.1535219326615316
leaf_count=1 5445 1543 354 5 35 10 199 133 8 13 3574 1130 171 68 20 11 236 189 37 18 13 9 253 10 13 8 12 32 27 102
internal_value=-0.000783895 -0.0456688 0.0428574 0.17677 -0.0494885 -0.0429542 0.00633156 0.0605254 0.122548 0.131935 -0.0484699 -0.0403522 -0.00946307 0.0561421 0.0896758 0.125749 -0.0452148 0.141035 0.0240609 0.0913246 0.0916761 0.178928 -0.0405031 -0.023054 0.0520494 0.0495494 0.0905923 0.144483 0.0506251 0.160613
internal_weight=2471.9 1973.19 81.5218 498.712 1891.67 838.452 84.2976 44.6493 28.8734 27.4276 754.155 328.346 104.332 33.4313 25.3559 16.2528 49.5348 25.9313 9.10313 3.1099 8.33396 494.104 70.9012 28.4391 2.72375 3.15918 2.23871 14.7219 4.97122 11.3434
internal_count=13679 8220 611 5459 7609 6066 617 418 285 277 5449 1875 745 298 230 165 257 264 65 28 75 5454 447 194 23 21 20 154 40 122
is_linear=0
shrinkage=0.05


Tree=13
num_leaves=31
num_cat=0
split_feature=15 13 0 14 19 10 0 14 8 16 10 6 5 7 10 6 0 0 6 3 7 6 0 6 0 6 3 6 0 0
split_gain=8623.73 188.654 137.433 91.5183 53.8588 18.3287 13.3652 46.8614 86.1016 27.3002 28.9795 12.1085 14.1928 7.59124 4.32323 12.9105 10.9701 2.76101 4.96106 3.59862 1.49693 1.18804 1.97928 0.806882 0.768531 0.599684 0.519818 0.442411 1.53745 2.83911
threshold=1.0000000180025095e-35 1.0000000180025095e-35 0.20250499993562701 1.0000000180025095e-35 1.0000000180025095e-35 1.0000000180025095e-35 0.56652751564979564 1.0000000180025095e-35 1.0000000180025095e-35 1.0000000180025095e-35 1.0000000180025095e-35 42.500000000000007 1.5000000000000002 45.500000000000007 1.0000000180025095e-35 22.500000000000004 0.68298450112342846 0.66134047508239757 26.500000000000004 0.04018050059676171 19.500000000000004 49.500000000000007 0.69653701782226574 52.500000000000007 0.8283430039882661 32.500000000000007 0.039792500436306007 30.500000000000004 0.78884500265121471 0.83250397443771373
decision_type=2 2 2 2 2 2 2 2 2 2 2 2 2 2 2 2 2 2 2 2 2 2 2 2 2 2 2 2 2 2
left_child=1 4 -2 5 6 11 20 14 9 -9 17 12 -3 26 15 16 -8 18 19 -11 -1 27 -23 24 -24 -20 -13 28 -17 -30
right_child=2 3 -4 -5 -6 -7 7 8 -10 10 -12 13 -14 -15 -16 21 -18 -19 25 -21 -22 22 23 -25 -26 -27 -28 -29 29 -31
leaf_value=-0.054595475737478055 -0.053146356123399713 -0.046192662641039064 0.1777279660979097 0.16891844379623869 0.1815524944700474 -0.053800249347626561 -0.046570106760813967 -0.050824821629618502 -0.054276369175055218 0.097508557141156929 -0.049764948223930995 -0.0099213211970367986 0.15081780242760692 0.11579128007390277 -0.054516491153160922 -0.04539573078919884 0.14711509198058739 0.17963328226089073 0.09940642941849244 -0.041120864876790703 -0.046736027307237665 0.020832744330473732 0.0071351853532231951 -0.052060228834801242 -0.045179259343225545 0.17181207510670088 -0.050876550690966652 -0.049492708815028152 0.054497716420166188 -0.047668454634655577
leaf_weight=1532.7206852957606 6.4489809870719901 1.1212669610977171 539.5858221128583 13.429040908813475 2.3576442450284949 8.8380137085914612 1.1681658253073686 2.5914129987359056 22.903177827596664 1.0194184258580188 1.9871414750814445 1.6601675450801847 3.5434915497899055 0.90207077562808979 180.145761705935 8.3074163869023305 1.5924514308571813 6.1447730213403702 1.4485005587339399 0.66816715151071537 77.786557003855705 1.7200811430811862 1.5742442533373835 3.7712588161230087 0.99255912005901326 2.6021309494972229 2.5822657197713852 40.577834241092205 1.1533996388316148 1.3853723406791685
leaf_count=7492 7 2 3712 92 17 44 14 35 309 9 10 9 24 6 908 65 11 43 13 9 542 10 9 19 5 18 13 218 7 7
internal_value=-0.000394975 -0.050107 0.174983 0.0699157 -0.0521452 -0.00163619 -0.0524486 -0.0422793 0.00819309 0.0952125 0.123024 0.044927 0.102437 -0.00722596 -0.0504968 -0.0387138 0.0646457 0.15251 0.120029 0.040594 -0.0542219 -0.0436951 -0.0240295 -0.0371158 -0.012155 0.150143 -0.0365987 -0.0466271 -0.0350952 0
internal_weight=2472.73 1926.69 546.035 32.0763 1894.62 18.6473 1892.26 281.753 39.3647 16.4615 13.8701 9.80926 4.66476 5.1445 242.389 62.2428 2.76062 11.883 5.73822 1.68759 1610.51 59.4822 8.05814 6.33806 2.5668 4.05063 4.24243 51.424 10.8462 2.53877
internal_count=13679 9960 3719 190 9770 98 9753 1719 446 137 102 54 26 28 1273 365 25 92 49 18 8034 340 43 33 14 31 22 297 79 14
is_linear=0
shrinkage=0.05


Tree=14
num_leaves=1
num_cat=0
split_feature=
split_gain=
threshold=
decision_type=
left_child=
right_child=
leaf_value=0
leaf_weight=
leaf_count=17101
internal_value=
internal_weight=
internal_count=
is_linear=0
shrinkage=1


Tree=15
num_leaves=1
num_cat=0
split_feature=
split_gain=
threshold=
decision_type=
left_child=
right_child=
leaf_value=0
leaf_weight=
leaf_count=17101
internal_value=
internal_weight=
internal_count=
is_linear=0
shrinkage=1


Tree=16
num_leaves=1
num_cat=0
split_feature=
split_gain=
threshold=
decision_type=
left_child=
right_child=
leaf_value=0
leaf_weight=
leaf_count=17101
internal_value=
internal_weight=
internal_count=
is_linear=0
shrinkage=1


Tree=17
num_leaves=1
num_cat=0
split_feature=
split_gain=
threshold=
decision_type=
left_child=
right_child=
leaf_value=0
leaf_weight=
leaf_count=17101
internal_value=
internal_weight=
internal_count=
is_linear=0
shrinkage=1


Tree=18
num_leaves=2
num_cat=0
split_feature=0
split_gain=8112.53
threshold=0.042222999967634685
decision_type=2
left_child=-1
right_child=-2
leaf_value=0.15106481449868125 -0.05396746811845865
leaf_weight=659.89336693286896 1793.3299286738038
leaf_count=527 13152
internal_value=0.00118611
internal_weight=2453.22
internal_count=13679
is_linear=0
shrinkage=0.05


Tree=19
num_leaves=7
num_cat=0
split_feature=12 14 6 12 12 6
split_gain=5447.76 2413.56 5.10666 14.5723 1.91158 14.3703
threshold=9.5000000000000018 1.0000000180025095e-35 10.500000000000002 11.500000000000002 11.500000000000002 18.500000000000004
decision_type=2 2 2 2 2 2
left_child=1 -1 3 -2 5 -4
right_child=2 -3 4 -5 -6 -7
leaf_value=-0.053904948760256977 0.13810042436791212 0.15028108890575756 0.025272480138774697 -0.051412234201750888 -0.053968853611357143 -0.053733517167796258
leaf_weight=186.8412885889411 1.2543300390243519 640.80814764648676 6.5017704963684073 3.9268857315182686 1566.1154752895236 42.515154838562012
leaf_count=952 1 537 12 23 11907 247
internal_value=-0.000175876 0.104179 -0.0534863 -0.00283981 -0.0536455 -0.043122
internal_weight=2447.96 827.649 1620.31 5.18122 1615.13 49.0169
internal_count=13679 1489 12190 24 12166 259
is_linear=0
shrinkage=0.05


Tree=20
num_leaves=31
num_cat=0
split_feature=10 7 11 14 15 12 5 7 11 7 7 11 12 12 15 14 4 12 12 11 7 7 11 12 12 12 7 16 12 12
split_gain=6268.3 264.176 825.907 68.2558 41.7824 26.049 19.6969 17.623 156.25 11.3413 10.9388 8.2595 8.73962 7.90829 9.2144 15.8616 7.15472 6.66799 3.94229 3.21625 7.054 2.21205 1.94919 1.81742 1.78538 1.49044 1.43718 3.78739 1.41283 0.803793
threshold=1.0000000180025095e-35 20.500000000000004 5.5000000000000009 1.0000000180025095e-35 1.0000000180025095e-35 5.5000000000000009 1.5000000000000002 14.500000000000002 2.5000000000000004 30.500000000000004 36.500000000000007 3.5000000000000004 16.500000000000004 46.500000000000007 1.0000000180025095e-35 1.0000000180025095e-35 1.0135024785995486 17.500000000000004 25.500000000000004 2.5000000000000004 46.500000000000007 24.500000000000004 4.5000000000000009 23.500000000000004 43.500000000000007 14.500000000000002 16.500000000000004 1.0000000180025095e-35 11.500000000000002 22.500000000000004
decision_type=2 2 2 2 2 2 2 2 2 2 2 2 2 2 2 2 2 2 2 2 2 2 2 2 2 2 2 2 2 2
left_child=1 5 3 4 6 -1 23 -7 26 -6 -5 12 -10 14 15 21 -12 -14 -19 -11 -21 24 -8 25 -4 -3 27 -9 -29 -13
right_child=-2 2 13 10 9 7 22 8 11 19 16 29 17 -15 -16 -17 -18 18 -20 20 -22 -23 -24 -25 -26 -27 -28 28 -30 -31
leaf_value=0.098523404875060228 0.15187744326201813 -0.0010140117830700268 -0.039249531519050064 -0.044437618814210475 -0.051358844204923398 -0.053304763704937953 0.14661455245873214 0.11923811650607091 -0.052066425972543399 0.13170321687857853 0.1305473713023296 -0.03561520965074929 0.11636105545658038 -0.053952444685530378 -0.048524979822354417 -0.051740388141003194 -0.042321838465989525 -0.048903036088441217 0.082974269846410958 -0.046252679097189192 0.13559280261404075 0.11049317925049472 0.092664066376921608 -0.044387111474343682 0.069471436111397472 0.073701084724385788 0.12037803368631542 0.071874725635325029 -0.0075521318773204118 -0.053026941352459805
leaf_weight=2.800678737461566 532.32286444306374 1.0903689563274381 0.49981839209794976 6.7746869623661023 3.4574710875749579 1344.214340724051 79.06306429207325 2.4712896570563343 4.2419894784688932 1.4074481725692749 1.732378885149956 9.6438386738300306 1.8706851080060003 232.93987895548344 11.977559715509415 3.8757743239402771 0.7751893252134322 1.6859892755746844 0.72262877970933903 1.1680002659559248 0.80207094550132763 2.9250609055161476 2.9011437892913809 0.7994428202509879 0.8102026954293251 1.2171491011977194 11.967833347618578 0.7807121351361278 1.2406087368726728 181.06176227331161
leaf_count=16 1983 9 6 84 30 6768 310 13 58 6 9 128 10 2077 104 53 9 21 5 10 4 14 16 10 6 9 60 5 12 1834
internal_value=0.000101809 -0.042049 -0.00304595 0.117602 0.130643 -0.0508858 0.140194 -0.0511635 -0.0377773 0.0107418 -0.0110125 -0.05004 -0.00125783 -0.0513412 -0.0206966 0.0198799 0.0756155 0.0480048 -0.00561396 0.0753991 0.02834 0.0862588 0.144881 0.0143265 0.0246028 0.0377435 0.109748 0.0783372 0.0227106 -0.0521918
internal_weight=2449.24 1916.92 354.217 101.188 91.9062 1562.7 85.0712 1559.9 215.687 6.83499 9.28226 199.227 8.52129 253.028 20.0884 8.11086 2.50757 4.2793 2.40862 3.37752 1.97007 4.23508 81.9642 3.10696 1.31002 2.30752 16.4604 4.49261 2.02132 190.706
internal_count=13679 11696 2766 506 404 8930 354 8914 2146 50 102 2056 94 2260 183 79 18 36 26 20 14 26 326 28 12 18 90 30 17 1962
is_linear=0
shrinkage=0.05


Tree=21
num_leaves=31
num_cat=0
split_feature=8 9 1 12 1 15 10 11 12 6 12 6 12 6 11 6 6 15 12 12 11 6 12 12 6 12 12 12 6 6
split_gain=6455.78 577.222 72.8819 7.28015 16.0311 52.3867 156.933 48.3979 62.2499 30.5884 31.0661 17.4096 19.2394 12.7535 11.7414 4.07848 9.41474 4.03462 4.01759 5.99779 12.2234 14.5773 3.863 3.8024 2.71721 2.92354 2.67058 2.63886 2.40349 5.97709
threshold=1.0000000180025095e-35 1.0000000180025095e-35 0.089999999850988402 9.5000000000000018 0.089999999850988402 1.0000000180025095e-35 1.0000000180025095e-35 16.500000000000004 21.500000000000004 26.500000000000004 11.500000000000002 33.500000000000007 43.500000000000007 56.500000000000007 4.5000000000000009 46.500000000000007 51.500000000000007 1.0000000180025095e-35 11.500000000000002 15.500000000000002 2.5000000000000004 50.500000000000007 10.500000000000002 66.500000000000014 25.500000000000004 70.500000000000014 13.500000000000002 75.500000000000014 43.500000000000007 47.500000000000007
decision_type=2 2 2 2 2 2 2 2 2 2 2 2 2 2 2 2 2 2 2 2 2 2 2 2 2 2 2 2 2 2
left_child=1 3 17 -1 5 6 7 8 9 10 -5 12 -10 18 28 27 -17 -2 22 20 26 -22 -11 -18 -14 -26 -20 -16 -13 -30
right_child=2 -3 -4 4 -6 -7 -8 -9 11 13 -12 14 24 -15 15 16 23 -19 19 -21 21 -23 -24 -25 25 -27 -28 -29 29 -31
leaf_value=-0.053029034992917556 0.15106294140749374 0.15141240614296128 -0.05168842244430269 -0.02958001452858321 -0.053939051175105515 -0.053892059582747245 -0.053959746550769051 -0.051156011572809384 0.13550841195767396 0.011368651802046915 0.15589467358001818 -0.030529498819618653 0.0011463328274845693 0.14810951205719308 0.10777237523962452 -0.029601990009742476 0.1082793100597999 0.0075154601429355955 0.0023408091067218303 -0.027929462242993759 0.14831739830097615 -0.047608606042334314 -0.050665781061926055 0 0.10232161714023416 0 -0.046666359578891391 0.016441273896248148 0.14191716404392959 0
leaf_weight=634.97588074952364 549.34345054626465 36.677973926067352 4.3927565217018119 3.6885645613074285 443.31708556413651 420.32677295804024 219.50261197984219 23.307105332612991 15.225693419575693 2.8357617035508165 5.459613211452961 3.8545169085264224 3.6296257600188246 1.0420128479599942 6.6462557613849622 2.77210733294487 3.6259922683238983 0.57407324016094108 8.4221217855811137 22.477953784167767 2.8051432520151129 1.3028530329465864 14.599521979689598 1.1039317846298216 1.909219525754452 1.1218433901667593 3.9212900996208182 1.0918414518237112 0.75725989043712605 5.0965529158711433
leaf_count=1459 5449 365 5 10 506 3706 1161 202 148 20 56 22 29 11 63 17 34 5 55 131 29 7 77 10 19 10 21 10 8 34
internal_value=-0.000740563 -0.0447187 0.1493 -0.0486077 -0.046298 -0.0419229 -0.0277737 0.014247 0.0277678 -0.00325259 0.081059 0.0718691 0.104535 -0.0168928 0.0427096 0.0699432 0.0416051 0.150924 -0.0202887 -0.0111251 0.0115631 0.0853364 -0.0402838 0.0841221 0.0320371 0.0662131 -0.013076 0.0958977 0 0.0197524
internal_weight=2445.81 1891.5 554.31 1854.82 1219.84 776.526 356.199 136.697 113.39 66.5548 9.14818 46.8348 21.8864 57.4067 24.9485 15.2401 7.50203 549.918 56.3646 38.9294 16.4514 4.108 17.4353 4.72992 6.66069 3.03106 12.3434 7.7381 9.70833 5.85381
internal_count=13679 8220 5459 7855 6396 5890 2184 1023 821 417 66 404 206 351 198 134 61 5454 340 243 112 36 97 44 58 29 76 73 64 42
is_linear=0
shrinkage=0.05


Tree=22
num_leaves=23
num_cat=0
split_feature=15 12 0 12 8 8 12 19 0 7 13 12 11 0 0 12 0 7 0 11 11 0
split_gain=7091.67 442.074 100.896 35.6824 68.4861 27.1103 21.075 17.2913 14.1677 6.67577 2.91781 15.398 1.82855 1.41898 0.828614 0.631357 9.7129 1.00017 0.95719 0.209766 0.483664 0.175936
threshold=1.0000000180025095e-35 106.50000000000001 0.20250499993562701 75.500000000000014 1.0000000180025095e-35 1.0000000180025095e-35 17.500000000000004 1.0000000180025095e-35 0.42891350388526922 30.500000000000004 1.0000000180025095e-35 55.500000000000007 6.5000000000000009 0.48621849715709692 0.4502789974212647 65.500000000000014 0.70678400993347179 25.500000000000004 0.56652751564979564 5.5000000000000009 4.5000000000000009 0.72120651602745067
decision_type=2 2 2 2 2 2 2 2 2 2 2 2 2 2 2 2 2 2 2 2 2 2
left_child=1 3 -2 7 8 -3 9 10 -5 -4 15 12 -12 -10 -7 -1 17 18 -17 20 -8 -14
right_child=2 5 6 4 -6 14 19 -9 13 -11 11 -13 21 -15 -16 16 -18 -19 -20 -21 -22 -23
leaf_value=-0.053662922640310397 -0.052326529560342672 0.15479448652011329 0.12236491351669519 -0.026453357684405394 -0.05339589606069331 -0.048212704933228705 0.14962958999311465 0.15834395937660564 0.054530200684428577 -0.0240171874292751 -0.051115223355543041 0.14045054201627322 0.017751455655705239 0.1449743727359786 0.024075912653767469 -0.053385144139406794 0.14015064650647688 0.018938738171320565 0.011519928860103112 0.15112418760623 0.11902642922402505 -0.01160107682591434
leaf_weight=1748.9804517701268 6.1450306773185721 27.648889064788822 1.0348478853702539 1.48504985123873 17.999762184917927 1.6457541808485974 9.5121692270040512 0.85955224931239982 0.8299909606575947 2.302019327878952 13.426672831177711 1.1027507036924351 0.85424178838729925 7.2804152593016624 0.34404072910547245 16.10934092104436 0.59624350070953269 0.3682515099644651 0.42522542923688789 578.37413883209229 9.0455167293548584 0.93387547135353088
leaf_count=9120 7 175 7 8 255 23 59 6 8 11 66 7 5 49 4 216 4 4 5 3582 53 5
internal_value=-0.000372789 -0.0492262 0.147907 -0.0523653 0.00387434 0.141967 0.149974 -0.0532383 0.111264 0.0221643 -0.053352 -0.0312195 -0.0448242 0.137105 -0.0327673 -0.0535519 -0.041925 -0.0494282 -0.0513562 0.150676 0.135699 0
internal_weight=2447.3 1840.89 606.414 1811.25 27.5952 29.6387 600.269 1783.66 9.59546 3.33687 1782.8 16.3175 15.2148 8.11041 1.98979 1766.48 17.4991 16.9028 16.5346 596.932 18.5577 1.78812
internal_count=13679 9960 3719 9758 320 202 3712 9438 65 18 9432 83 76 57 27 9349 229 225 221 3694 112 10
is_linear=0
shrinkage=0.05


Tree=23
num_leaves=1
num_cat=0
split_feature=
split_gain=
threshold=
decision_type=
left_child=
right_child=
leaf_value=0
leaf_weight=
leaf_count=17101
internal_value=
internal_weight=
internal_count=
is_linear=0
shrinkage=1


Tree=24
num_leaves=1
num_cat=0
split_feature=
split_gain=
threshold=
decision_type=
left_child=
right_child=
leaf_value=0
leaf_weight=
leaf_count=17101
internal_value=
internal_weight=
internal_count=
is_linear=0
shrinkage=1


Tree=25
num_leaves=1
num_cat=0
split_feature=
split_gain=
threshold=
decision_type=
left_child=
right_child=
leaf_value=0
leaf_weight=
leaf_count=17101
internal_value=
internal_weight=
internal_count=
is_linear=0
shrinkage=1


Tree=26
num_leaves=1
num_cat=0
split_feature=
split_gain=
threshold=
decision_type=
left_child=
right_child=
leaf_value=0
leaf_weight=
leaf_count=17101
internal_value=
internal_weight=
internal_count=
is_linear=0
shrinkage=1


Tree=27
num_leaves=2
num_cat=0
split_feature=0
split_gain=6842.03
threshold=0.042222999967634685
decision_type=2
left_child=-1
right_child=-2
leaf_value=0.13133809013979467 -0.053256086088211745
leaf_weight=711.50211334228516 1703.9961696192622
leaf_count=527 13152
internal_value=0.00111855
internal_weight=2415.5
internal_count=13679
is_linear=0
shrinkage=0.05


Tree=28
num_leaves=8
num_cat=0
split_feature=12 14 0 0 0 12 7
split_gain=4724.32 1911.67 6.47031 14.0771 8.41034 4.49412 11.7173
threshold=9.5000000000000018 1.0000000180025095e-35 0.12768299877643588 0.13723200559616092 0.18207149952650073 11.500000000000002 2.5000000000000004
decision_type=2 2 2 2 2 2 2
left_child=1 -1 -3 -4 -5 6 -2
right_child=5 2 3 4 -6 -7 -8
leaf_value=-0.053195813241043971 0.00070633693625362466 0.1313710127147186 0.12771197815046306 0.095673310577090429 -0.05059179188031198 -0.053256056243159433 -0.053016598904309799
leaf_weight=177.58180230110884 14.1430327296257 678.69860990345478 8.2491460144519788 1.5900326892733567 2.2237011566758156 1491.7075209021568 34.253212697803974
leaf_count=952 15 500 7 4 26 11930 245
internal_value=-0.000174821 0.093078 0.130692 0.0912955 0.00999833 -0.0527586 -0.0372447
internal_weight=2408.45 868.343 690.761 12.0629 3.81373 1540.1 48.3962
internal_count=13679 1489 537 37 30 12190 260
is_linear=0
shrinkage=0.05


Tree=29
num_leaves=31
num_cat=0
split_feature=10 7 11 14 15 12 7 11 0 0 6 11 6 12 15 14 0 6 0 14 0 7 6 7 16 6 6 6 6 11
split_gain=5242.67 251.687 710.917 52.5285 31.398 23.0877 17.4066 137.448 14.9888 14.5506 13.7187 7.9574 10.7374 7.80561 8.56843 13.8296 7.48831 5.41341 3.71047 3.48863 2.69093 1.82022 3.5008 1.66409 1.39805 1.29776 1.1837 0.962984 7.1599 4.05401
threshold=1.0000000180025095e-35 20.500000000000004 5.5000000000000009 1.0000000180025095e-35 1.0000000180025095e-35 5.5000000000000009 14.500000000000002 2.5000000000000004 0.44015999138355261 0.71205550432205211 41.500000000000007 3.5000000000000004 28.500000000000004 46.500000000000007 1.0000000180025095e-35 1.0000000180025095e-35 0.38483300805091863 23.500000000000004 0.48621849715709692 1.0000000180025095e-35 0.70024099946022045 24.500000000000004 34.500000000000007 25.500000000000004 1.0000000180025095e-35 27.500000000000004 30.500000000000004 49.500000000000007 50.500000000000007 5.5000000000000009
decision_type=2 2 2 2 2 2 2 2 2 2 2 2 2 2 2 2 2 2 2 2 2 2 2 2 2 2 2 2 2 2
left_child=1 5 3 4 8 26 -7 16 23 -5 -6 12 19 14 15 21 -8 -18 -10 -9 -12 22 -4 -3 -19 -26 -1 -13 29 -29
right_child=-2 2 13 9 10 6 7 11 18 -11 20 27 -14 -15 -16 -17 17 24 -20 -21 -22 -23 -24 -25 25 -27 -28 28 -30 -31
leaf_value=0.052809612549021293 0.13191686580087728 -0.049128330202085208 0.10582190655090867 -0.044315817460682361 -0.051444271910539519 -0.052561911726212052 -0.045753930740365795 0.081458457882846586 0.06787322923087169 0.10524197915451375 0.0053061572715937845 -0.05228429273210905 -0.051960363150664823 -0.053235437140405399 -0.047579237073493409 -0.050912054498679117 -0.03883795393190622 0.13459969925327223 0.12746370809474533 -0.038964548245026348 0.11749731587617805 0.099491431612264355 -0.044085264286326968 0.053533016333678754 0.032749703494870233 0.10116573011730512 0.13045814225530142 0.1363951438407538 -0.05202252468271247 -0.034595750841886985
leaf_weight=1.8953479006886476 574.51990403234959 1.3074382245540608 0.5996957793831823 7.1033282801508886 3.8063809722661963 1277.7699989266694 0.77811991423368709 3.1615884006023394 3.4462988898158065 1.9935995563864706 0.83692691475153003 173.04987602680922 4.6599591299891472 221.31267805397511 11.42353542894125 3.6915190666913986 0.54384096711874264 5.4031709283590326 86.212596245110035 0.61265955865383137 2.1738600432872772 3.0872047543525696 0.73905213177204132 0.41896115988492955 1.1194416880607612 9.6739180907607061 1.0944473147392271 0.79192725569009581 7.2489680275321007 0.44879870861768723
leaf_count=12 1983 15 3 92 34 6768 9 20 21 10 6 1850 65 2077 104 53 6 20 315 9 10 14 9 3 8 47 4 4 102 6
internal_value=0.000106737 -0.0411323 -0.00284508 0.104129 0.114771 -0.0500849 -0.0503683 -0.0368165 0.12249 -0.0102085 0.0102908 -0.0492023 -0.00110306 -0.0505457 -0.0197119 0.0189984 0.0967316 0.103884 0.125307 0.0601189 0.0890913 0.0782494 0.0222786 -0.01991 0.109192 0.0948947 0.0861542 -0.0514076 -0.0325557 0.0728474
internal_weight=2410.93 1836.41 348.153 107.299 98.2025 1488.25 1485.26 207.492 91.3853 9.09693 6.81717 189.974 8.43421 240.854 19.541 8.11747 17.5185 16.7404 89.6589 3.77425 3.01079 4.42595 1.33875 1.7264 16.1965 10.7934 2.9898 181.54 8.48969 1.24073
internal_count=13679 11696 2766 506 404 8930 8914 2146 354 102 50 2056 94 2260 183 79 90 81 336 29 16 26 12 18 75 55 16 1962 112 10
is_linear=0
shrinkage=0.05


Tree=30
num_leaves=31
num_cat=0
split_feature=8 9 0 0 0 10 15 11 13 11 0 6 6 0 10 15 6 11 11 6 11 6 6 11 0 16 4 4 0 6
split_gain=5423.51 499.448 56.2153 20.6263 59.9544 108.495 131.987 35.2234 23.3425 12.9439 8.22805 17.854 13.5749 5.05032 6.77809 31.6542 32.7665 10.5248 7.44299 3.94601 3.27819 2.28575 8.3324 2.2828 2.23384 1.79352 1.93712 2.29686 1.50446 1.39719
threshold=1.0000000180025095e-35 1.0000000180025095e-35 0.081884998828172698 0.13101749867200854 0.53685399889945995 1.0000000180025095e-35 1.0000000180025095e-35 2.5000000000000004 1.0000000180025095e-35 19.500000000000004 0.41192199289798742 17.500000000000004 26.500000000000004 0.64821052551269542 1.0000000180025095e-35 1.0000000180025095e-35 31.500000000000004 13.500000000000002 2.5000000000000004 28.500000000000004 25.500000000000004 47.500000000000007 51.500000000000007 1.5000000000000002 0.4469559937715531 1.0000000180025095e-35 0.9885460138320924 0.97608250379562389 0.54682299494743358 43.500000000000007
decision_type=2 2 2 2 2 2 2 2 2 2 2 2 2 2 2 2 2 2 2 2 2 2 2 2 2 2 2 2 2 2
left_child=1 3 -2 -1 5 6 7 10 9 21 11 -5 -12 14 15 16 17 18 19 23 -4 -9 -23 -6 -24 -14 27 -27 -18 -13
right_child=2 -3 20 4 13 -7 -8 8 -10 -11 12 29 25 -15 -16 -17 28 -19 -20 -21 -22 22 24 -25 -26 26 -28 -29 -30 -31
leaf_value=-0.052975338788317727 -0.050888370205679427 0.13160555490228595 0.13137269454345973 -0.049470551604389887 0.0047803400437819001 -0.053211053132574897 -0.052435115098751199 0.12260366496983373 -0.050941888154427753 -0.046845475498105187 0.13886463702650861 0.085231348400070572 -0.051373366316462034 -0.052363119058047393 -0.053140722939677525 -0.053097592247512343 0.01367223701160529 -0.038844472075948253 0.11000450610910908 -0.026645276844939475 0.0041752496263962957 -0.0062154534041084751 0.12935137282584067 0.11002648519738734 0.037024455715318948 -0.020900151843634064 -0.023429795530382602 0.059788226306659836 -0.040873013625509179 0.15478137177163218
leaf_weight=919.76071416586637 4.1785372495651236 39.574422754347324 592.23686084151268 2.5449715852737445 0.99985542893409562 106.99960301816463 38.357035450637341 24.759631559252739 2.3699382394552222 1.1993681639432896 1.3987833112478245 4.1961871981620789 3.2984243333339665 468.11514007300138 79.463477119803429 65.453463703393936 1.1745670214295412 1.9983662217855442 7.9824805036187172 1.8509635031223295 0.59492926299571891 1.7895663455128659 4.7107303962111473 1.289263978600502 1.0629190206527708 1.4691320508718493 7.0624355524778366 1.7788556814193723 16.925375081598759 1.5084479376673696
leaf_count=1371 5 365 5449 3 7 595 357 227 15 10 14 35 17 3770 443 609 9 18 71 11 5 11 45 12 9 9 42 15 114 16
internal_value=-0.00069748 -0.0438236 0.129963 -0.047757 -0.0420973 -0.0184553 0.0196485 0.0664871 0.097515 0.10828 0.0181761 0.0580003 -0.00362311 -0.0495786 -0.0421666 -0.0331422 0.0072794 0.0642524 0.0818354 0.0250301 0.131254 0.114317 0.0852888 0.0682735 0.114125 -0.0195395 -0.00847958 0.0222636 -0.037003 0.106833
internal_weight=2406.1 1809.09 597.01 1769.52 849.759 204.506 97.5064 59.1494 35.8922 33.5222 23.2572 8.24961 15.0076 645.253 177.138 97.6743 32.2209 14.1209 12.1226 4.14008 592.832 32.3228 7.56322 2.28912 5.77365 13.6088 10.3104 3.24799 18.0999 5.70464
internal_count=13679 8220 5459 7855 6484 1420 825 468 317 302 151 54 97 5064 1294 851 242 119 101 30 5454 292 65 19 54 83 66 24 123 51
is_linear=0
shrinkage=0.05


Tree=31
num_leaves=31
num_cat=0
split_feature=11 8 0 11 16 10 12 10 19 0 12 8 8 7 8 16 10 12 7 12 8 10 16 7 12 0 3 7 11 12
split_gain=4829.2 485.79 235.793 459.392 68.0487 51.0031 40.2679 25.5813 21.2519 19.4571 44.5211 50.8979 16.7358 21.4461 15.2648 14.9146 14.7957 6.82226 4.99056 3.99124 10.9939 9.31779 7.35473 3.74282 3.09832 3.06391 3.71332 3.04238 6.17128 2.79984
threshold=11.500000000000002 1.0000000180025095e-35 0.5860080122947694 5.5000000000000009 1.0000000180025095e-35 1.0000000180025095e-35 22.500000000000004 1.0000000180025095e-35 1.0000000180025095e-35 0.44015999138355261 37.500000000000007 1.0000000180025095e-35 1.0000000180025095e-35 35.500000000000007 1.0000000180025095e-35 1.0000000180025095e-35 1.0000000180025095e-35 166.50000000000003 4.5000000000000009 23.500000000000004 1.0000000180025095e-35 1.0000000180025095e-35 1.0000000180025095e-35 71.500000000000014 35.500000000000007 0.66134047508239757 0.041016500443220145 13.500000000000002 3.5000000000000004 31.500000000000004
decision_type=2 2 2 2 2 2 2 2 2 2 2 2 2 2 2 2 2 2 2 2 2 2 2 2 2 2 2 2 2 2
left_child=2 18 9 6 -5 14 8 12 -4 -1 19 15 13 25 23 -12 -17 -3 -2 -11 21 22 -21 -6 27 26 29 -24 -29 -8
right_child=1 17 3 4 5 -7 7 -9 -10 10 11 -13 -14 -15 -16 16 -18 -19 -20 20 -22 -23 24 -25 -26 -27 -28 28 -30 -31
leaf_value=-0.052748218467991492 -0.033599358576094772 -0.05222104420090945 -0.051278140659387177 -0.051982656359656168 0.12436573757360894 -0.051171393043732118 0.089924224385660056 -0.052531146485497698 0.13174038318863299 -0.05262413231151989 -0.049144703898205001 -0.052616564998075724 -0.051185663598848435 -0.022296434833634575 -0.045727339917696244 0.097437999273720918 -0.048300197898357274 0.12044992241363893 0.13131213264012584 -0.049701195010325022 -0.052936905362355048 -0.051949060916250261 -0.0026782556522234537 0.012629553904984298 -0.042870429557666553 0.10108410734866083 -0.021291196118679669 -0.025057105166441704 0.087806265144014614 0.0068640782199756167
leaf_weight=1277.5408783182502 0.37419052422046561 39.062483392655849 183.860650267452 6.9736600294709197 71.212760850787163 4.5282864272594443 4.4015459939837553 13.134684190154074 1.4923663437366474 108.31084394454956 2.3436489552259472 15.834408536553381 4.8941346034407607 7.1088446229696265 1.2731465846300114 16.155376732349399 1.8417661786079396 0.47189033031463523 581.65573561936617 2.8136477544903764 32.843805596232414 6.8950107693672171 2.0116685703396779 0.88242045044898887 0.8811710327863701 9.1007358282804471 1.2210855856537817 1.4069282114505766 5.6309577971696854 1.5062196403741834
leaf_count=5936 5 579 1065 91 423 25 32 73 9 813 33 236 73 37 19 114 10 3 3357 42 490 38 25 5 13 52 13 11 45 12
internal_value=-0.00035509 0.11967 -0.042131 -0.00259325 0.0965507 0.109962 -0.039755 0.00473027 -0.0497074 -0.0504819 -0.0357379 0.0142411 0.0316379 0.0493639 0.120031 0.0665342 0.0820629 -0.0497352 0.131192 -0.047015 -0.0352661 -0.00534262 0.0196914 0.123087 0.0401502 0.0810029 0.0536317 0.0491608 0.0645086 0.0700465
internal_weight=2407.66 621.564 1786.1 311.591 84.8703 77.8966 226.72 41.3673 185.353 1474.51 196.969 36.1752 28.2326 23.3384 73.3683 20.3408 17.9971 39.5344 582.03 160.794 52.4832 19.6394 12.7444 72.0952 9.93073 16.2296 7.12885 9.04955 7.03789 5.90777
internal_count=13679 3944 9735 1929 563 472 1366 292 1074 7806 1870 393 219 146 447 157 124 582 3362 1477 664 174 136 428 94 109 57 81 56 44
is_linear=0
shrinkage=0.05


Tree=32
num_leaves=1
num_cat=0
split_feature=
split_gain=
threshold=
decision_type=
left_child=
right_child=
leaf_value=0
leaf_weight=
leaf_count=17101
internal_value=
internal_weight=
internal_count=
is_linear=0
shrinkage=1


Tree=33
num_leaves=1
num_cat=0
split_feature=
split_gain=
threshold=
decision_type=
left_child=
right_child=
leaf_value=0
leaf_weight=
leaf_count=17101
internal_value=
internal_weight=
internal_count=
is_linear=0
shrinkage=1


Tree=34
num_leaves=1
num_cat=0
split_feature=
split_gain=
threshold=
decision_type=
left_child=
right_child=
leaf_value=0
leaf_weight=
leaf_count=17101
internal_value=
internal_weight=
internal_count=
is_linear=0
shrinkage=1


Tree=35
num_leaves=1
num_cat=0
split_feature=
split_gain=
threshold=
decision_type=
left_child=
right_child=
leaf_value=0
leaf_weight=
leaf_count=17101
internal_value=
internal_weight=
internal_count=
is_linear=0
shrinkage=1


Tree=36
num_leaves=2
num_cat=0
split_feature=0
split_gain=5871.8
threshold=0.042222999967634685
decision_type=2
left_child=-1
right_child=-2
leaf_value=0.11674150990304988 -0.052592281686386355
leaf_weight=749.28636002540588 1615.6500107049942
leaf_count=527 13152
internal_value=0.00105855
internal_weight=2364.94
internal_count=13679
is_linear=0
shrinkage=0.05


Tree=37
num_leaves=3
num_cat=0
split_feature=11 14
split_gain=2765.1 2989.74
threshold=2.5000000000000004 1.0000000180025095e-35
decision_type=2 2
left_child=1 -1
right_child=-2 -3
leaf_value=-0.052604969214698143 -0.052587795306864395 0.11628795182076408
leaf_weight=408.16589847952127 1216.9523457437754 731.37676852196455
leaf_count=2162 10974 543
internal_value=-0.000176941 0.0557895
internal_weight=2356.5 1139.54
internal_count=13679 2705
is_linear=0
shrinkage=0.05


Tree=38
num_leaves=31
num_cat=0
split_feature=11 7 11 1 15 7 11 8 11 14 11 15 12 7 7 15 6 7 12 8 14 12 12 6 12 6 6 4 12 14
split_gain=2831.07 915.22 1092.76 79.046 68.1638 61.6526 209.838 60.3022 21.1316 27.4385 18.4751 22.7924 15.2981 9.85002 8.66921 6.64807 4.64772 4.16546 14.1929 11.8468 5.05616 16.9915 5.01003 5.30942 3.51301 3.15419 3.07679 2.91834 2.73587 5.31645
threshold=1.5000000000000002 20.500000000000004 6.5000000000000009 0.089999999850988402 1.0000000180025095e-35 14.500000000000002 2.5000000000000004 1.0000000180025095e-35 4.5000000000000009 1.0000000180025095e-35 9.5000000000000018 1.0000000180025095e-35 17.500000000000004 27.500000000000004 42.500000000000007 1.0000000180025095e-35 30.500000000000004 11.500000000000002 12.500000000000002 1.0000000180025095e-35 1.0000000180025095e-35 32.500000000000007 16.500000000000004 27.500000000000004 31.500000000000004 25.500000000000004 22.500000000000004 0.97979602217674266 52.500000000000007 1.0000000180025095e-35
decision_type=2 2 2 2 2 2 2 2 2 2 2 2 2 2 2 2 2 2 2 2 2 2 2 2 2 2 2 2 2 2
left_child=3 5 4 -1 7 17 25 -3 9 15 11 13 -6 16 -14 -8 -4 -2 19 27 21 22 -20 24 -24 -7 -11 -19 29 -10
right_child=1 2 10 -5 12 6 8 -9 28 26 -12 -13 14 -15 -16 -17 -18 18 20 -21 -22 -23 23 -25 -26 -27 -28 -29 -30 -31
leaf_value=0.1158304066358093 -0.051893281016496387 0.11338280774334715 0.081434071314819279 -0.051169779208035185 0.097882894831259268 0.029070699302077702 0.075603068856148287 -0.050990026069507081 -0.0053875477055382454 0.032937827907452213 -0.052553322863676012 -0.051969587504084605 -0.046099884850652834 0.084564855611824419 0.05796772836721184 -0.045486596222426123 -0.028019166538029879 -0.028740526246098488 -0.04578408910570976 -0.048146079748748793 -0.051788109546987177 -0.049101760069601048 -0.045174949021195378 0.11016524971499971 0.088748562677531687 0.10359766965837468 -0.048474472880293738 0.11541989267041391 -0.05254101136963895 -0.04719869556579373
leaf_weight=441.37928892672062 1105.0842632800341 237.7559332922101 1.116626404225826 7.1068503856658927 3.097693756222724 1.7925874292850519 9.4466710612177831 5.617817983031272 10.424404606223105 1.117153853178025 199.94761005416512 13.397907391190529 9.7503950148820859 6.3752032890915871 2.384166717529296 1.165460146963597 4.5861909687519073 0.29846620559692327 1.0395387485623384 2.2202284038066864 75.357124842703342 17.874625623226166 1.2442876920104025 2.9600406512618065 0.66709508001804341 28.649518422782421 14.540775433182715 2.811349093914032 119.73165341094136 31.440383110195398
leaf_count=1461 5429 828 6 9 13 13 61 87 95 8 1970 130 92 31 14 11 61 4 14 35 1054 178 18 19 3 116 217 14 1225 463
internal_value=0.000113732 -0.0264067 0.0329991 0.113162 0.103129 -0.046549 -0.0220388 0.109549 -0.0417993 -1.58252e-05 -0.0474421 -0.00708222 0.000189075 0.0423177 -0.0249376 0.0615373 -0.00469226 -0.0509664 -0.0410739 0.0373598 -0.0453744 -0.0247136 0.047794 0.0692881 0.00116858 0.0994824 -0.0421764 0.099562 -0.0485567 -0.0369444
internal_weight=2360.38 1911.9 484.03 448.486 258.606 1427.87 218.309 243.374 187.867 26.2701 225.424 25.4759 15.2323 12.078 12.1346 10.6121 5.70282 1209.56 104.473 5.33004 99.1427 23.7856 5.91096 4.87142 1.91138 30.4421 15.6579 3.10982 161.596 41.8648
internal_count=13679 12209 3232 1470 1034 8977 2209 915 2080 297 2198 228 119 98 106 72 67 6768 1339 53 1286 232 54 40 21 129 225 18 1783 558
is_linear=0
shrinkage=0.05


Tree=39
num_leaves=31
num_cat=0
split_feature=8 9 0 5 0 10 15 0 10 15 6 11 11 13 11 7 11 11 3 7 11 6 0 15 10 7 11 6 11 6
split_gain=4632.96 438.928 44.8728 24.0357 86.2212 73.3458 47.9178 22.3363 31.2725 76.7737 32.8315 16.3466 21.0038 8.60593 7.7881 3.10981 6.28092 2.66729 2.5042 2.18785 2.44836 2.12537 1.95527 2.3419 13.8151 16.4136 7.38263 4.33077 2.94235 1.74697
threshold=1.0000000180025095e-35 1.0000000180025095e-35 0.081884998828172698 1.0000000180025095e-35 0.41837599873542791 1.0000000180025095e-35 1.0000000180025095e-35 0.59200549125671398 1.0000000180025095e-35 1.0000000180025095e-35 26.500000000000004 3.5000000000000004 10.500000000000002 1.0000000180025095e-35 17.500000000000004 22.500000000000004 2.5000000000000004 23.500000000000004 0.041758999228477485 21.500000000000004 18.500000000000004 27.500000000000004 0.68298450112342846 1.0000000180025095e-35 1.0000000180025095e-35 21.500000000000004 11.500000000000002 26.500000000000004 2.5000000000000004 28.500000000000004
decision_type=2 2 2 2 2 2 2 2 2 2 2 2 2 2 2 2 2 2 2 2 2 2 2 2 2 2 2 2 2 2
left_child=1 3 -2 -1 5 6 13 8 9 10 -6 15 18 14 -5 16 21 -4 -13 20 -14 -12 23 24 25 26 27 -9 -29 -18
right_child=2 -3 17 4 7 -7 -8 22 -10 -11 11 12 19 -15 -16 -17 29 -19 -20 -21 -22 -23 -24 -25 -26 -27 -28 28 -30 -31
leaf_value=-0.052528386310817077 -0.050123398792984789 0.11708535457193232 0.11678573788772861 0.10563129417415776 0.11046344668191369 -0.052257708194051788 -0.051272628179942742 0.10369248136837983 -0.052503556667609377 -0.0520513013491136 0.071125731095892833 0.1201744735583741 0.080161988270770021 -0.045545514403626669 -0.042987513002049033 -0.035428676737511551 0.012570960065140746 0.028754808638545584 0.0032992928912336707 -0.044921307235570182 -0.039485053290708276 -0.019130316393023351 -0.052358995351177974 -0.05245460411528189 -0.052427586381503959 -0.040572670101830979 -0.032796592063757748 -0.022976796042755567 0.05946183083038286 0.090312635701333424
leaf_weight=903.73948360234499 3.9664096832275382 41.682463794946671 623.29074288159609 25.310568571090705 10.909736454486845 21.635987341403961 6.907426878809928 3.6109128668904322 85.32467482984066 54.47043401747942 0.57127932459116593 6.7877880036830884 0.82932282984256722 0.94423110783100028 0.81346054375171561 8.5334659814834577 1.408485256135463 1.0887768864631642 0.5919201299548148 3.249274417757988 0.64689602702856064 12.42288129031658 379.99880389124155 68.920812882483006 61.845287963747978 16.11496988683939 2.5000980421900749 1.6318060755729673 2.5892314985394478 2.00837142765522
leaf_count=1544 5 365 5445 217 96 126 67 32 501 533 5 63 8 5 7 51 9 9 4 29 6 77 3252 675 364 112 24 10 21 17
internal_value=-0.000658551 -0.0429807 0.115576 -0.0469516 -0.0404826 0.0194243 0.0652381 -0.045087 -0.0301464 -0.0114409 0.0345911 0.0118777 0.0593657 0.0952333 0.100667 -0.0111129 0.00136601 0.116645 0.111638 -0.0218524 0.0253804 -0.0142675 -0.0502928 -0.0452369 -0.0394932 -0.00897464 0.0397462 0.0636551 0.0266407 0.0609566
internal_weight=2354.35 1726 628.346 1684.32 780.578 55.6117 33.9757 724.966 187.755 102.43 47.9594 37.0497 12.1052 27.0683 26.124 24.9445 16.411 624.38 7.37971 4.72549 1.47622 12.9942 537.212 157.213 88.2923 26.447 10.332 7.83195 4.22104 3.41686
internal_count=13679 8220 5459 7855 6311 422 296 5889 1399 898 365 269 110 229 224 159 108 5454 67 43 14 82 4490 1238 563 199 87 63 31 26
is_linear=0
shrinkage=0.05


Tree=40
num_leaves=30
num_cat=0
split_feature=15 11 8 1 12 7 12 13 13 12 11 12 11 11 7 12 7 5 7 7 7 5 7 12 7 7 7 7 11
split_gain=5140.37 346.498 64.6575 62.3487 12.1396 21.9095 11.7659 6.87511 3.36519 13.5441 2.32436 3.257 1.78043 1.03826 0.53778 0.516681 5.74707 1.22985 1.52591 0.994747 0.656791 0.590865 0.397371 0.345993 0.302849 0.162281 0.158499 0.0282839 0.0137788
threshold=1.0000000180025095e-35 16.500000000000004 1.0000000180025095e-35 0.089999999850988402 73.500000000000014 20.500000000000004 17.500000000000004 1.0000000180025095e-35 1.0000000180025095e-35 53.500000000000007 4.5000000000000009 15.500000000000002 6.5000000000000009 24.500000000000004 26.500000000000004 57.500000000000007 18.500000000000004 1.5000000000000002 27.500000000000004 21.500000000000004 16.500000000000004 1.5000000000000002 19.500000000000004 74.500000000000014 11.500000000000002 36.500000000000007 22.500000000000004 17.500000000000004 5.5000000000000009
decision_type=2 2 2 2 2 2 2 2 2 2 2 2 2 2 2 2 2 2 2 2 2 2 2 2 2 2 2 2 2
left_child=1 4 -3 6 8 7 10 23 15 12 11 -2 28 -4 -7 27 20 26 19 22 -17 -22 -19 24 -6 -14 -18 -1 -10
right_child=3 2 13 -5 5 14 -8 -9 9 -11 -12 -13 25 -15 -16 16 17 18 -20 -21 21 -23 -24 -25 -26 -27 -28 -29 -30
leaf_value=-0.052596234218650166 6.3459461685910399e-05 0.118472429045397 -0.051147524884790491 -0.050797673800665771 -0.033776851738179597 0.06195139423170274 0.11670538998435268 0.10211478236366754 -0.052364981520595336 0.1131324351513151 -0.044845275898693415 0.11959698408357988 -0.0095549817077431806 0.024015176391942821 0.11808397749743899 -0.05233829452462764 -0.0362954020542589 0 0.11127048542244927 -0.037227338320597055 -0.043800145224989318 0.0043032630251411087 0.072399891728327587 -0.047627107451417454 0.018674856705959374 0.018392365923416729 0 -0.050606117915020767 -0.031199414254629326
leaf_weight=1289.7077105417848 1.6612518876790998 36.341235674917698 6.6518104076385489 5.5388869643211356 0.4451843202114113 1.8292027488350862 677.20046252012253 0.71759593486785966 10.376906901597971 1.4290246814489354 0.85016345977783192 0.84140516817569722 0.89452938735485144 0.34265536814928044 1.9471928924322126 34.041637361049652 0.51989098638296039 0.51364669203758218 0.49760752916336071 0.50347377359867096 1.0358620658516875 1.0530091300606728 0.43690695613622665 14.167595580220221 0.36073150485754013 0.844060018658638 0.65674497187137604 263.35898913815618 1.9569916278123862
leaf_count=6973 9 202 104 7 7 15 3694 4 58 8 4 5 5 4 11 431 8 6 3 7 16 13 4 204 4 5 9 1851 8
internal_value=-0.000339218 -0.0476634 0.0916889 0.114878 -0.0513829 -0.0117332 0.116241 -0.0380497 -0.0518591 -0.0276869 0.0202995 0.0452234 -0.0430368 -0.046474 0.094484 -0.0520896 -0.0448973 0.0184625 0.0427794 0.0104706 -0.050557 -0.018178 0.0416327 -0.0457315 -0.00531011 0.00155597 -0.0181461 -0.0522653 -0.0496867
internal_weight=2356.72 1670.63 43.3357 686.092 1627.29 19.4675 680.553 15.6911 1607.83 15.5015 3.35282 2.50266 14.0725 6.99447 3.7764 1592.33 39.2588 3.12827 1.95163 1.45403 36.1305 2.08887 0.950554 14.9735 0.805916 1.73859 1.17664 1553.07 12.3339
internal_count=13679 9960 310 3719 9650 245 3712 219 9405 84 18 14 76 108 26 9321 497 37 20 17 460 29 10 215 11 10 17 8824 66
is_linear=0
shrinkage=0.05


Tree=41
num_leaves=1
num_cat=0
split_feature=
split_gain=
threshold=
decision_type=
left_child=
right_child=
leaf_value=0
leaf_weight=
leaf_count=17101
internal_value=
internal_weight=
internal_count=
is_linear=0
shrinkage=1


Tree=42
num_leaves=1
num_cat=0
split_feature=
split_gain=
threshold=
decision_type=
left_child=
right_child=
leaf_value=0
leaf_weight=
leaf_count=17101
internal_value=
internal_weight=
internal_count=
is_linear=0
shrinkage=1


Tree=43
num_leaves=1
num_cat=0
split_feature=
split_gain=
threshold=
decision_type=
left_child=
right_child=
leaf_value=0
leaf_weight=
leaf_count=17101
internal_value=
internal_weight=
internal_count=
is_linear=0
shrinkage=1


Tree=44
num_leaves=1
num_cat=0
split_feature=
split_gain=
threshold=
decision_type=
left_child=
right_child=
leaf_value=0
leaf_weight=
leaf_count=17101
internal_value=
internal_weight=
internal_count=
is_linear=0
shrinkage=1


Tree=45
num_leaves=2
num_cat=0
split_feature=0
split_gain=5002.38
threshold=0.042222999967634685
decision_type=2
left_child=-1
right_child=-2
leaf_value=0.10548769370790934 -0.051971959921644675
leaf_weight=754.27023696899414 1522.1296203248203
leaf_count=513 13223
internal_value=0.000201414
internal_weight=2276.4
internal_count=13736
is_linear=0
shrinkage=0.05


Tree=46
num_leaves=8
num_cat=0
split_feature=12 14 0 0 6 12 12
split_gain=3588.18 1276.03 6.89851 19.1777 5.1255 9.92643 1.56012
threshold=9.5000000000000018 1.0000000180025095e-35 0.12768299877643588 0.14423999935388568 10.500000000000002 11.500000000000002 10.500000000000002
decision_type=2 2 2 2 2 2 2
left_child=1 -1 -3 -4 5 -2 -6
right_child=4 2 3 -5 6 -7 -8
leaf_value=-0.05190029990312011 0.10590134356837651 0.10550757809447114 0.10235972020460019 -0.051557979186536623 -0.033566668098576884 -0.048809283205674243 -0.051975252620969442
leaf_weight=157.4986018948257 1.4353020191192616 722.91432143747807 7.4970204159617406 2.6401218548417091 13.871651180088518 3.0894200429320335 1358.1383780948818
leaf_count=937 1 489 6 31 83 22 12167
internal_value=-0.00102392 0.0771745 0.104917 0.0616728 -0.05162 0.000414563 -0.0517952
internal_weight=2267.08 890.55 733.051 10.1371 1376.53 4.52472 1372.01
internal_count=13736 1463 526 37 12273 23 12250
is_linear=0
shrinkage=0.05


Tree=47
num_leaves=31
num_cat=0
split_feature=14 0 15 12 12 12 7 12 7 0 7 12 0 4 12 12 12 0 7 0 7 0 0 0 12 0 0 7 7 12
split_gain=1719.13 1689.53 1203.97 79.442 9.71418 7.59771 14.1045 10.2979 5.15516 4.7897 3.1607 34.8662 2.09945 2.08574 1.62795 2.6516 2.59445 1.47198 1.44992 1.45207 1.32346 1.27792 1.57278 1.5729 1.18975 11.7611 1.03301 1.33135 1.21801 0.995346
threshold=1.0000000180025095e-35 0.042222999967634685 1.0000000180025095e-35 52.500000000000007 16.500000000000004 24.500000000000004 23.500000000000004 43.500000000000007 79.500000000000014 0.71564149856567394 22.500000000000004 26.500000000000004 0.49558301270008093 0.98568949103355419 34.500000000000007 29.500000000000004 42.500000000000007 0.39175198972225195 20.500000000000004 0.15401049703359607 25.500000000000004 0.37870600819587713 0.48972500860691076 0.5433734953403474 12.500000000000002 0.32319949567317968 0.59200549125671398 8.5000000000000018 22.500000000000004 56.500000000000007
decision_type=2 2 2 2 2 2 2 2 2 2 2 2 2 2 2 2 2 2 2 2 2 2 2 2 2 2 2 2 2 2
left_child=1 -1 3 5 13 24 7 9 -5 14 -2 12 20 -4 15 26 -16 -8 19 -9 -12 -17 -23 -24 -3 -26 27 -7 -29 -13
right_child=10 2 4 8 -6 6 17 18 -10 -11 11 29 -14 -15 16 21 -18 -19 -20 -21 -22 22 23 -25 25 -27 -28 28 -30 -31
leaf_value=-0.051948096381302038 -0.051551891395483274 0.10416609125249326 0.08336250694821723 -0.046404248470318321 -0.050640910863008606 0.046923052880832657 -0.01743108578344596 -0.0076842173709232506 0.091130761495439708 0.11000421135859573 0.042352215039614782 -0.034399655688395807 0.06747844962574541 -0.0031310429840832755 -0.049915798406675364 -0.027650395526933089 0.042229116674079747 0.10004507967289439 0.048713301017189833 0.12636333078645204 -0.04043602939542483 0.095018065945642299 0.059829094311044766 -0.039102838566605243 -0.0074853051006815875 0.09950489689607285 0.034676476864463193 -0.049839088950048009 0.026224951808723602 -0.051868427780128845
leaf_weight=377.33815830945969 846.6567497625947 543.90720620006323 1.4466173201799386 9.8159821592271292 163.01584403216839 0.48267484828829976 0.16796139627694984 0.12814504280686323 0.61739468574524003 1.1892104446887959 0.9565046988427619 11.828389093279837 6.6885603815317154 1.0628516897559164 2.3354270420968537 0.30477971583604846 0.97153714671730984 39.481889985501766 1.4409565627574918 3.6385618299245834 0.77135104313492775 1.6797888800501826 0.84364229813218095 0.55457876622676849 2.5080980435013762 161.8310136385262 1.0557156205177305 2.3008879758417611 0.5116155520081519 95.990967940539122
leaf_count=505 7539 1778 6 113 1672 6 2 2 2 4 7 133 36 7 33 4 7 135 9 24 12 8 6 8 32 601 7 33 3 1002
internal_value=0.000334796 0.0374243 0.0732583 0.099379 -0.0491172 0.101249 0.0827825 0.0444083 -0.037003 0.0184984 -0.0504508 -0.0423501 0.0549049 0.0460971 0.00729432 0.0201157 -0.0209325 0.0993791 0.102819 0.120429 0.0024681 0.0527684 0.0629241 0.0172614 0.102719 0.0978381 -0.00476341 -0.0195211 -0.0338604 -0.050032
internal_weight=2281.52 1318.63 941.292 775.767 165.525 765.334 57.0874 17.4375 10.4334 12.2299 962.893 116.236 8.41642 2.50947 11.0406 7.73368 3.30696 39.6499 5.20766 3.76671 1.72786 3.38279 3.07801 1.39822 708.246 164.339 4.35089 3.29518 2.8125 107.819
internal_count=13736 5007 4502 2817 1685 2702 291 154 115 119 8729 1190 55 13 115 75 40 137 35 26 19 26 22 14 2411 633 49 42 36 1135
is_linear=0
shrinkage=0.05


Tree=48
num_leaves=31
num_cat=0
split_feature=8 9 0 7 0 10 15 0 10 15 6 13 11 7 11 11 6 11 11 0 15 0 6 11 0 3 0 6 0 15
split_gain=4036.36 380.299 44.0848 23.2358 71.7147 76.7315 68.7888 13.2192 16.4441 49.2579 30.0243 9.20329 7.2821 6.8658 6.82023 6.28647 5.08392 4.17555 8.87563 3.55419 3.41761 3.30944 3.17572 2.99737 1.97638 1.95957 2.28047 1.34447 1.15327 1.56998
threshold=1.0000000180025095e-35 1.0000000180025095e-35 0.081884998828172698 2.5000000000000004 0.47751800715923315 1.0000000180025095e-35 1.0000000180025095e-35 0.60894247889518749 1.0000000180025095e-35 1.0000000180025095e-35 31.500000000000004 1.0000000180025095e-35 2.5000000000000004 11.500000000000002 16.500000000000004 17.500000000000004 43.500000000000007 3.5000000000000004 13.500000000000002 0.57325351238250744 1.0000000180025095e-35 0.42160099744796758 24.500000000000004 2.5000000000000004 0.5860080122947694 0.039585500955581672 0.4375815093517304 34.500000000000007 0.6894265115261079 1.0000000180025095e-35
decision_type=2 2 2 2 2 2 2 2 2 2 2 2 2 2 2 2 2 2 2 2 2 2 2 2 2 2 2 2 2 2
left_child=1 3 -2 -1 5 6 11 8 9 10 14 12 13 -5 22 -14 25 -12 19 -19 -4 -18 -6 24 -24 26 -15 -28 29 -9
right_child=2 -3 20 4 7 -7 -8 28 -10 -11 17 -13 15 16 -16 -17 21 18 -20 -21 -22 -23 23 -25 -26 -27 27 -29 -30 -31
leaf_value=-0.051898731942960109 -0.049821922577122098 0.10577206011964749 0.10549325363263128 0.093648243561804817 0.10187552464081312 -0.051870197986652801 -0.050139576311027625 -0.040321623232538656 -0.051854809956650795 -0.051804283726121461 -0.032829097104445565 -0.048166523943926648 0.094237222566230919 -0.018550109096361012 -0.044530533807808137 -0.041780046489377567 0.13075652758868581 0.095046223785907366 -0.039598120798818755 -0.019543502822180429 -0.010274099126212886 0.010464009659794686 0.0011089861783145658 0.077411303899285661 0.094758178389279343 -0.030756361936565849 0.0046530414340439094 0.11606103254417331 -0.051707845551729692 -0.05182051733457569
leaf_weight=834.9285923987627 4.5088700056076041 42.186613291501999 657.37063589692116 4.3952002078294745 7.4437437653541627 41.786361128091812 16.226649411022663 75.687275175005198 68.493678897619247 51.622749745845795 14.856912054121496 1.4547515884041775 26.619430109858516 1.2760206237435325 1.1397164091467846 0.77220173925161262 1.2352410703897478 2.7730022519826885 3.731658011674881 0.75749247521162022 0.54237588495015998 1.2056631743907926 3.3006530404090868 6.1588249579071999 0.6106356307864188 3.6878061965107918 0.58941076695919015 0.65881167352199554 341.779676258564 63.934386700391769
leaf_count=1528 6 357 5553 36 63 257 167 502 425 534 92 9 219 7 11 7 12 25 36 5 4 9 22 49 6 20 4 7 3102 662
internal_value=0.000348954 -0.0421827 0.104317 -0.04615 -0.0396701 -0.000211528 0.036868 -0.0457991 -0.0332562 -0.0193736 0.0215913 0.0707261 0.0752347 0.043236 0.0681967 0.0900828 0.0162809 -0.0176172 0.0128472 0.0692219 0.105389 0.0760572 0.0760274 0.0556153 0.0189739 -0.00724775 0.0250552 0.0714098 -0.0499729 -0.0456562
internal_weight=2281.74 1619.31 662.422 1577.13 742.198 99.9075 58.1212 642.29 160.889 92.3954 40.7726 41.8945 40.4398 13.0482 18.6536 27.3916 8.65295 22.1191 7.26215 3.53049 657.913 2.4409 17.5139 10.0701 3.91129 6.21205 2.52424 1.24822 481.401 139.622
internal_count=13736 8173 5563 7816 6288 754 497 5534 1268 843 309 330 321 95 151 226 59 158 66 30 5557 21 140 77 28 38 18 11 4266 1164
is_linear=0
shrinkage=0.05


Tree=49
num_leaves=31
num_cat=0
split_feature=11 8 13 7 19 12 0 11 8 7 16 19 16 16 7 11 11 0 11 5 7 11 0 12 7 0 7 12 12 12
split_gain=3569.05 536.429 385.507 72.4018 52.7954 35.742 15.2014 59.0701 31.8249 13.8642 12.6842 11.9793 8.93773 8.12392 6.18978 5.32171 4.19749 4.18449 3.75338 3.07081 2.77538 2.64833 2.32603 1.78514 1.71191 1.58884 1.56237 2.56297 1.97676 1.31755
threshold=9.5000000000000018 1.0000000180025095e-35 1.0000000180025095e-35 4.5000000000000009 1.0000000180025095e-35 22.500000000000004 0.56344699859619152 4.5000000000000009 1.0000000180025095e-35 46.500000000000007 1.0000000180025095e-35 1.0000000180025095e-35 1.0000000180025095e-35 1.0000000180025095e-35 44.500000000000007 23.500000000000004 6.5000000000000009 0.66134047508239757 6.5000000000000009 1.5000000000000002 24.500000000000004 3.5000000000000004 0.83564898371696483 16.500000000000004 58.500000000000007 0.59200549125671398 32.500000000000007 34.500000000000007 31.500000000000004 31.500000000000004
decision_type=2 2 2 2 2 2 2 2 2 2 2 2 2 2 2 2 2 2 2 2 2 2 2 2 2 2 2 2 2 2
left_child=2 3 4 -2 6 11 -1 -8 9 13 -7 23 -5 -9 21 -3 29 20 -11 -17 -15 -12 -19 -4 -20 -22 -23 28 -28 -16
right_child=1 15 5 12 -6 10 7 8 -10 18 14 -13 -14 17 16 19 -18 22 24 -21 25 26 -24 -25 -26 -27 27 -29 -30 -31
leaf_value=-0.051289624937708549 -0.050881928969821244 -0.051850483888479584 -0.050753447133195954 -0.044271676112553587 0.10922243832443719 -0.047219375658069974 -0.049382215209443789 -0.046554051640757828 -0.051191233791767966 -0.052386867562963763 0.018755236181264727 0.1106453981643141 0.10542965396988041 0.054666469918902429 0.042207864114339279 -0.035028194841654044 0.10225033719982593 0.085893379722789487 0.079660796753516644 0.11583971437776364 0.038431698016881163 0.10678485882927402 0.016088606103938197 -0.0021181205704710738 -0.011937924913007875 -0.03219291037258689 0.066855635312008554 0.099809064717960222 -0.01774821148069285 -0.030192210787973395
leaf_weight=1228.6667397916317 7.413644451647996 61.105502769351006 5.4007181823253596 0.90099293738603492 5.1796474158763877 1.4868388772010792 195.17215837538242 1.67253012955189 13.213963359594343 4.2689342498779288 1.1579462885856617 1.6241091042757041 667.20324411615729 5.865167338401081 0.83888441324233998 0.46690978854894527 1.2864826172590254 14.119954772293566 0.84656444936990716 0.66891184449195862 1.2268473505973818 41.762112230062485 1.5565380454063404 3.2231643199920654 0.89040811359882355 1.8565350770950315 1.4486678540706628 3.8957045525312424 1.0528162866830824 1.7232553809881208
leaf_count=7033 19 1012 32 13 28 8 1293 27 220 24 6 9 3540 46 4 7 7 80 5 4 8 223 8 18 5 12 8 21 6 10
internal_value=0.000126363 0.0905425 -0.0432045 0.103486 -0.0484571 0.0759481 -0.0490237 -0.0374193 0.0137619 0.0405617 0.0919979 -0.00922445 0.105214 0.0562413 0.0960665 -0.0497956 0.0319981 0.0635854 -0.0270712 0.0519595 0.0347129 0.10089 0.0794252 -0.0333818 0.0318898 -0.0021969 0.102719 0.0741681 0.0300124 -0.00391407
internal_weight=2277.2 737.759 1539.44 675.518 1474.54 64.9007 1469.36 240.69 45.5174 32.3035 54.6527 10.248 668.104 26.2976 53.1659 62.2413 3.84862 24.625 6.00591 1.13582 8.94855 49.3172 15.6765 8.62388 1.73697 3.08338 48.1593 6.39719 2.50148 2.56214
internal_count=13736 4595 9141 3572 8789 352 8761 1728 435 215 293 59 3553 181 285 1023 21 154 34 11 66 264 88 50 10 20 258 35 14 14
is_linear=0
shrinkage=0.05


Tree=50
num_leaves=1
num_cat=0
split_feature=
split_gain=
threshold=
decision_type=
left_child=
right_child=
leaf_value=0
leaf_weight=
leaf_count=17101
internal_value=
internal_weight=
internal_count=
is_linear=0
shrinkage=1


Tree=51
num_leaves=1
num_cat=0
split_feature=
split_gain=
threshold=
decision_type=
left_child=
right_child=
leaf_value=0
leaf_weight=
leaf_count=17101
internal_value=
internal_weight=
internal_count=
is_linear=0
shrinkage=1


Tree=52
num_leaves=1
num_cat=0
split_feature=
split_gain=
threshold=
decision_type=
left_child=
right_child=
leaf_value=0
leaf_weight=
leaf_count=17101
internal_value=
internal_weight=
internal_count=
is_linear=0
shrinkage=1


Tree=53
num_leaves=1
num_cat=0
split_feature=
split_gain=
threshold=
decision_type=
left_child=
right_child=
leaf_value=0
leaf_weight=
leaf_count=17101
internal_value=
internal_weight=
internal_count=
is_linear=0
shrinkage=1


Tree=54
num_leaves=2
num_cat=0
split_feature=0
split_gain=4387.75
threshold=0.042222999967634685
decision_type=2
left_child=-1
right_child=-2
leaf_value=0.096606068004399845 -0.051394655506344561
leaf_weight=768.50163018703461 1437.1183114498854
leaf_count=513 13223
internal_value=0.000172842
internal_weight=2205.62
internal_count=13736
is_linear=0
shrinkage=0.05


Tree=55
num_leaves=8
num_cat=0
split_feature=12 14 0 0 6 12 12
split_gain=3190.9 1078.16 5.49619 16.4027 4.88975 8.66831 1.60067
threshold=9.5000000000000018 1.0000000180025095e-35 0.12768299877643588 0.14423999935388568 10.500000000000002 11.500000000000002 10.500000000000002
decision_type=2 2 2 2 2 2 2
left_child=1 -1 -3 -4 5 -2 -6
right_child=4 2 3 -5 6 -7 -8
leaf_value=-0.051315156917621577 0.096341946465745079 0.096619086485967703 0.093720835036253891 -0.050600481402934876 -0.032451734302883915 -0.04809222701311381 -0.051397830038017969
leaf_weight=148.62292090803385 1.4815243482589711 736.6178330630064 7.6473575308918935 2.5184610262513161 13.344558879733084 2.9232221283018589 1282.3348407708108
leaf_count=937 1 489 6 31 83 22 12167
internal_value=-0.00100467 0.0716219 0.0960988 0.0573353 -0.0510302 0.000438127 -0.0512091
internal_weight=2195.49 895.407 746.784 10.1658 1300.08 4.40475 1295.68
internal_count=13736 1463 526 37 12273 23 12250
is_linear=0
shrinkage=0.05


Tree=56
num_leaves=31
num_cat=0
split_feature=10 7 11 8 12 15 7 11 0 7 11 12 0 0 12 0 11 7 0 6 12 7 6 0 11 11 12 12 12 12
split_gain=3352.6 202.37 482.412 28.5024 28.062 21.606 14.9107 76.2394 14.0813 9.8554 8.78318 8.18517 5.02973 4.87518 4.40894 4.69844 3.82749 5.4477 1.85935 1.79579 2.76873 1.6807 3.44978 1.40005 1.21881 1.1816 5.43844 8.43327 1.40262 5.87606
threshold=1.0000000180025095e-35 20.500000000000004 5.5000000000000009 1.0000000180025095e-35 5.5000000000000009 1.0000000180025095e-35 14.500000000000002 2.5000000000000004 0.47431950271129614 32.500000000000007 3.5000000000000004 16.500000000000004 0.70352801680564891 0.38483300805091863 18.500000000000004 0.74440249800682079 6.5000000000000009 72.500000000000014 0.42160099744796758 25.500000000000004 9.5000000000000018 26.500000000000004 42.500000000000007 0.4566935002803803 2.5000000000000004 8.5000000000000018 51.500000000000007 52.500000000000007 43.500000000000007 44.500000000000007
decision_type=2 2 2 2 2 2 2 2 2 2 2 2 2 2 2 2 2 2 2 2 2 2 2 2 2 2 2 2 2 2
left_child=1 4 3 5 -1 8 -6 13 18 24 11 -9 -11 -8 -13 -16 17 21 -3 20 -15 -4 -23 -20 -7 26 28 -28 -12 -30
right_child=-2 2 16 -5 6 9 7 10 -10 12 25 14 -14 19 15 -17 -18 -19 23 -21 -22 22 -24 -25 -26 -27 27 -29 29 -31
leaf_value=0.083079188604043341 0.097436678551245479 -0.04916326427608661 -0.049924830968671272 -0.049440048675440579 -0.050482491194864337 0.018435825746403834 -0.0475432578341239 -0.051177181015973607 0.092493035112695923 -0.015285361065433335 -0.047430302847770257 0.080233168665952759 0.09043073464016417 0.084510913490928791 -0.049565112008189888 0.10229875256388832 -0.050676269606179464 0.090635845128488379 0.04744828096979007 0.074976170392262481 -0.046077719742285916 0.054073030296884907 -0.04820132021815652 -0.016991137816814068 -0.050012204015377787 -0.051344352234283464 0.17138906428504119 -0.042632295877421816 0.070383812475619936 -0.049490941839452435
leaf_weight=3.9689693301916114 634.25929087400436 1.2218083515763272 4.3911369256675226 4.1726145185530177 1066.3902767039835 0.5968010649085026 0.81341173499822872 4.1496312245726568 99.553073346614838 1.4772652089595792 38.965029507875443 3.0389251969754696 3.5731841549277306 0.63230621814728027 1.812762472778559 0.5878312587738036 200.12948840111494 0.94927766919136036 1.9302547276020052 15.28193463385105 0.77993404865264893 1.4025605097413065 1.7214384004473684 1.2261688709259031 4.1679123416543007 109.95040982961655 0.66661340743303199 1.018725514411926 1.2765110544860352 3.725280225276947
leaf_count=16 1972 14 55 70 6786 3 9 65 330 11 609 15 15 2 23 2 2215 3 11 64 8 10 19 9 42 1276 4 15 12 51
internal_value=0.000342182 -0.0386456 -0.00356783 0.07721 -0.0477809 0.0819392 -0.0482073 -0.0348795 0.0886371 0.0103335 -0.0454176 0.00050776 0.0588414 0.0639608 0.0410512 -0.00777496 -0.049271 -0.0152567 0 0.0699422 0.0108068 -0.0303037 -0.000480067 0.0211272 -0.0402082 -0.0482784 -0.0406889 0.0440786 -0.0441443 -0.0171376
internal_weight=2213.83 1579.57 326.513 117.919 1253.06 113.746 1249.09 182.699 103.931 9.81516 165.192 9.58915 5.05045 17.5076 5.43952 2.40059 208.594 8.46441 4.37823 16.6942 1.41224 7.51514 3.124 3.15642 4.76471 155.603 45.6522 1.68534 43.9668 5.00179
internal_count=13736 11764 2807 505 8957 435 8941 2155 364 71 2072 105 26 83 40 25 2302 87 34 74 10 84 29 20 45 1967 691 19 672 63
is_linear=0
shrinkage=0.05


Tree=57
num_leaves=31
num_cat=0
split_feature=8 9 0 5 0 15 11 12 0 0 11 12 0 15 12 11 0 3 12 12 12 12 12 12 0 12 12 12 12 0
split_gain=3521.08 339.535 36.7869 23.0485 68.2286 28.3387 68.2815 8.84757 7.19788 7.18607 6.02371 8.62958 4.89667 4.6716 14.6978 6.93713 4.29233 2.93249 2.93048 4.28908 2.57082 2.51625 2.18189 2.12425 2.21371 1.9552 4.71116 2.25353 1.90307 1.82658
threshold=1.0000000180025095e-35 1.0000000180025095e-35 0.081884998828172698 1.0000000180025095e-35 0.5433734953403474 1.0000000180025095e-35 2.5000000000000004 7.5000000000000009 0.28539800643920904 0.24674350023269656 16.500000000000004 26.500000000000004 0.64821052551269542 1.0000000180025095e-35 21.500000000000004 13.500000000000002 0.64135900139808666 0.039017001166939742 15.500000000000002 14.500000000000002 11.500000000000002 13.500000000000002 21.500000000000004 11.500000000000002 0.47751800715923315 29.500000000000004 42.500000000000007 52.500000000000007 13.500000000000002 0.72120651602745067
decision_type=2 2 2 2 2 2 2 2 2 2 2 2 2 2 2 2 2 2 2 2 2 2 2 2 2 2 2 2 2 2
left_child=1 3 -2 -1 5 6 7 -5 -8 -9 11 17 13 14 20 16 25 22 19 28 -6 23 -10 -11 -25 -16 -27 -28 -19 -4
right_child=2 -3 29 4 12 -7 8 9 10 21 -12 -13 -14 -15 15 -17 -18 18 -20 -21 -22 -23 -24 24 -26 26 27 -29 -30 -31
leaf_value=-0.051313742435677913 -0.049135046968648829 0.0969139039392998 0.096592076559383747 -0.047049048756648768 -0.049711847811505339 -0.050595555377251945 0.088080627182267307 0.088863084419005381 0.11320349621269746 -0.023499734081210928 -0.047754182179298561 0.061590530381953612 -0.050399594146157384 -0.051236069643864818 -0.0060069014326574405 -0.043184620146018683 0.137891767507866 0.045999758491975018 -0.0014918186005247534 0.086391684811155861 -0.028397421260880892 -0.033954634317304937 0.021117881050020715 0.023573748625828703 -0.019780629214832077 0.060438217194297143 -0.033241543422154435 0.055619541222797497 -0.044961564035958065 0
leaf_weight=787.8658110871911 4.261281967163085 43.004019394516945 669.82938466966152 38.671755351126194 50.090033665299416 34.996311634778976 7.7433378994464865 1.5467711016535748 1.1977854147553473 10.326273746788504 1.9488366097211827 21.868913426995277 392.44912384450436 54.934458568692207 6.3729354217648515 5.6762873679399481 0.65574727207422334 0.8481759652495412 14.566046111285685 2.5261363461613655 22.34298137947917 14.322954900562761 1.7303865775465963 7.6637693271040899 4.5521988272666931 5.1279637068510038 2.9386030659079556 0.80922153592109669 1.3084522038698196 0.54726681113243003
leaf_count=1528 6 357 5553 256 327 381 63 13 11 70 19 171 3725 602 45 58 7 7 97 21 150 93 13 54 31 41 18 7 8 4
internal_value=0.000353341 -0.0414166 0.0955828 -0.0454051 -0.0388092 -0.0107002 0 -0.0301434 0.043221 -0.0129156 0.0353856 0.0392773 -0.0474056 -0.039455 -0.0324708 0.00352449 0.020673 0.0168719 0.00931773 0.0433151 -0.0432543 -0.0175501 0.0629316 -0.00680219 0.00698262 0.0144409 0.0295831 -0.0118086 -0.00651873 0.0965174
internal_weight=2212.72 1538.09 674.638 1495.08 707.215 165.818 130.822 77.0837 53.7381 38.412 45.9947 44.0459 541.397 148.948 94.0138 21.5808 15.9045 22.177 19.2488 4.68276 72.433 36.8652 2.92817 22.5422 12.216 15.2487 8.87579 3.74782 2.15663 670.377
internal_count=13736 8173 5563 7816 6288 1308 927 517 410 261 347 328 4980 1255 653 176 118 157 133 36 477 248 24 155 85 111 66 25 15 5557
is_linear=0
shrinkage=0.05


Tree=58
num_leaves=25
num_cat=0
split_feature=15 12 0 8 13 12 19 12 12 0 12 11 11 0 0 11 6 12 6 6 6 6 6 6
split_gain=3869.6 290.906 54.9083 28.0282 21.6014 28.5977 12.357 5.63572 4.00706 19.4265 3.29103 8.42643 2.39886 1.38251 1.17738 1.05266 0.553982 0.419767 0.294607 0.237129 1.84398 2.36545 0.0640008 0.381192
threshold=1.0000000180025095e-35 98.500000000000014 0.1730034947395325 1.0000000180025095e-35 1.0000000180025095e-35 52.500000000000007 1.0000000180025095e-35 15.500000000000002 65.500000000000014 0.5860080122947694 42.500000000000007 7.5000000000000009 15.500000000000002 0.64821052551269542 0.53383100032806408 25.500000000000004 27.500000000000004 17.500000000000004 31.500000000000004 49.500000000000007 52.500000000000007 51.500000000000007 54.500000000000007 56.500000000000007
decision_type=2 2 2 2 2 2 2 2 2 2 2 2 2 2 2 2 2 2 2 2 2 2 2 2
left_child=1 4 -2 12 6 10 8 -4 19 14 18 -12 -3 -11 22 -5 -16 -9 -6 -1 21 -21 -10 -24
right_child=2 3 7 15 5 -7 -8 17 9 13 11 -13 -14 -15 16 -17 -18 -19 -20 20 -22 -23 23 -25
leaf_value=-0.051290468857496087 -0.049853950958263914 -0.029773365866552395 0.00050976967613486173 -0.048870639445459843 -0.011704719164242965 0.10082093895869573 0.11304536614309278 0.057964153800339147 -0.050029468639709113 0.018950610005871844 0.14499781529340453 -0.047197398673748697 0.097896983139509522 0.092657664074581592 -0.035161537553565589 0.033368421103754702 0.028530958723219747 0.096781289343302809 -0.051117760114462153 -0.04773903235471947 -0.051374007452587404 -0.019606808324299202 0.00077961456271547023 -0.043179249801889953
leaf_weight=1251.5440068766475 6.3660587668418875 0.26955803483724494 1.6319765970110882 3.6887578703463073 0.92822176218033092 5.3228620588779441 1.0457972735166539 1.863940656185149 25.451720677316199 1.1573266871273511 0.74779555201530379 1.6090231835842133 37.765962406992912 2.6108879595994949 0.49121024087071308 0.28965678811073292 0.70345117524266243 711.14796708524227 9.4555527418851835 20.742097351700068 108.70175023004413 13.178169053047894 0.51727934554219135 0.97753984481096268
leaf_count=8075 9 3 9 64 5 28 6 10 415 12 5 9 198 15 8 3 8 3680 58 162 826 105 7 16
internal_value=0.000122333 -0.045961 0.0951767 0.0835544 -0.0497352 0.0043225 -0.0504232 0.0964824 -0.0505545 -0.0324042 -0.0360752 0.0151688 0.0967854 0.0723878 -0.0468199 -0.0409857 0 0.096695 -0.0482167 -0.050964 -0.0480298 -0.0370463 -0.0489669 -0.0257372
internal_weight=2208.21 1487.2 721.01 42.0139 1445.18 18.0635 1427.12 714.644 1426.08 31.9094 12.7406 2.35682 38.0355 3.76821 28.1412 3.97841 1.19466 713.012 10.3838 1394.17 142.622 33.9203 26.9465 1.49482
internal_count=13736 10028 3708 268 9760 105 9655 3699 9649 481 77 14 201 27 454 67 16 3690 63 9168 1093 267 438 23
is_linear=0
shrinkage=0.05


Tree=59
num_leaves=1
num_cat=0
split_feature=
split_gain=
threshold=
decision_type=
left_child=
right_child=
leaf_value=0
leaf_weight=
leaf_count=17101
internal_value=
internal_weight=
internal_count=
is_linear=0
shrinkage=1


Tree=60
num_leaves=1
num_cat=0
split_feature=
split_gain=
threshold=
decision_type=
left_child=
right_child=
leaf_value=0
leaf_weight=
leaf_count=17101
internal_value=
internal_weight=
internal_count=
is_linear=0
shrinkage=1


Tree=61
num_leaves=1
num_cat=0
split_feature=
split_gain=
threshold=
decision_type=
left_child=
right_child=
leaf_value=0
leaf_weight=
leaf_count=17101
internal_value=
internal_weight=
internal_count=
is_linear=0
shrinkage=1


Tree=62
num_leaves=1
num_cat=0
split_feature=
split_gain=
threshold=
decision_type=
left_child=
right_child=
leaf_value=0
leaf_weight=
leaf_count=17101
internal_value=
internal_weight=
internal_count=
is_linear=0
shrinkage=1


Tree=63
num_leaves=2
num_cat=0
split_feature=0
split_gain=3876.41
threshold=0.042222999967634685
decision_type=2
left_child=-1
right_child=-2
leaf_value=0.089445524177019148 -0.050857182440590377
leaf_weight=773.42600381374359 1354.0576269775629
leaf_count=513 13223
internal_value=0.00014796
internal_weight=2127.48
internal_count=13736
is_linear=0
shrinkage=0.05


Tree=64
num_leaves=8
num_cat=0
split_feature=12 5 3 6 12 12 6
split_gain=2850.37 862.766 81.9842 4.6518 7.61943 1.64032 15.2672
threshold=9.5000000000000018 1.0000000180025095e-35 0.051914999261498458 10.500000000000002 11.500000000000002 10.500000000000002 15.500000000000002
decision_type=2 2 2 2 2 2 2
left_child=1 2 -1 4 -2 6 -5
right_child=3 -3 -4 5 -6 -7 -8
leaf_value=0.089499704436998867 0.088570328863255623 -0.050853615874277704 -0.049883633982829086 0.12090382950536722 -0.04739282102396683 -0.050859536614104334 -0.050599945520543282
leaf_weight=748.80697011947632 1.5095356702804554 132.10075309127569 10.594864249229429 1.3518478870391835 2.7597284838557243 1208.188500367105 11.496337130665777
leaf_count=492 1 955 16 1 22 12167 82
internal_value=-0.000988063 0.067026 0.0875422 -0.050479 0.000463809 -0.0506612 -0.0313743
internal_weight=2116.81 891.503 759.402 1225.31 4.26926 1221.04 12.8482
internal_count=13736 1463 508 12273 23 12250 83
is_linear=0
shrinkage=0.05


Tree=65
num_leaves=31
num_cat=0
split_feature=11 14 5 15 1 12 6 11 16 5 12 11 6 11 6 6 12 5 12 6 6 12 11 6 12 12 12 12 12 11
split_gain=1829.42 438.487 622.736 643.618 55.9249 51.2548 17.0173 11.4392 3.80032 3.59427 4.15848 4.63573 3.9452 3.94048 2.95779 4.26403 5.86754 6.13783 7.62276 2.79363 1.89274 1.71655 2.68556 1.63648 1.39819 5.57315 2.23129 2.2867 1.16213 1.04987
threshold=1.5000000000000002 1.0000000180025095e-35 1.0000000180025095e-35 1.0000000180025095e-35 0.089999999850988402 52.500000000000007 23.500000000000004 2.5000000000000004 1.0000000180025095e-35 1.5000000000000002 23.500000000000004 7.5000000000000009 24.500000000000004 3.5000000000000004 46.500000000000007 48.500000000000007 39.500000000000007 1.5000000000000002 38.500000000000007 34.500000000000007 31.500000000000004 25.500000000000004 5.5000000000000009 33.500000000000007 21.500000000000004 43.500000000000007 31.500000000000004 26.500000000000004 35.500000000000007 6.5000000000000009
decision_type=2 2 2 2 2 2 2 2 2 2 2 2 2 2 2 2 2 2 2 2 2 2 2 2 2 2 2 2 2 2
left_child=4 2 -2 5 -1 6 21 -5 -7 10 19 13 -11 -12 -3 16 17 18 -16 -8 24 -4 -23 28 -14 26 27 -26 -15 -9
right_child=1 14 3 7 -6 8 9 29 -10 12 11 -13 20 23 15 -17 -18 -19 -20 -21 -22 22 -24 -25 25 -27 -28 -29 -30 -31
leaf_value=0.088907038116283046 -0.050822788523281849 -0.050252515312281011 -0.021662809160097891 0.067344049579561013 -0.049493635222919968 0.066885641473336768 0.10772247412457953 -0.033646186699719541 -0.04490798194316413 -0.0045417526371552179 0.065278463996656905 0.11247898093970508 0.077985960936260576 0.072861458251937503 -0.047897383159266421 -0.044364093263165066 -0.049124101799371031 0.094115528484139885 0.11003282540446405 0.067895051189349728 0.087249539708567858 0.057724738346011266 -0.042298771743311127 -0.02577517450026915 -0.042045321318766364 0.1114219862227287 -0.045771887312713151 0.056179559423307351 -0.026066509679771713 -0.050821638876175371
leaf_weight=468.79206640273333 328.19493074715137 772.89721677452326 3.5568475350737563 2.0090416297316542 7.3083180189132682 0.70879085361957272 6.5328185372054604 12.360158011317251 8.864077053964138 1.1057140976190556 2.6954229623079282 1.5531954020261762 25.697888039052486 0.77326529473066308 3.2616381347179395 74.262583784759045 5.2685176059603691 1.9123812615871427 0.88183301687240589 25.135440543293953 237.65520077943802 2.2022624351084237 0.80655641481280316 3.6160494759678841 0.62989192083477918 2.1512259617447853 1.0706302709877489 2.4846456311643124 0.29508870467543602 133.6969109326601
leaf_count=1459 495 7743 49 9 11 3 37 123 112 12 13 10 102 7 37 867 73 6 3 121 769 16 11 45 8 9 15 14 5 1552
internal_value=0.000355774 -0.0243929 0.00214091 0.0387027 0.0867621 0.0778089 0.0812463 -0.0477638 -0.0355078 0.0829256 0.0679055 0.0360873 0.0851333 0.0180523 -0.0492397 -0.0399867 -0.0107058 0.0221605 -0.0113067 0.0765816 0.085521 0.000800173 0.0288056 -0.00887321 0.0723104 0.0476618 0.0118861 0.0340689 0.0413649 -0.0494264
internal_weight=2138.38 1662.28 803.796 475.601 476.1 327.535 317.962 148.066 9.57287 311.396 40.6013 8.93302 270.795 7.37983 858.484 85.587 11.3244 6.05585 4.14347 31.6683 269.689 6.56567 3.00882 4.6844 32.0343 6.33639 4.18517 3.11454 1.06835 146.057
internal_count=13736 12266 3537 3042 1470 1358 1243 1684 115 1167 238 80 929 70 8729 986 119 46 40 158 917 76 27 57 148 46 37 22 12 1675
is_linear=0
shrinkage=0.05


Tree=66
num_leaves=31
num_cat=0
split_feature=8 9 0 5 0 15 11 7 13 12 7 0 6 15 12 12 0 6 6 0 11 7 12 12 7 12 11 12 6 0
split_gain=3094.12 304.387 31.1577 22.8684 65.0546 26.3293 59.9081 23.1112 9.8089 8.42762 13.425 4.92551 4.84232 8.36881 35.9702 5.61443 3.98803 3.31066 3.30896 3.00494 2.68005 2.34262 1.84545 1.83371 1.73267 1.72256 7.35165 2.05737 1.88247 1.52648
threshold=1.0000000180025095e-35 1.0000000180025095e-35 0.081884998828172698 1.0000000180025095e-35 0.5433734953403474 1.0000000180025095e-35 2.5000000000000004 22.500000000000004 1.0000000180025095e-35 7.5000000000000009 11.500000000000002 0.64821052551269542 31.500000000000004 1.0000000180025095e-35 11.500000000000002 42.500000000000007 0.40170249342918402 27.500000000000004 46.500000000000007 0.63755548000335704 17.500000000000004 16.500000000000004 21.500000000000004 6.5000000000000009 40.500000000000007 52.500000000000007 7.5000000000000009 50.500000000000007 47.500000000000007 0.3816905021667481
decision_type=2 2 2 2 2 2 2 2 2 2 2 2 2 2 2 2 2 2 2 2 2 2 2 2 2 2 2 2 2 2
left_child=1 3 -2 -1 5 6 9 8 20 -5 -11 12 13 14 23 21 -9 -12 -18 -17 25 -16 -23 -6 -4 26 -8 28 -28 -19
right_child=2 -3 24 4 11 -7 7 16 -10 10 17 -13 -14 -15 15 19 18 29 -20 -21 -22 22 -24 -25 -26 -27 27 -29 -30 -31
leaf_value=-0.050767760149378872 -0.048476241181059226 0.089704573491638628 0.089435074218147934 -0.046283079899250248 0.022482981697327407 -0.050004548447732791 0.070039304791659082 0.061389993706715357 -0.048170983312013339 0.063445282294137054 0.036352823198613819 -0.049798593338760813 -0.047662877285948063 -0.050502636265839812 0.098142845298454434 -0.019321492422471595 0.02951800722904906 -0.0010803252248390526 -0.036410093549451364 0.094930132837997713 -0.036446073070080048 0.012761830842643783 0.071920722604511031 -0.049914431358369642 0 0.096023697428200716 0.060107309031813189 -0.058201549055513419 -0.016535134756484313 -0.033001911429469517
leaf_weight=741.83714985102415 4.0194290876388541 43.31279468536377 674.21151923388243 36.58242405205965 0.75303668528795498 33.005659766495228 28.794692106544971 1.390572004020213 1.9061431139707554 4.9376829713582984 1.97084181010723 370.12611242756248 72.862375590950251 27.066262021660805 4.3594847321510297 3.399586975574493 2.1617801487445822 4.7639048993587521 10.387641474604605 0.5886448174715041 0.52313675731420417 2.7420616745948792 3.0941479355096817 27.032205365598202 0.54971806704997916 5.077382154762744 1.4004659056663511 1.0801346749067304 1.4979782029986379 25.94148687645793
leaf_count=1528 6 357 5553 256 6 381 224 11 13 37 14 3725 632 315 37 27 17 34 74 6 5 20 25 187 4 43 11 4 8 176
internal_value=0.000351195 -0.040685 0.0885321 -0.044685 -0.0379706 -0.0102458 0 0.0399128 0.0591048 -0.0291744 -0.0123237 -0.0466977 -0.0385447 -0.0287936 -0.0145877 0.0498055 -0.0152127 -0.0240843 -0.0245144 0 0.0646748 0.0693165 0.0456512 -0.0476994 0.0893627 0.0662965 0.0612609 -0.00120618 0.0195989 -0.0282312
internal_weight=2137.38 1458.6 678.781 1415.28 673.446 161.422 128.416 54.2199 40.2799 74.1963 37.6139 512.024 141.898 69.0354 41.9692 14.1839 13.94 32.6762 12.5494 3.98823 38.3738 10.1957 5.83621 27.7852 674.761 37.8507 32.7733 3.97858 2.89844 30.7054
internal_count=13736 8173 5563 7816 6288 1308 927 410 308 517 261 4980 1255 623 308 115 102 224 91 33 295 82 45 193 5557 290 247 23 19 210
is_linear=0
shrinkage=0.05


Tree=67
num_leaves=31
num_cat=0
split_feature=12 8 13 7 10 19 0 12 10 16 12 19 12 10 16 12 7 0 12 7 7 12 0 0 0 0 3 7 4 0
split_gain=2760.77 365.751 295.616 101.644 42.5261 32.7348 12.6864 44.0034 12.1717 10.2666 9.3184 6.26768 3.75855 3.74617 3.66922 3.55358 2.89777 2.313 4.25455 2.07054 1.82596 3.02133 1.19037 1.10483 1.0901 2.30005 1.02748 3.13768 1.051 1.01671
threshold=52.500000000000007 1.0000000180025095e-35 1.0000000180025095e-35 4.5000000000000009 1.0000000180025095e-35 1.0000000180025095e-35 0.64821052551269542 31.500000000000004 1.0000000180025095e-35 1.0000000180025095e-35 22.500000000000004 1.0000000180025095e-35 23.500000000000004 1.0000000180025095e-35 1.0000000180025095e-35 124.50000000000001 46.500000000000007 0.4469559937715531 23.500000000000004 15.500000000000002 34.500000000000007 34.500000000000007 0.66134047508239757 0.20250499993562701 0.71205550432205211 0.58306050300598156 0.041351500898599632 30.500000000000004 0.98538449406623851 0.79967200756073009
decision_type=2 2 2 2 2 2 2 2 2 2 2 2 2 2 2 2 2 2 2 2 2 2 2 2 2 2 2 2 2 2
left_child=2 3 5 -2 10 6 17 12 14 -5 11 24 -8 -14 -9 -3 22 -1 -19 -20 -12 29 -16 -11 25 -4 28 -28 -21 -22
right_child=1 15 4 9 -6 -7 7 8 -10 23 20 -13 13 -15 16 -17 -18 18 19 26 21 -23 -24 -25 -26 -27 27 -29 -30 -31
leaf_value=-0.050564949333215647 -0.050291207563459041 -0.050163973241315156 -0.030080042411275116 -0.046398720693090784 -0.050194760861071608 0.093378037084292098 -0.048575611480430408 -0.041123913549103511 -0.048535884723347279 0.00064100422494674496 0.09000246703614409 0.096536456521693653 0.0085399367493144297 -0.04901343768315105 0.010597429040811273 0.04633677786631369 0 -0.049788293174396599 -0.041649812214334281 -0.012246471148027899 0.039192355543801072 0.092899388574810352 0.067254778761446726 0.088961468424734153 -0.047568199746266318 0.06123831946104738 -0.017000753070045272 0.10805572722552037 -0.034692293136583938 -0.017263903685654967
leaf_weight=976.70037804171443 13.312614869326351 53.474358670413494 1.6917283684015267 1.2992346584796894 7.0875489860773078 4.0041674524545661 102.73017358779907 0.92077370360494271 3.7008224576711646 0.4698367565870275 43.212420269846916 1.6953716725111005 6.11211274191737 4.9467783570289612 1.2682502232491994 0.84349958598613639 2.0390332713723174 123.97836397215724 37.900907970964909 9.0758673697710091 2.1040645986795421 2.8533391654491425 13.48911055549979 692.41456380113959 1.4754657596349714 1.0087275952100752 3.542227290570735 0.48166216164827336 16.346503745764494 1.0324448347091673
leaf_count=5660 30 991 10 17 46 21 721 17 25 5 223 9 44 34 12 8 10 1101 667 110 11 15 74 3593 8 6 43 3 216 6
internal_value=0.000117467 0.0764118 -0.0423249 0.0860138 0.0641013 -0.047394 -0.0478375 -0.0331755 0.03232 0.0886418 0.0789653 0.0179824 -0.0455649 -0.0169648 0.0496677 -0.0484911 0.0551548 -0.0495274 -0.0441811 -0.0337262 0.0860898 0.0560269 0.0628263 0.0889089 -0.0142521 0.00321424 -0.0232519 0 -0.0269544 0.0191046
internal_weight=2131.21 761.814 1369.4 707.496 62.1611 1307.24 1303.23 135.207 21.418 694.184 55.0736 5.87129 113.789 11.0589 17.7172 54.3179 16.7964 1168.03 191.326 67.3472 49.2023 5.98985 14.7574 692.884 4.17592 2.70046 29.4463 4.02389 25.4224 3.13651
internal_count=13736 4644 9092 3645 334 8758 8737 937 138 3615 288 33 799 78 113 999 96 7800 2140 1039 255 32 86 3598 24 16 372 46 326 17
is_linear=0
shrinkage=0.05


Tree=68
num_leaves=1
num_cat=0
split_feature=
split_gain=
threshold=
decision_type=
left_child=
right_child=
leaf_value=0
leaf_weight=
leaf_count=17101
internal_value=
internal_weight=
internal_count=
is_linear=0
shrinkage=1


Tree=69
num_leaves=1
num_cat=0
split_feature=
split_gain=
threshold=
decision_type=
left_child=
right_child=
leaf_value=0
leaf_weight=
leaf_count=17101
internal_value=
internal_weight=
internal_count=
is_linear=0
shrinkage=1


Tree=70
num_leaves=1
num_cat=0
split_feature=
split_gain=
threshold=
decision_type=
left_child=
right_child=
leaf_value=0
leaf_weight=
leaf_count=17101
internal_value=
internal_weight=
internal_count=
is_linear=0
shrinkage=1


Tree=71
num_leaves=1
num_cat=0
split_feature=
split_gain=
threshold=
decision_type=
left_child=
right_child=
leaf_value=0
leaf_weight=
leaf_count=17101
internal_value=
internal_weight=
internal_count=
is_linear=0
shrinkage=1


Tree=72
num_leaves=2
num_cat=0
split_feature=3
split_gain=3443.58
threshold=0.051914999261498458
decision_type=2
left_child=-1
right_child=-2
leaf_value=-0.050358291300998996 0.083558449336533003
leaf_weight=1273.5082330554724 770.33089137077332
leaf_count=13223 513
internal_value=0.00011462
internal_weight=2043.84
internal_count=13736
is_linear=0
shrinkage=0.05


Tree=73
num_leaves=10
num_cat=0
split_feature=12 14 6 12 0 0 0 12 6
split_gain=2556.02 797.404 4.41306 6.73324 3.67815 5.62544 6.10235 1.62433 13.494
threshold=9.5000000000000018 1.0000000180025095e-35 10.500000000000002 11.500000000000002 0.12768299877643588 0.13723200559616092 0.14423999935388568 10.500000000000002 15.500000000000002
decision_type=2 2 2 2 2 2 2 2 2
left_child=1 -1 3 -2 -3 -6 -7 8 -4
right_child=2 4 7 -5 5 6 -8 -9 -10
leaf_value=-0.050267849902207798 0.082138414523204875 0.083562641772523608 0.10836687333790918 -0.046715994286937838 0.079782033747809969 0.077153394075082746 -0.048727006106263085 -0.050360701530503316 -0.050018037706293622
leaf_weight=131.60407520458102 1.5213521718978871 738.48901272565126 1.4221574068069447 2.6012785732746124 6.1674267798662168 1.5196819305419924 2.2669843137264252 1136.3664903342724 10.84537975117564
leaf_count=937 1 489 1 22 5 1 31 12167 82
internal_value=-0.000981924 0.0631799 -0.0499705 0.000469466 0.083139 0.0506914 0.00119071 -0.0501559 -0.0305247
internal_weight=2032.8 880.047 1152.76 4.12263 748.443 9.95409 3.78667 1148.63 12.2675
internal_count=13736 1463 12273 23 526 37 32 12250 83
is_linear=0
shrinkage=0.05


Tree=74
num_leaves=31
num_cat=0
split_feature=10 7 11 14 11 7 0 19 7 11 0 6 11 14 11 7 7 11 6 13 7 6 0 6 6 3 0 0 0 0
split_gain=2610.84 178.002 399.833 30.9426 15.0892 20.3452 10.1999 9.20839 7.56439 54.9781 6.38044 5.65042 4.64927 4.3962 4.11937 11.1218 3.33984 3.37559 2.98738 2.6876 2.55723 2.22473 2.04942 1.71502 1.71023 1.5478 1.4936 1.3347 1.26292 1.01783
threshold=1.0000000180025095e-35 19.500000000000004 5.5000000000000009 1.0000000180025095e-35 1.5000000000000002 11.500000000000002 0.47431950271129614 1.0000000180025095e-35 11.500000000000002 2.5000000000000004 0.74117451906204235 26.500000000000004 3.5000000000000004 1.0000000180025095e-35 4.5000000000000009 32.500000000000007 72.500000000000014 7.5000000000000009 38.500000000000007 1.0000000180025095e-35 15.500000000000002 43.500000000000007 0.39504700899124151 34.500000000000007 26.500000000000004 0.040913499891757972 0.42160099744796758 0.60137099027633678 0.44015999138355261 0.74440249800682079
decision_type=2 2 2 2 2 2 2 2 2 2 2 2 2 2 2 2 2 2 2 2 2 2 2 2 2 2 2 2 2 2
left_child=1 4 3 6 5 -1 19 14 -6 11 -5 25 13 23 -8 -16 -4 -18 20 26 -13 28 -7 24 29 -10 -3 -17 -20 -11
right_child=-2 2 16 10 8 22 7 -9 9 12 -12 18 -14 -15 15 27 17 -19 21 -21 -22 -23 -24 -25 -26 -27 -28 -29 -30 -31
leaf_value=-0.050405058505871549 0.084467349710744238 -0.051167364588174363 -0.048984860046504104 -0.043867700970615868 -0.049901794977492191 -0.036383851843350766 0.078422921812283941 -0.051331515659071993 -0.051730828206083948 -0.045814741468469963 0.083430706766549179 0.11397212906778134 -0.048176895071386783 -0.048719338205635412 -0.052695870489656661 -0.018182386618606421 0.078018107361974343 -0.042327446465234918 0.068234482322520634 0.091107081194605935 0.056125944411212159 -0.048471537007124817 0.076701392287983935 -0.046654381557765329 0.037279178919969284 0.040192151923737235 0.0073203828337938572 0.088713604513368377 -0.0025362893882522435 0.029566407343411101
leaf_weight=7.5826982185244542 637.14266893267632 1.5610905736684788 203.05005814135075 7.4157481901347619 857.86479103192687 0.30975595861673344 105.14638162404299 1.3264136388897885 1.4567444324493397 1.1745949052274207 1.0165103897452352 3.3397282361984235 190.0341870598495 5.6509098149836063 2.2227124758064738 0.19914068281650532 0.97267189621925298 1.1394863799214361 1.5397886633872984 0.61667072772979725 6.9189083427190781 0.78412713855504979 6.0493396520614624 1.000012122094631 4.3314861208200455 0.50463281571865071 2.8090404495596886 4.0513490438461304 0.80090525001287449 0.5251324102282523
leaf_count=18 1972 18 2536 119 5451 3 353 11 17 16 4 12 2895 111 24 2 3 14 8 2 29 9 22 13 29 5 17 15 5 3
internal_value=0.000368147 -0.0373292 -0.00522892 0.0646898 -0.0470879 0.00423789 0.0713153 0.0744029 -0.0477579 -0.0392819 -0.0271379 0.0515704 -0.0462058 -0.0161328 0.0759864 0.0350582 -0.0483287 0.0118543 0.0632424 0.000313643 0.0763591 0.0175979 0.0699408 0.00967147 0.0204348 -0.0248524 -0.0131312 0.0822533 0.0428588 -0.0193987
internal_weight=2058.54 1421.4 331.527 126.365 1089.87 13.9418 117.933 112.946 1075.93 218.061 8.43226 15.3448 202.716 12.6821 111.62 6.4732 205.162 2.11216 13.3835 4.9868 10.2586 3.12482 6.3591 7.03123 6.03121 1.96138 4.37013 4.25049 2.34069 1.69973
internal_count=13736 11764 3118 565 8646 43 442 405 8603 3152 123 85 3067 172 394 41 2553 17 63 37 41 22 25 61 48 22 35 17 13 19
is_linear=0
shrinkage=0.05


Tree=75
num_leaves=31
num_cat=0
split_feature=8 9 0 5 0 15 11 7 12 7 0 6 15 12 12 0 11 6 6 0 15 6 12 11 12 11 7 3 12 12
split_gain=2734.04 273.988 26.7032 22.7519 62.6417 24.8653 53.305 19.9783 8.1419 11.9041 4.90739 4.68857 8.10382 32.7378 4.7538 3.65434 3.65316 3.52688 2.97422 2.66301 2.60962 2.3225 2.35489 4.67966 2.52204 4.27101 1.98504 1.97698 1.80815 1.71601
threshold=1.0000000180025095e-35 1.0000000180025095e-35 0.081884998828172698 1.0000000180025095e-35 0.5433734953403474 1.0000000180025095e-35 2.5000000000000004 22.500000000000004 7.5000000000000009 11.500000000000002 0.64821052551269542 31.500000000000004 1.0000000180025095e-35 11.500000000000002 42.500000000000007 0.42160099744796758 17.500000000000004 46.500000000000007 27.500000000000004 0.63755548000335704 1.0000000180025095e-35 21.500000000000004 52.500000000000007 7.5000000000000009 23.500000000000004 3.5000000000000004 16.500000000000004 0.040595499798655517 6.5000000000000009 49.500000000000007
decision_type=2 2 2 2 2 2 2 2 2 2 2 2 2 2 2 2 2 2 2 2 2 2 2 2 2 2 2 2 2 2
left_child=1 3 -2 -1 5 6 8 16 -5 -10 11 12 13 28 26 -9 21 -17 27 -16 -4 -8 23 24 25 -23 -15 -11 -6 -25
right_child=2 -3 20 4 10 -7 7 15 9 18 -12 -13 -14 14 19 17 -18 -19 -20 -21 -22 22 -24 29 -26 -27 -28 -29 -30 -31
leaf_value=-0.050259704850111879 -0.047842308316621368 0.083827891551911143 0.083588259034917067 -0.045507143463211046 0.022655937967500452 -0.049483117249866614 0.088323341795603277 0.041555972759502985 0.059232866706300069 0.077937099387049916 -0.049231829322940207 -0.046956709762349176 -0.050004558123966564 0.090798094456289807 -0.018299681459572992 0.028737555376227037 -0.040920236603377895 -0.039949988937273605 -0.026999613915400556 0.088054575228646931 -0.014503871136816305 0.050809848196396938 0.085714984362293273 0.021193152313151616 0.068852691466721933 -0.021270179388672254 0.042580773672247586 -0.015094389125085437 -0.04934616821846495 -0.044889150902293208
leaf_weight=697.13946849107742 3.7841057777404776 43.172556206583977 671.65068112313747 34.549924708902836 0.75133641809225338 31.170376174151897 5.8165114372968665 2.2679375186562529 5.0027881935238829 1.0724074840545679 348.64353904500604 68.844120435416698 25.520636968314648 4.4315485134720785 3.3311835378408428 2.1761369183659545 0.83870130777358909 9.1782058700919134 29.629158709198236 0.61044365167617787 0.56436371058225532 9.3471324816346222 4.7927581518888465 2.3071717619895931 13.488569900393484 2.4550378471612921 5.9147232323884964 0.91846552491188038 25.448490992188454 1.5294287577271459
leaf_count=1528 6 357 5553 256 6 381 48 18 37 9 3725 632 315 37 27 17 9 67 210 6 4 70 40 15 105 14 45 5 187 7
internal_value=0.000367002 -0.0399763 0.0827468 -0.0439832 -0.0371322 -0.00959373 0.000315507 0.0376781 -0.0280786 -0.0114213 -0.0460341 -0.0376994 -0.0279124 -0.013775 0.0467293 -0.0143454 0.0552591 -0.0262131 -0.022909 0 0.0834963 0.0575122 0.0518378 0.0458182 0.0536129 0.0353432 0.0643835 0.0339575 -0.0470129 -0.00435099
internal_weight=2056.35 1380.35 675.999 1337.18 640.037 156.541 125.37 54.1976 71.1727 36.6228 483.496 134.852 66.0084 40.4877 14.2879 13.6223 40.5753 11.3543 31.62 3.94163 672.215 39.7366 33.9201 29.1273 25.2907 11.8022 10.3463 1.99087 26.1998 3.8366
internal_count=13736 8173 5563 7816 6288 1308 927 410 517 261 4980 1255 623 308 115 102 308 84 224 33 5557 299 251 211 189 84 82 14 193 22
is_linear=0
shrinkage=0.05


Tree=76
num_leaves=31
num_cat=0
split_feature=15 12 0 8 13 12 10 12 0 12 0 0 11 0 11 6 6 6 6 0 0 0 0 0 0 0 0 6 12 0
split_gain=3030.78 239.897 39.8445 20.2087 19.2737 22.3092 9.71651 4.54554 17.9727 4.06054 1.61834 1.12804 1.11004 1.00292 0.973502 0.481679 0.287675 2.04536 2.54331 3.85238 1.22863 0.524406 2.73446 0.32565 0.827903 0.736525 0.528547 0.247342 0.234661 0.209889
threshold=1.0000000180025095e-35 98.500000000000014 0.1730034947395325 1.0000000180025095e-35 1.0000000180025095e-35 42.500000000000007 1.0000000180025095e-35 65.500000000000014 0.5860080122947694 15.500000000000002 0.87545600533485424 0.53383100032806408 16.500000000000004 0.64821052551269542 25.500000000000004 27.500000000000004 49.500000000000007 52.500000000000007 51.500000000000007 0.33245600759983068 0.34667199850082403 0.79545250535011303 0.72120651602745067 0.39175198972225195 0.50457298755645763 0.55691999197006237 0.4566935002803803 31.500000000000004 17.500000000000004 0.84520250558853161
decision_type=2 2 2 2 2 2 2 2 2 2 2 2 2 2 2 2 2 2 2 2 2 2 2 2 2 2 2 2 2 2
left_child=1 4 -2 12 7 27 -7 10 11 -4 16 -9 -3 -10 -5 -13 -1 18 -18 -20 -21 22 23 -22 26 -26 -25 -6 -11 -23
right_child=2 3 9 14 5 6 -8 8 13 28 -12 15 -14 -15 -16 -17 17 -19 19 20 21 29 -24 24 25 -27 -28 -29 -30 -31
leaf_value=-0.050194059939685176 -0.048630710505680692 0.01274096528574814 0.00075634935872921985 -0.047574436920331808 -0.012535338240812594 0.093593319519940807 -0.045410303815598747 -0.047756472778262699 0.016531120034205492 0.051162341882416584 0.01227948221227502 -0.033326904017654271 0.084510427775141936 0.079418121823261675 0.030948533185637575 0.027207810524644434 -0.046317000579349142 -0.050345296623779984 -0.048724499273403651 0.13509004307100259 -0.034851662427859677 -0.038730757515225103 0.10691306145536771 0.0061988319969913611 -0.042340491486040917 0.006502842385452361 0.072930700709363278 -0.050092263650235058 0.083774415423123041 0
leaf_weight=1110.8273513801396 5.640847146511077 0.75299059599637885 1.6022974103689183 3.2882190868258472 0.93246489763260143 6.2681162655353537 1.4485644251108167 24.098284646868713 1.1414298526942719 1.9027136415243138 0.88463474810123344 0.45043208077549823 37.677067197859287 3.0984040647745132 0.29788169264793385 0.70085160061717033 18.509283501654863 96.080789476633072 5.0706208683550376 0.086482979357242473 0.53809538856148709 0.72370110452175118 0.55750954151153553 1.111696410924196 1.113659739494324 1.7067168503999708 0.45938998460769642 8.5774769484996778 713.80030196160078 0.68886637687683105
leaf_count=8077 9 6 9 64 5 33 9 438 12 10 6 8 195 17 3 8 162 822 46 1 7 5 5 11 8 13 4 58 3680 5
internal_value=0.000114274 -0.0447538 0.082479 0.0726454 -0.0486015 0.00364039 0.066613 -0.0493155 -0.0293229 0.0835237 -0.0497851 -0.0454516 0.0832707 0.0644111 -0.0390328 0 -0.0498345 -0.0466046 -0.0345573 -0.0158602 0.0076386 0.00341962 0.0110483 -0.000709612 0.00304347 -0.0118609 0.0319001 -0.0470988 0.0837019 -0.0216792
internal_weight=2050.04 1327.09 722.946 42.0162 1285.07 17.2266 7.71668 1267.85 29.4894 717.305 1238.36 25.2496 38.4301 4.23983 3.5861 1.15128 1237.47 126.647 30.566 12.0567 6.98612 6.89964 5.48707 4.92956 4.39146 2.82038 1.57109 9.50994 715.703 1.41257
internal_count=13736 10028 3708 268 9760 105 42 9655 483 3699 9172 454 201 29 67 16 9166 1089 267 105 59 58 48 43 36 21 15 63 3690 10
is_linear=0
shrinkage=0.05


Tree=77
num_leaves=1
num_cat=0
split_feature=
split_gain=
threshold=
decision_type=
left_child=
right_child=
leaf_value=0
leaf_weight=
leaf_count=17101
internal_value=
internal_weight=
internal_count=
is_linear=0
shrinkage=1


Tree=78
num_leaves=1
num_cat=0
split_feature=
split_gain=
threshold=
decision_type=
left_child=
right_child=
leaf_value=0
leaf_weight=
leaf_count=17101
internal_value=
internal_weight=
internal_count=
is_linear=0
shrinkage=1


Tree=79
num_leaves=1
num_cat=0
split_feature=
split_gain=
threshold=
decision_type=
left_child=
right_child=
leaf_value=0
leaf_weight=
leaf_count=17101
internal_value=
internal_weight=
internal_count=
is_linear=0
shrinkage=1


Tree=80
num_leaves=1
num_cat=0
split_feature=
split_gain=
threshold=
decision_type=
left_child=
right_child=
leaf_value=0
leaf_weight=
leaf_count=17101
internal_value=
internal_weight=
internal_count=
is_linear=0
shrinkage=1


Tree=81
num_leaves=2
num_cat=0
split_feature=0
split_gain=3072.72
threshold=0.042222999967634685
decision_type=2
left_child=-1
right_child=-2
leaf_value=0.078661330495518156 -0.04989407111271757
leaf_weight=760.42900323867798 1195.3479596041143
leaf_count=513 13223
internal_value=8.86854e-05
internal_weight=1955.78
internal_count=13736
is_linear=0
shrinkage=0.05


Tree=82
num_leaves=3
num_cat=0
split_feature=7 0
split_gain=1621.44 1410.89
threshold=1.5000000000000002 0.042222999967634685
decision_type=2 2
left_child=1 -1
right_child=-2 -3
leaf_value=-0.049839210993521267 -0.049917455348501824 0.078697975320632219
leaf_weight=299.93871688842773 904.80712596699595 739.81658408045769
leaf_count=513 12726 497
internal_value=-0.000974162 0.0416128
internal_weight=1944.56 1039.76
internal_count=13736 1010
is_linear=0
shrinkage=0.05


Tree=83
num_leaves=31
num_cat=0
split_feature=10 7 11 14 12 7 11 19 6 7 11 6 12 7 12 7 12 11 6 12 6 6 12 6 13 14 12 12 12 6
split_gain=2316.34 166.602 357.302 26.3364 20.6997 9.39708 39.5192 7.77991 5.04396 4.71776 4.12183 5.69352 3.67835 7.98358 3.22779 4.61673 2.59299 2.53805 3.83027 2.39503 2.31606 2.50461 1.9292 3.91071 1.51842 1.59165 1.48378 1.46275 1.4026 1.38827
threshold=1.0000000180025095e-35 19.500000000000004 5.5000000000000009 1.0000000180025095e-35 5.5000000000000009 14.500000000000002 2.5000000000000004 1.0000000180025095e-35 61.500000000000007 36.500000000000007 3.5000000000000004 27.500000000000004 21.500000000000004 37.500000000000007 46.500000000000007 72.500000000000014 43.500000000000007 4.5000000000000009 50.500000000000007 16.500000000000004 43.500000000000007 33.500000000000007 11.500000000000002 27.500000000000004 1.0000000180025095e-35 1.0000000180025095e-35 44.500000000000007 20.500000000000004 17.500000000000004 43.500000000000007
decision_type=2 2 2 2 2 2 2 2 2 2 2 2 2 2 2 2 2 2 2 2 2 2 2 2 2 2 2 2 2 2
left_child=1 4 3 7 -1 -6 22 8 12 -5 11 19 29 17 15 16 -4 20 -19 -8 21 -14 -7 -24 25 26 -18 -11 -21 -3
right_child=-2 2 14 9 5 6 10 -9 -10 27 -12 -13 13 -15 -16 -17 24 18 -20 28 -22 -23 23 -25 -26 -27 -28 -29 -30 -31
leaf_value=0.063318248282428574 0.079494043554055066 0.078218212732455925 -0.043222282503912114 -0.049117746240777645 -0.048837615864569701 0.066849678511136712 -0.04359427901986801 -0.050593896498184791 -0.020447847074736902 0.07582656755785018 -0.046093931601952201 -0.050357814529419613 -0.0098345693070144413 0.085314024574415864 -0.049886339117612803 0.072914000132609888 0.084958816399494486 -0.052314118911688912 0.053203078403364447 0.074059693902081294 -0.020945657115582942 0.065635812737138421 -0.055161092605557252 0.042484456027819778 -0.044519471911608384 -0.037248388110930709 0 -0.00077230311633712863 0 0.063304382604162199
leaf_weight=4.1515337303280822 629.84859451651573 63.675209045410156 13.43258703500033 5.9315191321074945 889.14235415309668 6.2286295220255834 0.652609553188085 1.2823633328080166 1.4617893770337094 1.0171720348298552 110.82408602908254 3.794820673763752 1.2524928301572815 8.0552288293838483 174.97298514097929 0.97181466221809287 1.0515211597084992 2.3403076678514485 1.2007828205823896 2.2359894812107091 1.2967149987816808 4.7057051360607147 1.091462694108486 6.3099368736147881 1.0157376974821093 0.61878922581672657 0.93407322466373433 1.1247862391173837 0.91768867522478093 31.915044650435448
leaf_count=16 1972 205 187 108 6786 24 9 11 13 4 1686 66 11 26 2328 3 5 26 6 9 10 18 11 30 11 10 9 11 9 116
internal_value=0.000380828 -0.0367049 -0.00508268 0.0606328 -0.0465137 -0.0469713 -0.0343399 0.0666609 0.0680438 -0.0259974 -0.0436436 -0.00713351 0.0692347 0.047763 -0.0477685 -0.0267722 -0.0331367 0.0187604 -0.0146816 0.0348665 0.0357407 0.0490451 0.0458606 0.026875 0.00309814 0.0244779 0.0469752 0.0351324 0.0534804 0.0733625
internal_weight=1973.45 1343.61 318.257 125.259 1025.35 1021.2 132.055 117.186 115.903 8.07348 118.425 7.60111 114.441 18.8512 192.998 18.0245 17.0527 10.796 3.54109 3.80629 7.25491 5.9582 13.63 7.4014 3.62012 2.60438 1.98559 2.14196 3.15368 95.5903
internal_count=13736 11764 3118 565 8646 8630 1844 442 431 123 1779 93 418 97 2553 225 222 71 32 27 39 29 65 41 35 24 14 15 18 321
is_linear=0
shrinkage=0.05


Tree=84
num_leaves=31
num_cat=0
split_feature=8 9 1 12 1 15 10 11 12 13 12 6 6 12 6 11 6 6 6 12 12 12 6 6 6 12 15 4 6 4
split_gain=2426.87 247.138 23.1019 7.45669 14.6506 44.5401 109.802 27.1324 21.4779 19.0804 14.7009 14.5398 6.37751 4.29623 4.53404 9.3307 4.74938 3.23998 4.09132 3.5011 4.50999 2.86245 3.22977 3.0177 3.84616 2.67459 2.27993 1.55518 1.53404 1.46142
threshold=1.0000000180025095e-35 1.0000000180025095e-35 0.089999999850988402 9.5000000000000018 0.089999999850988402 1.0000000180025095e-35 1.0000000180025095e-35 16.500000000000004 11.500000000000002 1.0000000180025095e-35 24.500000000000004 26.500000000000004 54.500000000000007 16.500000000000004 47.500000000000007 2.5000000000000004 43.500000000000007 47.500000000000007 50.500000000000007 43.500000000000007 44.500000000000007 17.500000000000004 28.500000000000004 43.500000000000007 47.500000000000007 10.500000000000002 1.0000000180025095e-35 1.0392895340919497 38.500000000000007 0.98735201358795177
decision_type=2 2 2 2 2 2 2 2 2 2 2 2 2 2 2 2 2 2 2 2 2 2 2 2 2 2 2 2 2 2
left_child=1 3 26 -1 5 6 7 8 25 10 11 -10 13 14 15 16 27 19 -19 -12 -21 -15 -23 -24 -25 28 -2 29 -5 -13
right_child=2 -3 -4 4 -6 -7 -8 -9 9 -11 17 12 -14 21 -16 -17 -18 18 -20 20 -22 22 23 24 -26 -27 -28 -29 -30 -31
leaf_value=-0.048882122636490395 0.078685483944412465 0.078879517112708686 -0.047232195114623503 -0.019793931961555163 -0.049822127645129666 -0.049811178856669511 -0.050105960252031456 -0.046014958001811115 0.072414132186485833 -0.051151652055613922 0.082162796167280713 0.015288575962854207 0.082823566991099329 -0.03886511017715464 -0.027306129734013834 0.10037291530683015 0.11028000920237793 -0.039182725762331769 0.048076971059047707 -0.028716696709711567 0.057636283274414724 0.089839167593916996 -0.026671569653386309 0.098739873677158363 -0.01017471185385619 -0.044882180783908397 -0.013238197590706286 0.06794536289621865 0.053922316883057868 -0.027407910522134329
leaf_weight=417.25103913247585 663.16815065592527 42.652700155973434 3.5567897558212271 1.5819246880710101 286.56743967533112 281.39812781661749 151.21124401688576 16.583701964467764 9.9749217703938466 6.420847386121749 18.459116209298376 2.9397693723440153 2.3548841699957839 8.2033038064837474 4.0962915346026412 3.5303083173930636 0.88147043064236719 1.5400653481483439 6.5441773757338524 1.6215470358729351 10.386770792305468 0.81942958384752174 6.9556039534509164 1.1904827803373339 1.9527772292494772 11.564382754266262 0.55527663975953956 0.55346397310495454 1.0688386261463163 5.3154581487178802
leaf_count=1431 5553 357 6 8 491 3694 1163 206 78 52 154 23 20 56 30 31 9 10 54 9 86 7 48 11 16 80 4 5 10 34
internal_value=0.000368014 -0.0393243 0.0779139 -0.0433324 -0.0405765 -0.035804 -0.021479 0.013251 0.0224356 0.0311494 0.03731 0.0188592 0.00480931 -0.00030851 0.0175397 0.0319109 0.00568773 0.0604119 0.0305672 0.0680414 0.0454218 -0.0167393 0 -0.00800563 0.0313067 -0.0344941 0.0785991 -0.0053378 0.0089919 -0.0116038
internal_weight=1970.9 1303.62 667.28 1260.97 843.716 557.149 275.751 124.54 107.956 93.7407 87.3198 48.7682 38.7932 36.4384 17.3168 13.2205 9.69016 38.5517 8.08424 30.4674 12.0083 19.1216 10.9183 10.0989 3.14326 14.2151 663.723 8.80869 2.65076 8.25523
internal_count=13736 8173 5563 7816 6385 5894 2200 1037 831 733 681 368 290 270 132 102 71 313 64 249 95 138 82 75 27 98 5557 62 18 57
is_linear=0
shrinkage=0.05


Tree=85
num_leaves=31
num_cat=0
split_feature=15 12 1 13 12 7 19 10 12 5 7 12 5 6 7 11 6 6 6 6 7 7 7 7 7 7 7 11 12 7
split_gain=2697.96 218.597 34.443 18.168 19.9818 15.5322 9.8597 8.41381 3.72942 9.1585 3.63701 3.55859 2.78537 1.31171 3.10333 1.29886 0.835177 0.336664 2.13449 2.57292 3.62105 0.651369 2.14702 0.550089 0.712609 0.644794 0.29586 0.255401 0.249097 0.201738
threshold=1.0000000180025095e-35 98.500000000000014 0.089999999850988402 1.0000000180025095e-35 42.500000000000007 10.500000000000002 1.0000000180025095e-35 1.0000000180025095e-35 65.500000000000014 1.5000000000000002 14.500000000000002 15.500000000000002 1.5000000000000002 24.500000000000004 20.500000000000004 15.500000000000002 28.500000000000004 49.500000000000007 52.500000000000007 51.500000000000007 16.500000000000004 45.500000000000007 40.500000000000007 27.500000000000004 30.500000000000004 24.500000000000004 21.500000000000004 5.5000000000000009 17.500000000000004 48.500000000000007
decision_type=2 2 2 2 2 2 2 2 2 2 2 2 2 2 2 2 2 2 2 2 2 2 2 2 2 2 2 2 2 2
left_child=1 3 11 6 27 12 8 -6 17 -10 -11 -2 -3 -12 16 -7 -15 -1 19 -19 -21 22 23 25 -25 26 -22 -5 -13 -23
right_child=2 5 -4 4 7 15 -8 -9 9 10 13 28 -14 14 -16 -17 -18 18 -20 20 21 29 -24 24 -26 -27 -28 -29 -30 -31
leaf_value=-0.049773050250518064 0.00067170554474318609 -0.048283286914297174 -0.04806558215389229 -0.049949410884209497 0.087326370691615696 -0.023554062202175152 0.093036007932658649 -0.044555450808256049 -0.048063837136530695 -0.046441325820269302 0.080096161594324589 0.047197054109443991 0.044883607715168583 0.01291805012344046 0.056083176614853507 0.079169059911701756 -0.045143300479968146 -0.045627983239721254 -0.049871127151579209 -0.048093209645327692 0.026820528401937729 -0.037777971929372836 0.098933628457446521 -0.041488905411662474 0.0075864517108904031 0.068530189601876887 -0.010562881546699588 -0.014321359664247675 0.078828081154116159 0
leaf_weight=1042.4615587107837 1.5933382734656323 3.0110942237079139 5.2979778051376334 7.9302403330802935 6.27698990702629 0.19397223740816016 1.1116005033254612 1.3719834238290785 19.945949181914333 1.6930207721889008 1.2033365182578561 1.9350971430540074 0.94253692775964726 0.82022885978221927 2.6537349782884121 37.332930620759726 1.3833368159830568 17.450702257454395 90.734296705573797 4.6706604473292845 0.79522379487752948 0.68697883188724496 0.59033679217100132 1.0518744289875033 1.6774731054902075 0.47842717170715321 1.0085053294897077 1.0823023021221159 705.30894563347101 0.67971364408731461
leaf_count=8075 9 59 9 55 33 2 6 9 388 32 7 10 6 10 19 201 25 162 826 44 11 5 5 8 13 4 10 8 3680 5
internal_value=0.000116639 -0.0441952 0.0776337 -0.0480751 0.00347561 0.068498 -0.0488007 0.062756 -0.0489452 -0.0301443 0.0153413 0.0785869 -0.0242797 0.0338853 0.0200438 0.078444 -0.0217381 -0.0493863 -0.045941 -0.0333825 -0.0143647 0.0078951 0.0159481 0.00345022 -0.0103576 0.0218042 0.0038353 -0.0464237 0.0787553 -0.0205404
internal_weight=1963.37 1249.24 714.135 1207.76 16.6615 41.4805 1191.1 7.64897 1189.99 27.6996 7.75366 708.837 3.95363 6.06064 4.8573 37.5269 2.20357 1162.29 119.824 29.0899 11.6392 6.96853 5.60184 5.0115 2.72935 2.28216 1.80373 9.01254 707.244 1.36669
internal_count=13736 10028 3708 9760 105 268 9655 42 9649 481 93 3699 65 61 54 203 35 9168 1093 267 105 61 51 46 21 25 21 63 3690 10
is_linear=0
shrinkage=0.05


Tree=86
num_leaves=1
num_cat=0
split_feature=
split_gain=
threshold=
decision_type=
left_child=
right_child=
leaf_value=0
leaf_weight=
leaf_count=17101
internal_value=
internal_weight=
internal_count=
is_linear=0
shrinkage=1


Tree=87
num_leaves=1
num_cat=0
split_feature=
split_gain=
threshold=
decision_type=
left_child=
right_child=
leaf_value=0
leaf_weight=
leaf_count=17101
internal_value=
internal_weight=
internal_count=
is_linear=0
shrinkage=1


Tree=88
num_leaves=1
num_cat=0
split_feature=
split_gain=
threshold=
decision_type=
left_child=
right_child=
leaf_value=0
leaf_weight=
leaf_count=17101
internal_value=
internal_weight=
internal_count=
is_linear=0
shrinkage=1


Tree=89
num_leaves=1
num_cat=0
split_feature=
split_gain=
threshold=
decision_type=
left_child=
right_child=
leaf_value=0
leaf_weight=
leaf_count=17101
internal_value=
internal_weight=
internal_count=
is_linear=0
shrinkage=1


Tree=90
num_leaves=2
num_cat=0
split_feature=0
split_gain=2755.66
threshold=0.042222999967634685
decision_type=2
left_child=-1
right_child=-2
leaf_value=0.074550617583949222 -0.049466397193782909
leaf_weight=742.01083016395569 1129.8204045295715
leaf_count=511 13214
internal_value=-0.000300904
internal_weight=1871.83
internal_count=13725
is_linear=0
shrinkage=0.05


Tree=91
num_leaves=6
num_cat=0
split_feature=12 5 0 12 6
split_gain=2141.11 563.476 56.1851 2.35679 14.0462
threshold=9.5000000000000018 1.0000000180025095e-35 0.042222999967634685 11.500000000000002 18.500000000000004
decision_type=2 2 2 2 2
left_child=1 2 -1 4 -2
right_child=3 -3 -4 -5 -6
leaf_value=-0.048368304600426619 0.039876932055598426 -0.049436294746308673 0.07459241529260062 -0.049462753329782817 -0.049311019821776714
leaf_weight=9.2930971384048444 5.1252833344042292 106.91914267092943 752.20214676856995 980.51782652363181 27.205279212445021
leaf_count=17 10 938 513 12008 239
internal_value=0.000379478 0.0579853 0.0730791 -0.0490076 -0.0349387
internal_weight=1881.26 868.414 761.495 1012.85 32.3306
internal_count=13725 1468 530 12257 249
is_linear=0
shrinkage=0.05


Tree=92
num_leaves=31
num_cat=0
split_feature=10 7 11 8 7 11 12 7 12 11 0 12 6 6 0 0 7 12 14 7 11 6 6 6 12 6 14 6 12 12
split_gain=2067.92 167.667 306.669 17.0032 12.1736 50.5355 7.63032 7.94406 6.52156 4.5166 5.73729 4.46637 4.35314 5.50415 4.03668 3.31755 3.0548 2.94711 2.80596 2.19881 24.2818 7.9506 6.04292 2.18736 5.23625 2.14295 1.92192 7.84448 4.16501 3.68534
threshold=1.0000000180025095e-35 20.500000000000004 5.5000000000000009 1.0000000180025095e-35 15.500000000000002 2.5000000000000004 20.500000000000004 37.500000000000007 46.500000000000007 3.5000000000000004 0.58306050300598156 43.500000000000007 51.500000000000007 33.500000000000007 0.46317449212074285 0.38483300805091863 72.500000000000014 24.500000000000004 1.0000000180025095e-35 7.5000000000000009 2.5000000000000004 26.500000000000004 38.500000000000007 30.500000000000004 11.500000000000002 50.500000000000007 1.0000000180025095e-35 23.500000000000004 45.500000000000007 16.500000000000004
decision_type=2 2 2 2 2 2 2 2 2 2 2 2 2 2 2 2 2 2 2 2 2 2 2 2 2 2 2 2 2 2
left_child=1 4 3 6 19 15 14 12 11 10 -7 16 13 -8 -3 -6 -4 -15 -13 -1 21 -21 -23 24 -17 -19 27 -22 29 -29
right_child=-2 2 8 -5 5 9 7 -9 -10 -11 -12 18 -14 17 -16 23 -18 25 -20 20 26 22 -24 -25 -26 -27 -28 28 -30 -31
leaf_value=-0.049391271507515495 0.075372447335823267 0.0011395813824361836 -0.039602344317705408 -0.047118472071937735 -0.04855148291356734 -0.050454312254053169 -0.047455604673295085 0.072058541059043496 -0.049436221511363343 -0.046981289178141476 0.039348972614665224 0.050670910593747065 -0.0640994486203985 0.067769923532523299 0.071614895774090831 0.047765680256513524 0.064119965822873104 -0.0078278169992851733 -0.041224629045281125 -0.022681209172345587 -0.049350912121100626 0.095802514007628195 -0.044931686780753294 0.060594020162697375 -0.067404086754788442 0.071904857261260155 -0.049431057297659953 -0.045827040536977746 -0.046198687495123222 0.048224254064875675
leaf_weight=680.74502787366509 613.56926104426384 2.2305583059787741 9.3367665447294677 3.4641614928841582 0.78362961858511226 3.3975394740700713 2.16370711475611 8.9553406164050084 148.14435796812177 101.69233691692352 3.4961779043078423 3.3029095008969298 1.5870443806052197 4.455262638628481 88.507525362074375 4.0051492005586651 0.644042909145356 3.5946338027715683 0.95696358755230893 3.2451903671026212 25.232729222625494 4.7048321291804314 0.79298716783523548 12.63710071146488 1.1783532872796056 0.96884277462959278 148.3957910425961 1.1825371645390967 2.5621132664382458 4.8459155857563019
leaf_count=3569 1958 14 132 73 8 57 26 33 2102 1594 22 20 14 16 297 16 2 30 15 40 360 24 12 48 11 3 3115 18 40 56
internal_value=-6.01964e-05 -0.0363049 -0.00196423 0.0601061 -0.0458667 -0.0312552 0.0634922 0.0361329 -0.0463169 -0.044323 -0.00428385 -0.0133993 0.0101853 0.0216459 0.0699406 0.0445787 -0.0318437 0.0391111 0.0284081 -0.0479891 -0.0429412 0.037806 0.0741702 0.049201 0.0198579 0.00920645 -0.0468615 -0.035328 0.00537963 0.0285126
internal_weight=1890.78 1277.21 278.312 115.927 998.897 127.19 112.463 21.7248 162.385 108.586 6.89372 14.2407 12.7695 11.1824 90.7381 18.6042 9.98081 9.01874 4.25987 871.707 190.962 8.74301 5.49782 17.8206 5.1835 4.56348 182.219 33.8233 8.59057 6.02845
internal_count=13725 11767 2777 506 8990 1756 433 122 2271 1673 79 169 89 75 311 83 134 49 35 7234 3665 76 36 75 27 33 3589 474 114 74
is_linear=0
shrinkage=0.05


Tree=93
num_leaves=31
num_cat=0
split_feature=8 9 0 0 10 15 1 13 11 11 16 0 10 15 13 12 11 0 0 15 3 4 0 11 12 12 3 12 12 0
split_gain=2168.98 227.009 19.0783 45.4292 71.6232 67.1652 16.7574 10.7022 11.4465 7.46843 5.30576 3.98288 4.34479 20.7341 4.60875 7.68892 7.81676 3.75548 2.74465 2.10353 1.75883 2.33173 1.85251 1.63689 2.76491 1.86303 1.59719 1.45128 3.19631 2.5274
threshold=1.0000000180025095e-35 1.0000000180025095e-35 0.13101749867200854 0.54975599050521862 1.0000000180025095e-35 1.0000000180025095e-35 0.089999999850988402 1.0000000180025095e-35 2.5000000000000004 17.500000000000004 1.0000000180025095e-35 0.67268550395965587 1.0000000180025095e-35 1.0000000180025095e-35 1.0000000180025095e-35 19.500000000000004 13.500000000000002 0.15727899968624118 0.38483300805091863 1.0000000180025095e-35 0.041481500491499908 1.0097184777259829 0.43528850376605993 6.5000000000000009 44.500000000000007 26.500000000000004 0.042214000597596175 11.500000000000002 13.500000000000002 0.61323800683021557
decision_type=2 2 2 2 2 2 2 2 2 2 2 2 2 2 2 2 2 2 2 2 2 2 2 2 2 2 2 2 2 2
left_child=1 2 -1 4 5 7 19 8 10 26 -4 12 13 14 15 27 23 -12 -19 -2 21 22 -20 25 -25 -17 -10 -5 29 -29
right_child=6 -3 3 11 -6 -7 -8 -9 9 -11 17 -13 -14 -15 -16 16 -18 18 20 -21 -22 -23 -24 24 -26 -27 -28 28 -30 -31
leaf_value=-0.049187771337627396 0.07455792280973858 0.074673012708297848 -0.03017889767806281 -0.03336196942104995 -0.049766147318074806 -0.048483147736854422 -0.046084715694938487 -0.050651968305130836 0.069428913460207964 -0.044539672367454396 -0.034957038945573615 -0.048995018340950429 -0.049439017640184213 -0.049326060001329601 -0.048789050743396081 0.035580673866160199 -0.033702451979495819 0.069627882958269716 -0.017256342384890763 -0.013142741326274474 0.10010068875106469 -0.014145074265266403 0.046533048980046232 -0.007378985366376269 0.077085351754591525 0.096235203271698197 0 -0.011373362734010919 -0.01592393076273824 0.11349489757223159
leaf_weight=602.34504457563162 646.2603325098753 42.406399123370647 4.3426034003496197 6.6518750153481987 79.31398606300354 28.841470457613468 2.7819707989692679 2.7807529866695395 37.332235381007195 1.4170970693230618 1.8096392601728464 274.07102264463902 57.221140034496784 57.797317050397396 4.0161188617348662 2.6457191258668882 2.9447120279073706 4.9356127157807377 1.2301532998681031 0.55968174338340659 0.63463606312871057 3.5569326877593994 5.7166319936513901 2.1625456511974339 1.5109502226114271 3.7455133534967899 0.87264989316463371 0.55701658874749937 7.2553150057792664 0.86159707978367805
leaf_count=1378 5523 362 28 53 639 401 5 21 298 16 4 3351 474 810 44 22 36 38 7 4 6 24 49 13 13 33 6 4 54 9
internal_value=-5.05324e-05 -0.0388517 -0.0428851 -0.0364807 -0.0148349 0.0147739 0.0739413 0.0431117 0.047483 0.0636216 0.0183333 -0.0453376 -0.0384733 -0.0314104 0.000496139 0.00780447 0.0360534 0.0304936 0.0383419 0.0744723 0.0235374 0.0175396 0.0344429 0.057085 0.0271593 0.0728318 0.0678698 -0.015929 -0.00176223 0.0636527
internal_weight=1888.58 1238.98 1196.57 594.225 172.784 93.4704 649.602 64.6289 61.8482 39.622 22.2262 421.441 147.37 90.1487 32.3514 28.3352 13.0094 17.8836 16.074 646.82 11.1384 10.5037 6.94679 10.0647 3.6735 6.39123 38.2049 15.3258 8.67393 1.41861
internal_count=13725 8193 7831 6453 1537 898 5532 497 476 320 156 4916 1565 1091 281 237 117 128 124 5527 86 80 56 81 26 55 304 120 67 13
is_linear=0
shrinkage=0.05


Tree=94
num_leaves=31
num_cat=0
split_feature=15 11 0 8 19 11 0 7 0 6 11 7 11 6 11 6 11 6 6 6 6 11 6 6 6 11 6 7 6 6
split_gain=2417.31 209.488 26.6506 26.297 9.96388 7.34975 18.4899 1.68197 1.57076 2.65563 1.19867 0.908112 4.58129 1.6883 1.99403 1.52839 1.13482 0.619664 0.464792 7.96043 0.430732 1.95134 1.6647 0.424589 0.434083 0.299239 0.856965 0.239191 0.213348 0.202802
threshold=1.0000000180025095e-35 16.500000000000004 0.1730034947395325 1.0000000180025095e-35 1.0000000180025095e-35 11.500000000000002 0.53383100032806408 22.500000000000004 0.64821052551269542 37.500000000000007 26.500000000000004 16.500000000000004 9.5000000000000018 22.500000000000004 3.5000000000000004 27.500000000000004 6.5000000000000009 41.500000000000007 51.500000000000007 52.500000000000007 47.500000000000007 7.5000000000000009 65.000000000000014 42.500000000000007 54.500000000000007 8.5000000000000018 35.500000000000007 10.500000000000002 27.500000000000004 31.500000000000004
decision_type=2 2 2 2 2 2 2 2 2 2 2 2 2 2 2 2 2 2 2 2 2 2 2 2 2 2 2 2 2 2
left_child=1 4 -2 27 5 11 7 -7 9 28 -5 -1 13 14 -13 -14 18 -17 -15 -20 25 22 -22 -19 -25 -18 29 -3 -8 -27
right_child=2 3 -4 10 -6 6 8 -9 -10 -11 -12 12 15 16 -16 17 20 23 19 -21 21 -23 -24 24 -26 26 -28 -29 -30 -31
leaf_value=-0.049365761031080868 -0.047286582586784934 0.033687872980697108 0.07438103037461434 -0.047760366348442503 0.084046697687720051 -0.046895192337056912 -0.041511563024290023 0.023475633909829454 0.072083140130673962 0.072574478705299664 0.045663374469476714 -0.043440408739500114 0.065126342573943591 -0.049605771150553153 0.055275063266142302 -0.040617446507124837 -0.044667412867727609 0.041959231344544635 0.0099479494195248725 -0.049391218937263053 0.062553499758155842 -0.039891884494894614 -0.034667606847001757 -0.037109820830852638 0.014001671587200615 -0.0063708441400992209 -0.044924156484853053 0.075869345681206415 0 0.027629839278591507
leaf_weight=896.28720707073808 4.4168342351913443 1.0019349753856648 696.75249011814594 5.0932590179145327 1.317599594593047 21.172323212027557 0.76633874699473314 0.73052316904067893 3.8318978771567345 1.1333103030920026 0.23582604527473439 1.0334062948822964 0.8343555405735964 136.43801349028945 0.83156690374016751 0.88732091709971461 6.5151875726878625 0.52659212425351132 6.182723704725503 49.978593960404396 1.0421614125370968 3.0755896605551243 0.56396453455090512 0.59236994385719277 0.79776617884635925 0.67982985079288505 1.4660925529897211 39.40624874830246 0.64319932088255882 0.61075301468372345
leaf_count=7019 8 6 3708 112 7 461 14 9 21 6 2 7 5 1336 7 18 99 6 55 480 13 41 9 12 11 11 17 209 9 7
internal_value=3.37424e-05 -0.0435432 0.0736009 0.0612327 -0.0477639 -0.0479285 -0.0223134 -0.0442249 0.0517198 0.0175753 -0.0419402 -0.0485754 -0.0451896 -0.0461648 0 0.00907246 -0.0465923 -0.00755312 -0.0476598 -0.0427637 -0.0312676 -0.0163649 0.0254542 0.0065293 -0.00545151 -0.0380041 -0.0194931 0.0750326 -0.0252118 0.00695379
internal_weight=1884.85 1183.68 701.169 45.7373 1137.94 1136.62 28.2776 21.9028 6.37475 2.54285 5.32909 1108.34 212.056 208.418 1.86497 3.6384 206.553 2.80405 192.599 56.1613 13.9536 4.68172 1.60613 1.91673 1.39014 9.27186 2.75668 40.4082 1.40954 1.29058
internal_count=13725 10009 3716 329 9680 9673 520 470 50 29 114 9153 2134 2082 14 52 2068 47 1871 535 197 63 22 29 23 134 35 215 23 18
is_linear=0
shrinkage=0.05


Tree=95
num_leaves=1
num_cat=0
split_feature=
split_gain=
threshold=
decision_type=
left_child=
right_child=
leaf_value=0
leaf_weight=
leaf_count=17101
internal_value=
internal_weight=
internal_count=
is_linear=0
shrinkage=1


Tree=96
num_leaves=1
num_cat=0
split_feature=
split_gain=
threshold=
decision_type=
left_child=
right_child=
leaf_value=0
leaf_weight=
leaf_count=17101
internal_value=
internal_weight=
internal_count=
is_linear=0
shrinkage=1


Tree=97
num_leaves=1
num_cat=0
split_feature=
split_gain=
threshold=
decision_type=
left_child=
right_child=
leaf_value=0
leaf_weight=
leaf_count=17101
internal_value=
internal_weight=
internal_count=
is_linear=0
shrinkage=1


Tree=98
num_leaves=1
num_cat=0
split_feature=
split_gain=
threshold=
decision_type=
left_child=
right_child=
leaf_value=0
leaf_weight=
leaf_count=17101
internal_value=
internal_weight=
internal_count=
is_linear=0
shrinkage=1


Tree=99
num_leaves=2
num_cat=0
split_feature=0
split_gain=2475.65
threshold=0.042222999967634685
decision_type=2
left_child=-1
right_child=-2
leaf_value=0.071045872870515683 -0.049067613293151693
leaf_weight=721.93984973430634 1056.8732087798417
leaf_count=511 13214
internal_value=-0.000314912
internal_weight=1778.81
internal_count=13725
is_linear=0
shrinkage=0.05


Tree=100
num_leaves=8
num_cat=0
split_feature=12 14 12 6 0 0 0
split_gain=1932.21 534.021 2.37398 13.0531 1.13734 2.61951 5.7541
threshold=9.5000000000000018 1.0000000180025095e-35 11.500000000000002 18.500000000000004 0.12768299877643588 0.13456099480390551 0.14423999935388568
decision_type=2 2 2 2 2 2 2
left_child=1 -1 3 -2 -3 -6 -7
right_child=2 4 -4 -5 5 6 -8
leaf_value=-0.048961817753003289 0.03714655842776355 0.071032094422759373 -0.049063473985860334 -0.048881483098637858 0.070194793879850573 0.064216341458016982 -0.045871000230699607
leaf_weight=106.62366947159171 5.1827233321964767 720.58881355077028 917.15652445703745 25.495797302573919 8.5992187261581403 2.9733069613575926 1.7966779880225656
leaf_count=923 10 507 12008 239 6 3 29
internal_value=0.000348852 0.0555355 -0.0485885 -0.0341123 0.0707274 0.0535291 0.0216333
internal_weight=1788.42 840.582 947.835 30.6785 733.958 13.3692 4.76998
internal_count=13725 1468 12257 249 545 38 32
is_linear=0
shrinkage=0.05


Tree=101
num_leaves=31
num_cat=0
split_feature=10 7 15 14 7 15 14 0 16 3 0 7 14 0 3 3 0 3 0 3 3 0 0 0 0 0 3 13 3 3
split_gain=1845.39 156.92 218.629 66.7485 11.8106 20.3225 34.8726 9.41934 4.93372 2.67013 2.5988 2.24203 11.245 16.8703 2.8993 2.71992 2.40062 1.94055 1.54327 1.41864 5.25116 3.38599 2.8868 2.36035 2.02216 1.39765 1.3538 1.33357 1.59986 1.55471
threshold=1.0000000180025095e-35 20.500000000000004 1.0000000180025095e-35 1.0000000180025095e-35 15.500000000000002 1.0000000180025095e-35 1.0000000180025095e-35 0.48621849715709692 1.0000000180025095e-35 0.039677500724792487 0.46841099858284002 7.5000000000000009 1.0000000180025095e-35 0.47431950271129614 0.041351500898599632 0.039204500615596778 0.56344699859619152 0.039367500692605979 0.61323800683021557 0.039855500683188445 0.040341500192880637 0.28539800643920904 0.34951500594615942 0.43528850376605993 0.42891350388526922 0.52108150720596325 0.039501499384641654 1.0000000180025095e-35 0.040621500462293632 0.040464999154210098
decision_type=2 2 2 2 2 2 2 2 2 2 2 2 2 2 2 2 2 2 2 2 2 2 2 2 2 2 2 2 2 2
left_child=1 4 3 7 11 6 8 27 -6 10 -10 -1 13 14 15 -13 25 18 -12 23 -21 -22 -23 26 -24 -15 -17 28 29 -3
right_child=-2 2 -4 -5 5 -7 -8 -9 9 -11 17 12 -14 16 -16 19 -18 -19 -20 20 21 22 24 -25 -26 -27 -28 -29 -30 -31
leaf_value=-0.048982087641968944 0.071762544178460938 -0.011134420381540035 -0.044698203970758424 -0.045644288929181126 0.073204341613704149 -0.049142438037674208 -0.048904802507355079 0.063961757801020203 -0.057591851968624208 0.031866083699335336 0.04250328113594129 -0.020972090585361258 -0.049023045684093235 -0.035954637202577737 -0.044407703263274499 0.039831997105977707 -0.048858657887127656 -0.055109287251503429 -0.018842743646924613 -0.047013739906862369 -0.038773683314678051 0.12904955544849281 -0.0067799794842575024 0 0.071373264342646556 0.0097203127177433474 0.12910008884820118 0.056417318161975809 -0.057829541314751515 0.066406416291872758
leaf_weight=636.43620020523667 597.70461586117744 2.9100728370249267 140.33381841704249 17.011687200516462 5.5519216917455223 66.331269945949316 26.433434467762709 102.95747156068683 1.6784513853490377 15.242621082812546 3.3907163627445698 1.6184496693313111 139.39312096685171 3.1114747077226665 1.0985038280487049 1.0292913019657124 21.269904475659132 0.78010575845837582 1.2533376365900037 1.5266635902225969 0.69999192282557476 1.4389149285852907 1.2380104772746565 0.8112477958202361 1.8210433013737199 3.1775963827967644 1.4573009833693502 0.72433234006166447 1.2933557480573652 0.71112471818923939
leaf_count=3569 1958 25 2041 310 19 981 594 382 22 101 18 21 3130 45 17 9 317 10 11 23 12 10 16 9 9 36 11 3 13 3
internal_value=-3.46741e-05 -0.0357219 -0.00180489 0.0460747 -0.0453439 -0.0305776 -0.00777169 0.0605173 0.0310601 0.0200866 -0.00459 -0.0475169 -0.0422754 -0.0187476 0.0284544 0.0360756 -0.040772 0.0116514 0.0248451 0.045898 0.0306451 0.0548545 0.0710391 0.0737112 0.0389482 -0.0123035 0.0970503 -0.00151981 -0.0120108 0.0041246
internal_weight=1800.44 1202.73 265.942 125.608 936.79 120.662 54.3306 108.596 27.8972 22.3452 7.10261 816.128 179.692 40.2984 12.7394 11.6409 27.559 5.42416 4.64405 10.0225 6.72462 5.19796 4.49797 3.29784 3.05905 6.28907 2.48659 5.63889 4.91455 3.6212
internal_count=13725 11767 2777 736 8990 1756 775 426 181 162 61 7234 3665 535 137 120 398 39 29 99 70 47 35 29 25 81 20 44 41 28
is_linear=0
shrinkage=0.05


Tree=102
num_leaves=31
num_cat=0
split_feature=8 9 5 0 10 15 1 13 11 0 10 15 16 13 12 11 11 0 3 15 0 12 3 16 0 3 3 0 12 12
split_gain=1938.66 205.608 21.2755 55.6257 54.6521 55.4937 14.7077 9.0505 6.43573 5.94706 7.1406 25.4007 5.39999 5.32333 7.46814 7.91553 5.2022 2.90216 2.04575 1.86542 1.32276 1.91378 1.18109 1.56478 0.953764 1.67692 1.38201 0.925753 1.76633 2.58298
threshold=1.0000000180025095e-35 1.0000000180025095e-35 1.0000000180025095e-35 0.52504450082778942 1.0000000180025095e-35 1.0000000180025095e-35 0.089999999850988402 1.0000000180025095e-35 2.5000000000000004 0.66134047508239757 1.0000000180025095e-35 1.0000000180025095e-35 1.0000000180025095e-35 1.0000000180025095e-35 19.500000000000004 11.500000000000002 17.500000000000004 0.41192199289798742 0.039204500615596778 1.0000000180025095e-35 0.49869149923324591 11.500000000000002 0.040352500975131995 1.0000000180025095e-35 0.55338898301124584 0.039367500692605979 0.038862500339746482 0.43528850376605993 13.500000000000002 8.5000000000000018
decision_type=2 2 2 2 2 2 2 2 2 2 2 2 2 2 2 2 2 2 2 2 2 2 2 2 2 2 2 2 2 2
left_child=1 2 -1 4 5 7 19 8 12 10 11 13 -4 14 22 -16 -10 -14 20 -2 21 -19 23 -5 25 -25 -26 -20 29 -29
right_child=6 -3 3 9 -6 -7 -8 -9 16 -11 -12 -13 17 -15 15 -17 -18 18 27 -21 -22 -23 -24 24 26 -27 -28 28 -30 -31
leaf_value=-0.048951612535318455 0.071043479377907851 0.071143097400866592 -0.03315510845461616 -0.03028542487301731 -0.049448094457346943 -0.04774072715178574 -0.045483054486278186 -0.049347844793123784 0.066440592041584506 -0.048215360229186585 -0.04906709316737301 -0.048905821741957477 0.063794139727783819 -0.048968985350499594 0.054416905785255182 -0.030453049563312046 -0.041910929862464863 0.0069891207530422168 -0.026360096343992175 -0.011817989355554351 0 0.13085479850648149 -0.029063536868883535 0 0.051742192172053163 0.10661704581553109 -0.0081789533393785124 -0.026599077016526074 -0.030584835180863836 0.057717801262048479
leaf_weight=583.46745179966092 628.93260487914085 41.292205534875393 3.0584965050220498 3.0972820147871989 44.704553075134754 21.721021898090839 2.6079818606376639 2.2502373233437529 34.124233283102512 272.50447196513414 58.557028502225876 51.094162359833717 6.4487155005335817 3.842923328280448 12.809265948832037 3.3383166864514342 1.023656703531741 0.61621992290019834 1.6270828321576116 0.54988013207912345 0.68138019740581501 0.85080431401729584 5.8336973749101153 0.67217712104320504 1.0737780034542082 0.56236737594008446 5.0294357761740685 1.1457890868186948 1.3668333068490026 2.8672217354178429
leaf_count=1552 5523 362 19 24 375 322 5 17 273 3546 516 765 49 43 102 41 12 5 10 4 5 9 43 5 10 6 40 8 9 25
internal_value=-3.5198e-05 -0.0382721 -0.0423008 -0.0351095 -0.00542212 0.0198483 0.0704658 0.0461635 0.0503345 -0.0437849 -0.0354488 -0.026217 0.0259436 0.00566356 0.0124246 0.0364839 0.0630331 0.0379831 0.0187696 0.0709613 0.0604798 0.0857824 -0.011227 -0.000599646 0.0114972 0.0500046 0.0022215 0.00460618 0.0151942 0.0323667
internal_weight=1797.75 1165.66 1124.37 540.901 122.486 77.7817 632.09 56.0607 53.8104 418.415 145.91 87.3534 18.6625 36.2592 32.4163 16.1476 35.1479 15.604 9.15533 629.482 2.1484 1.46702 16.2687 10.435 7.33776 1.23454 6.10321 7.00693 5.37984 4.01301
internal_count=13725 8193 7831 6279 1138 763 5532 441 424 5141 1595 1079 139 314 271 143 285 120 71 5527 19 14 128 85 61 11 50 52 42 33
is_linear=0
shrinkage=0.05


Tree=103
num_leaves=31
num_cat=0
split_feature=11 8 13 10 7 0 11 8 10 0 11 6 11 0 16 6 0 0 11 7 0 10 11 0 4 3 3 3 0 3
split_gain=1811.4 219.567 212.998 26.0252 25.8159 15.9105 45.3032 15.3127 16.6775 4.81186 4.15478 3.48124 6.477 4.44444 3.41443 3.63143 1.89757 1.27281 1.17852 0.998894 0.934447 0.901544 1.0514 0.718262 0.676594 0.649086 1.35175 0.515646 0.478447 0.438655
threshold=9.5000000000000018 1.0000000180025095e-35 1.0000000180025095e-35 1.0000000180025095e-35 4.5000000000000009 0.57325351238250744 4.5000000000000009 1.0000000180025095e-35 1.0000000180025095e-35 0.38822498917579656 23.500000000000004 41.500000000000007 5.5000000000000009 0.71205550432205211 1.0000000180025095e-35 60.000000000000007 0.8800565004348756 0.66134047508239757 3.5000000000000004 18.500000000000004 0.6319049894809724 1.0000000180025095e-35 2.5000000000000004 0.23098599910736087 0.96571350097656261 0.041149500757455833 0.041453499346971519 0.041225500404834754 0.5694749951362611 0.040170500054955489
decision_type=2 2 2 2 2 2 2 2 2 2 2 2 2 2 2 2 2 2 2 2 2 2 2 2 2 2 2 2 2 2
left_child=2 4 5 9 -2 19 16 8 14 -4 -3 -11 13 18 -8 17 21 20 -13 -1 -16 22 -7 -6 -24 -26 27 -27 -12 -22
right_child=1 10 3 -5 23 6 7 -9 -10 11 28 12 -14 -15 15 -17 -18 -19 -20 -21 29 -23 24 -25 25 26 -28 -29 -30 -31
leaf_value=-0.048762183167605284 -0.047644409987936925 -0.048885262697345659 -0.012450871540106399 -0.048017283626895634 0 -0.046170940486055197 -0.040167496246562538 -0.04782596469820434 -0.047927589124360695 0.072430056278682001 0 -0.0014405429740417999 0.073092785780923722 -0.044228177301057062 0.046957955773362925 -0.033755845769778602 0.034659745677277427 0.063252521806106424 0.051034316287173524 -0.040746649797264702 0.024775897872167399 -0.049002779803752797 0 0.070921466977784328 -0.035296350062848904 0.076314856949764434 -0.040734456677786274 0 0.072020953706258703 -0.018283390866151879
leaf_weight=810.99292572960258 4.5118814371526232 42.00076337903738 1.9964305609464634 5.9329648315906516 0.4533594585955133 21.765326917171478 0.92703808844090119 7.4634112901985636 5.3636571988463393 37.833016857504845 0.54628759622573742 1.2611163854598988 8.1382813453674299 2.5281510278582573 4.6986484937369886 1.0600638687610615 0.594768226146697 17.264485895633698 3.4760957360267639 53.194788463413715 1.193989906460047 90.873687669634819 1.6616876050829912 651.50426806136966 12.589638490229843 0.38544538617133994 1.0105591528117654 0.48018388822674751 0.57638253271579742 0.90637027844786633
leaf_count=6519 15 1006 8 49 5 198 20 178 44 205 8 9 44 13 35 5 4 95 19 623 10 815 20 3588 156 4 14 6 3 7
internal_value=3.73564e-05 0.0628654 -0.0401525 0.0504058 0.070048 -0.0455268 -0.031338 0.015864 0.0312579 0.0611361 -0.0462697 0.0640076 0.042665 0.00737296 0.0478738 0.0514671 -0.0455638 0.0555525 0.0362901 -0.0482793 0.0346419 -0.0459997 -0.0385562 0.0708774 -0.0277502 -0.0312098 -0.000859885 0.0399105 0.0434877 0.00393567
internal_weight=1793.19 699.593 1093.59 61.1661 656.47 1032.43 168.239 38.8777 31.4143 55.2331 43.1234 53.2367 15.4036 7.26536 26.0506 25.1236 129.361 24.0635 4.73721 864.188 6.79901 128.767 37.8928 651.958 16.1275 14.4658 1.87619 0.865629 1.12267 2.10036
internal_count=13725 4625 9100 347 3608 8753 1611 394 216 298 1017 290 85 41 172 152 1217 147 28 7142 52 1213 398 3593 200 180 24 10 11 17
is_linear=0
shrinkage=0.05


Tree=104
num_leaves=1
num_cat=0
split_feature=
split_gain=
threshold=
decision_type=
left_child=
right_child=
leaf_value=0
leaf_weight=
leaf_count=17101
internal_value=
internal_weight=
internal_count=
is_linear=0
shrinkage=1


Tree=105
num_leaves=1
num_cat=0
split_feature=
split_gain=
threshold=
decision_type=
left_child=
right_child=
leaf_value=0
leaf_weight=
leaf_count=17101
internal_value=
internal_weight=
internal_count=
is_linear=0
shrinkage=1


Tree=106
num_leaves=1
num_cat=0
split_feature=
split_gain=
threshold=
decision_type=
left_child=
right_child=
leaf_value=0
leaf_weight=
leaf_count=17101
internal_value=
internal_weight=
internal_count=
is_linear=0
shrinkage=1


Tree=107
num_leaves=1
num_cat=0
split_feature=
split_gain=
threshold=
decision_type=
left_child=
right_child=
leaf_value=0
leaf_weight=
leaf_count=17101
internal_value=
internal_weight=
internal_count=
is_linear=0
shrinkage=1


Tree=108
num_leaves=2
num_cat=0
split_feature=0
split_gain=2229.83
threshold=0.042222999967634685
decision_type=2
left_child=-1
right_child=-2
leaf_value=0.068041866011559385 -0.048699520605642796
leaf_weight=698.23672521114349 987.26349203661084
leaf_count=511 13214
internal_value=-0.000334003
internal_weight=1685.5
internal_count=13725
is_linear=0
shrinkage=0.05


Tree=109
num_leaves=8
num_cat=0
split_feature=12 14 12 6 0 0 0
split_gain=1746.76 473.209 2.37928 12.152 0.967768 2.28442 5.12539
threshold=9.5000000000000018 1.0000000180025095e-35 11.500000000000002 18.500000000000004 0.12768299877643588 0.13456099480390551 0.14423999935388568
decision_type=2 2 2 2 2 2 2
left_child=1 -1 3 -2 -3 -6 -7
right_child=2 4 -4 -5 5 6 -8
leaf_value=-0.048589631861616661 0.034703990094041591 0.06801923333812035 -0.048694321829699357 -0.048495319942205142 0.067136860732559839 0.06115377747895126 -0.045068487671330967
leaf_weight=99.592145040631294 5.2224379479885128 696.93506680428982 856.61811254173517 23.911422364413738 8.3276495933532697 2.891678385436534 1.6924927756190298
leaf_count=923 10 507 12008 239 6 3 29
internal_value=0.000314825 0.0534079 -0.0481988 -0.0333426 0.0677301 0.0513359 0.0207438
internal_weight=1695.19 809.439 885.752 29.1339 709.847 12.9118 4.58417
internal_count=13725 1468 12257 249 545 38 32
is_linear=0
shrinkage=0.05


Tree=110
num_leaves=31
num_cat=0
split_feature=10 0 12 8 12 14 15 6 0 6 13 6 6 6 0 13 12 14 6 6 0 3 6 0 12 6 12 0 6 0
split_gain=1650.94 102.713 293.636 27.2168 20.9152 35.608 18.2483 12.2801 10.5312 4.66201 4.30091 3.70297 2.88054 3.9823 2.75997 3.02022 2.54003 2.28229 2.1298 2.09876 2.67646 1.70355 1.27188 1.85544 1.97488 1.0739 0.950858 1.32395 0.84996 0.835802
threshold=1.0000000180025095e-35 0.41192199289798742 19.500000000000004 1.0000000180025095e-35 44.500000000000007 1.0000000180025095e-35 1.0000000180025095e-35 22.500000000000004 0.6319049894809724 38.500000000000007 1.0000000180025095e-35 60.000000000000007 54.500000000000007 55.500000000000007 0.49558301270008093 1.0000000180025095e-35 42.500000000000007 1.0000000180025095e-35 33.500000000000007 25.500000000000004 0.6894265115261079 0.040388500317931182 51.500000000000007 0.5107959806919099 14.500000000000002 43.500000000000007 43.500000000000007 0.67963299155235302 39.500000000000007 0.33501599729061132
decision_type=2 2 2 2 2 2 2 2 2 2 2 2 2 2 2 2 2 2 2 2 2 2 2 2 2 2 2 2 2 2
left_child=1 10 3 7 5 6 8 -3 9 16 29 -8 -7 -14 15 -11 -4 18 -12 20 21 -9 -21 -24 -25 -16 27 -10 -20 -1
right_child=-2 2 4 -5 -6 12 11 19 26 14 17 -13 13 -15 25 -17 -18 -19 28 22 -22 -23 23 24 -26 -27 -28 -29 -30 -31
leaf_value=-0.048355618888441421 0.068672885171421602 -0.038844995914674822 -0.051049940617025037 -0.047287004598386806 -0.048333357175741255 -0.048647129221339458 -0.043889096268439044 -0.05090572441540913 0.020982497051447915 -0.055744966545653724 -0.035142411048032979 0.054862702752707139 0.1173072903501218 -0.04056615013360361 0.069254758132243674 0.064474658054029188 0.070665020541667942 -0.042356167067082784 0.1145418123306603 0.062914481766894403 0.066125016509735443 0.030416994490957413 -0.0063568637568219722 0.069094303912328348 0.006742315070322003 0.012520191953864472 0.099434640024224696 0.063018571322456834 0.02946812371066139 -0.040368788007153295
leaf_weight=625.17678271234035 578.74572357535362 3.1266397610306731 4.2180638909339923 6.5154462754726401 242.23831575736403 53.531700752675533 11.286424934864041 1.253262892365455 2.8065683618187913 1.5569817088544371 0.61975824832916204 0.90764578431844789 0.54510074853896984 0.90545825287699699 2.6337971240282059 0.64149740338325489 0.35610988363623608 1.4113762937486174 0.55039647221565235 96.039989273995161 1.8369563519954679 1.0700527764856813 1.5644979104399661 4.5822537839412689 2.0311435833573341 1.6242467686533926 1.896376013755799 12.484241239726542 1.1689755246043203 47.036780513823032
leaf_count=4346 1958 46 70 166 3997 1308 155 16 14 18 3 6 2 13 9 2 3 22 2 356 6 10 8 15 9 7 7 44 10 1097
internal_value=-7.79203e-06 -0.0351407 -0.016771 0.051071 -0.0405082 -0.0205553 0.0149642 0.0569003 0.0371033 -0.000615427 -0.0475116 -0.0357455 -0.0467327 0.0192753 0.0261352 -0.0172116 -0.0391954 0.00456609 0.0355036 0.0597418 0.0222479 -0.0116779 0.0611679 0.0395396 0.0510749 0.0495443 0.0614638 0.0558143 0.0642485 -0.0478103
internal_weight=1710.36 1131.62 455.653 118.02 337.633 95.3942 40.412 111.505 28.2179 11.0307 675.964 12.1941 54.9823 1.45056 6.45652 2.19848 4.57417 3.75051 2.33913 108.378 4.16027 2.32332 104.218 8.1779 6.6134 4.25804 17.1872 15.2908 1.71937 672.214
internal_count=13725 11767 6287 632 5655 1658 335 466 174 109 5480 161 1323 15 36 20 73 37 15 420 32 26 388 32 24 16 65 58 12 5443
is_linear=0
shrinkage=0.05


Tree=111
num_leaves=31
num_cat=0
split_feature=8 9 5 0 10 12 1 0 10 12 6 7 0 12 16 0 3 6 16 12 3 12 12 12 6 6 7 0 3 6
split_gain=1736.6 186.576 20.9278 52.439 50.0843 30.8626 12.9778 5.94676 7.02862 17.3492 17.1165 4.60169 3.16077 2.81279 2.47144 1.78221 1.76511 1.5667 2.73607 3.66995 1.48556 1.40068 1.37948 1.70694 1.59747 2.85174 1.54663 3.0979 1.57057 1.33837
threshold=1.0000000180025095e-35 1.0000000180025095e-35 1.0000000180025095e-35 0.52504450082778942 1.0000000180025095e-35 59.500000000000007 0.089999999850988402 0.66134047508239757 1.0000000180025095e-35 42.500000000000007 31.500000000000004 16.500000000000004 0.4502789974212647 85.500000000000014 1.0000000180025095e-35 0.41837599873542791 0.039258500561118133 23.500000000000004 1.0000000180025095e-35 18.500000000000004 0.038914499804377563 31.500000000000004 5.5000000000000009 16.500000000000004 29.500000000000004 27.500000000000004 10.500000000000002 0.28539800643920904 0.040023500099778182 40.500000000000007
decision_type=2 2 2 2 2 2 2 2 2 2 2 2 2 2 2 2 2 2 2 2 2 2 2 2 2 2 2 2 2 2
left_child=1 2 -1 4 5 11 -2 8 9 10 -5 17 29 15 -11 -7 20 -4 19 -19 -14 -12 -20 24 25 -24 27 28 -25 -13
right_child=6 -3 3 7 -6 13 -8 -9 -10 14 21 12 16 -15 -16 -17 -18 18 22 -21 -22 -23 23 26 -26 -27 -28 -29 -30 -31
leaf_value=-0.048574906360171671 0.067945583145513161 0.068149830460729505 0.067092512922711608 0.039706604747000412 -0.049022717256324705 0.034174405296883884 -0.044892483127805582 -0.047776791254310946 -0.048668086732631455 0.07425231460795681 -0.039718390694813713 -0.0085167374084323035 0 -0.044625060063188629 -0.043916698990294378 -0.024054447140302554 -0.0097414083856189465 -0.043775422520485656 -0.0048384518090883975 0.064759166900309417 0.068198233361972643 0.0053344798254184693 0.085343214946290755 0 0.089033730055023311 -0.0005699787198458322 0.050907413514736932 -0.038609358895470708 0.07234343967627023 0.048556755870512142
leaf_weight=544.53416024148464 608.94972800463438 39.982618227601051 10.045534648001192 16.194596476852897 41.802567146718502 1.9830322936177278 2.4415116012096396 254.83899414539337 54.663048751652241 0.3284289613366117 13.251156732439993 0.98540861159563231 1.4978956133127206 14.913164883852003 51.810026120394468 3.4182670824229717 8.6658997572958452 1.9311516284942656 0.99458666890859859 1.1600367203354833 1.4724222794175146 1.7363153286278237 1.6551957279443761 1.2027593627572053 4.7716766148805618 1.8940963372588155 8.2788314409553987 1.6725269481539724 1.7760618329048155 7.6880452632904053
leaf_count=1552 5527 362 92 150 375 22 5 3546 516 3 117 7 14 232 788 46 75 11 7 10 13 21 14 7 42 11 71 8 15 66
internal_value=-1.65336e-05 -0.037705 -0.0417269 -0.0344064 -0.00509425 0.0190328 0.0674795 -0.043181 -0.0346283 -0.0253102 0.00404425 0.0383016 0.0187975 -0.0334766 -0.0429359 -0.00153483 0.00125539 0.0492715 0.0417733 -0.000725621 0.0342393 -0.0341668 0.0478794 0.050592 0.0691608 0.0393658 0.0378196 0.0128913 0.0437464 0.0414795
internal_weight=1706.54 1095.15 1055.17 510.632 117.809 76.0066 611.391 392.823 137.984 83.3205 31.1821 55.6921 20.3097 20.3145 52.1385 5.4013 11.6362 35.3825 25.3369 3.09119 2.97032 14.9875 22.2457 21.2511 8.32097 3.54929 12.9302 4.65135 2.97882 8.67345
internal_count=13725 8193 7831 6279 1138 763 5532 5141 1595 1079 288 463 175 300 791 68 102 288 196 21 27 138 175 168 67 25 101 30 22 73
is_linear=0
shrinkage=0.05


Tree=112
num_leaves=24
num_cat=0
split_feature=15 11 1 8 13 11 19 10 11 7 11 7 5 11 7 7 11 11 11 7 7 7 7
split_gain=1948.14 175.951 20.5838 20.1857 12.0315 14.594 6.66351 4.53014 2.22482 8.72336 1.16076 0.932615 0.875341 0.50414 0.436029 0.398085 0.311422 0.826915 1.11456 0.291095 0.220818 0.507574 0.209414
threshold=1.0000000180025095e-35 16.500000000000004 0.089999999850988402 1.0000000180025095e-35 1.0000000180025095e-35 6.5000000000000009 1.0000000180025095e-35 1.0000000180025095e-35 11.500000000000002 20.500000000000004 26.500000000000004 14.500000000000002 1.5000000000000002 5.5000000000000009 17.500000000000004 16.500000000000004 5.5000000000000009 4.5000000000000009 2.5000000000000004 10.500000000000002 16.500000000000004 15.500000000000002 46.500000000000007
decision_type=2 2 2 2 2 2 2 2 2 2 2 2 2 2 2 2 2 2 2 2 2 2 2
left_child=1 4 16 19 6 13 8 -7 15 11 -5 -10 -13 -6 20 -1 17 18 -2 -3 21 -14 -15
right_child=2 3 -4 10 5 7 -8 -9 9 -11 -12 12 14 22 -16 -17 -18 -19 -20 -21 -22 -23 -24
leaf_value=-0.048690542754437766 0.026587310068899112 0.026834081447940868 -0.046228005076033724 -0.04674066525065889 -0.049152171940835099 0.075231275800994035 0.078272831555085229 -0.039919257954558182 -0.048563794065256509 0.047756127781675213 0.045438118173236078 -0.043812722115739111 0.029916478755264205 0 -0.034167445582634952 -0.045261510001698819 0.068162417748542189 0.047024521261791963 0.074305900790194959 0.069088163186853374 0.038450666148601743 -0.034870747826243158 -0.035977612000299329
leaf_weight=780.4122249558568 1.9007533043622959 0.97839628905057807 3.8621701300144187 4.4679342657327643 7.0842642933130247 5.1552948504686347 0.93544542789459129 0.89362906664609898 16.37922019883991 2.8955424688756457 0.23625891655683506 1.6602126769721501 0.58596228808164619 1.2855906188488004 0.44596615433692921 178.21445285156369 631.38095135986805 11.553305089473724 12.540200509130955 37.40054365247488 0.58581628277897824 0.43866578489542007 0.65913283824920643
leaf_count=7006 10 6 8 112 56 28 5 7 412 24 2 40 7 5 8 2061 3571 59 68 209 7 8 6
internal_value=4.45462e-05 -0.0425914 0.0671526 0.0561921 -0.0468676 -0.00217834 -0.047548 0.057034 -0.0476809 -0.0313928 -0.040221 -0.0432247 -0.0177293 -0.0425853 0.00206534 -0.0480631 0.0678333 0.0594164 0.068595 0.0682135 0.0164332 0 -0.014984
internal_weight=1701.95 1040.71 661.237 43.0831 997.631 15.0779 982.554 6.04892 981.618 22.9914 4.70419 20.0958 3.71662 9.02899 2.05641 958.627 657.375 25.9943 14.441 38.3789 1.61044 1.02463 1.94472
internal_count=13725 10009 3716 329 9680 102 9578 35 9573 506 114 482 70 67 30 9067 3708 137 78 215 22 15 11
is_linear=0
shrinkage=0.05


Tree=113
num_leaves=1
num_cat=0
split_feature=
split_gain=
threshold=
decision_type=
left_child=
right_child=
leaf_value=0
leaf_weight=
leaf_count=17101
internal_value=
internal_weight=
internal_count=
is_linear=0
shrinkage=1


Tree=114
num_leaves=1
num_cat=0
split_feature=
split_gain=
threshold=
decision_type=
left_child=
right_child=
leaf_value=0
leaf_weight=
leaf_count=17101
internal_value=
internal_weight=
internal_count=
is_linear=0
shrinkage=1


Tree=115
num_leaves=1
num_cat=0
split_feature=
split_gain=
threshold=
decision_type=
left_child=
right_child=
leaf_value=0
leaf_weight=
leaf_count=17101
internal_value=
internal_weight=
internal_count=
is_linear=0
shrinkage=1


Tree=116
num_leaves=1
num_cat=0
split_feature=
split_gain=
threshold=
decision_type=
left_child=
right_child=
leaf_value=0
leaf_weight=
leaf_count=17101
internal_value=
internal_weight=
internal_count=
is_linear=0
shrinkage=1


Tree=117
num_leaves=2
num_cat=0
split_feature=0
split_gain=2012.61
threshold=0.042222999967634685
decision_type=2
left_child=-1
right_child=-2
leaf_value=0.065448249307576506 -0.048359459084617279
leaf_weight=671.75301933288574 920.8835819400847
leaf_count=511 13214
internal_value=-0.000352641
internal_weight=1592.64
internal_count=13725
is_linear=0
shrinkage=0.05


Tree=118
num_leaves=6
num_cat=0
split_feature=11 14 0 0 0
split_gain=1152.69 873.05 1.0975 3.70041 3.52977
threshold=2.5000000000000004 1.0000000180025095e-35 0.12768299877643588 0.13723200559616092 0.14423999935388568
decision_type=2 2 2 2 2
left_child=1 -1 -3 -4 -5
right_child=-2 2 3 4 -6
leaf_value=-0.04836676142538348 -0.048349097309694167 0.065560951825782615 0.063485579607349102 0.059003271889984887 -0.04476938853403116
leaf_weight=224.21525666490197 692.03150853142142 673.48689457774162 9.4617022946476919 1.3599548339843743 1.7668729498982427
leaf_count=2125 11049 509 8 1 33
internal_value=0.000282232 0.03726 0.0652539 0.0480429 0
internal_weight=1602.32 910.291 686.075 12.5885 3.12683
internal_count=13725 2676 551 42 34
is_linear=0
shrinkage=0.05


Tree=119
num_leaves=31
num_cat=0
split_feature=11 7 11 7 11 0 8 15 11 15 14 7 12 8 15 15 12 7 14 6 12 0 3 12 6 3 0 0 14 0
split_gain=886.476 420.59 345.31 33.3924 75.5426 22.2744 16.6751 15.7365 15.2307 10.5092 9.38302 6.13268 4.80238 9.27903 9.8717 4.47252 4.45685 3.88364 18.6032 23.5127 4.93383 3.16408 2.97768 2.96236 2.71271 2.48238 2.32392 2.83475 2.09627 3.04414
threshold=1.5000000000000002 20.500000000000004 6.5000000000000009 13.500000000000002 3.5000000000000004 0.069784998893737807 1.0000000180025095e-35 1.0000000180025095e-35 9.5000000000000018 1.0000000180025095e-35 1.0000000180025095e-35 30.500000000000004 52.500000000000007 1.0000000180025095e-35 1.0000000180025095e-35 1.0000000180025095e-35 43.500000000000007 7.5000000000000009 1.0000000180025095e-35 21.500000000000004 45.500000000000007 0.65787699818611156 0.039204500615596778 26.500000000000004 60.000000000000007 0.040925499051809318 0.46317449212074285 0.28539800643920904 1.0000000180025095e-35 0.57325351238250744
decision_type=2 2 2 2 2 2 2 2 2 2 2 2 2 2 2 2 2 2 2 2 2 2 2 2 2 2 2 2 2 2
left_child=5 3 6 17 10 -1 7 -3 9 16 15 -9 13 14 25 -5 -4 -2 19 -19 22 -13 -21 -23 -25 -6 27 -24 29 -18
right_child=1 2 8 4 12 -7 -8 11 -10 -11 -12 21 -14 -15 -16 -17 28 18 -20 20 -22 23 26 24 -26 -27 -28 -29 -30 -31
leaf_value=-0.046182823474298508 -0.048079270117572494 0.063155989708180593 -0.03576766336454263 0.047216014913837215 0.0089468937037265224 0.064645923311777459 -0.046039499509784927 -0.03687901747548479 -0.04830302349340522 -0.047282499188645716 -0.045611888711760813 -0.043125353625781397 -0.048287799775597912 -0.048025602798628247 -0.047636386532178637 -0.048452672954171376 -0.039403843113692077 -0.047867384703689828 -0.04782646311630577 0 -0.041593881595424195 0.078582134910089196 0.010623115110912549 -0.043358829065195892 0.070314836338107187 0.057888877910325258 0.008977181148864366 0.094412724206901708 0.0013943116349224153 0.068206415253961719
leaf_weight=4.4653533399105063 549.64006927423179 223.96959199011326 1.9628318771719957 37.153391126543283 9.7343991808593291 406.70294650644064 3.6281182169914237 5.1659476459026319 115.81495074182749 6.9840955398976794 3.0176179185509673 0.93126447498798359 77.789251424372196 24.980038728564978 7.7178774923086158 1.1343119665980328 0.60402720421552469 12.379703402519228 95.770924124866724 1.6722554266452778 1.2175818793475617 3.4061596393585205 1.3811780884861926 1.2158112302422521 0.77134124189615239 3.6352636814117423 1.5177150331437577 6.6640084497630596 2.3663999177515507 6.4979676753282547
leaf_count=10 3557 810 31 174 124 1450 94 73 2003 114 79 10 1403 683 121 11 10 216 2514 20 22 12 18 15 4 29 20 39 36 23
internal_value=6.9054e-06 -0.0215632 0.0225449 -0.0412802 -0.0210685 0.0634192 0.0585763 0.0602284 -0.0415919 0.000377247 0.0373612 0.00267987 -0.0406092 -0.0274583 -0.0027468 0.0441326 0.0300869 -0.0462494 -0.0378357 0.000532498 0.0490449 0.0358411 0.059589 0.0509233 0 0.0229566 0.0702549 0.0809488 0.0444924 0.0579398
internal_weight=1619.89 1208.72 373.319 835.406 165.162 411.168 239.088 235.46 134.23 18.4153 41.3053 11.4905 123.857 46.0676 21.0875 38.2877 11.4312 670.243 120.603 24.8324 12.4527 6.32458 11.2352 5.39331 1.98715 13.3697 9.5629 8.04519 9.46839 7.10199
internal_count=13725 12265 3235 9030 2624 1460 1018 924 2217 214 264 114 2360 957 274 185 100 6406 2849 335 119 41 97 31 19 153 77 57 69 33
is_linear=0
shrinkage=0.05


Tree=120
num_leaves=31
num_cat=0
split_feature=16 5 0 10 11 15 0 10 15 6 0 13 6 10 11 3 6 13 12 12 0 0 15 10 6 13 6 3 3 3
split_gain=1044.54 169.305 324.224 119.217 82.8511 77.4766 18.1146 16.0585 37.2945 15.4665 14.7234 10.6819 8.46457 6.95095 4.99773 4.38187 3.6529 3.52483 3.03226 2.97301 2.65455 2.24888 2.68084 10.0165 6.4673 2.28858 1.90124 2.29298 2.31169 1.75772
threshold=1.0000000180025095e-35 1.0000000180025095e-35 0.52108150720596325 1.0000000180025095e-35 2.5000000000000004 1.0000000180025095e-35 0.6161324977874757 1.0000000180025095e-35 1.0000000180025095e-35 37.500000000000007 0.36200200021266943 1.0000000180025095e-35 24.500000000000004 1.0000000180025095e-35 2.5000000000000004 0.051914999261498458 27.500000000000004 1.0000000180025095e-35 166.50000000000003 18.500000000000004 0.33501599729061132 0.67268550395965587 1.0000000180025095e-35 1.0000000180025095e-35 35.500000000000007 1.0000000180025095e-35 30.500000000000004 0.040913499891757972 0.039724498987197883 0.039574500173330314
decision_type=2 2 2 2 2 2 2 2 2 2 2 2 2 2 2 2 2 2 2 2 2 2 2 2 2 2 2 2 2 2
left_child=4 -2 3 5 10 11 7 8 9 17 -1 14 -12 15 16 -6 -3 19 -16 26 -18 22 23 24 25 29 27 28 -4 -8
right_child=1 2 6 -5 13 -7 21 -9 -10 -11 12 -13 -14 -15 18 -17 20 -19 -20 -21 -22 -23 -24 -25 -26 -27 -28 -29 -30 -31
leaf_value=0.066236099319255559 -0.048155873897624574 0.076934240186501135 0.018643765249798716 -0.048607802471979156 0.065407873935190361 -0.045960233727573921 0.084039504096687978 -0.04820675224460582 -0.04813917724518376 -0.03083462368429939 0.086512366501785731 -0.04855343109368826 -0.048973935899000745 -0.041950965938040707 0.064150232595059323 -0.038478836675043232 0.062384251420155523 -0.042929488281245438 -0.042277718606024035 0.064577219036996036 0.004849289794511275 -0.047686334315637242 -0.048180439215573301 -0.047958715260563882 -0.035565456780518402 -0.039185039891193575 -0.016022356947028478 -0.017676466492455356 0.12425334277542031 0.026661450293634543
leaf_weight=3.5488673672080067 509.15412766858935 3.5545627027750006 1.3106810003519163 35.611510090529919 471.30462180823088 18.875102538615465 2.0089811831712705 30.640177711844444 25.727359864860773 7.2598446048796168 1.1035156399011636 2.1206026300787917 21.341268934309483 1.3986426591873158 170.22226242721081 0.89610469341277976 2.5701142251491538 0.82525865733623405 0.55134021490812202 18.631796211004257 9.096097629517315 214.41813566163182 27.497654553502798 21.117089092731476 5.2491016015410414 0.791847314685583 2.0090965703129768 0.92097871005535115 1.003723658621311 5.3787102997303009
leaf_count=32 1558 30 9 342 4443 312 21 309 436 72 10 17 199 14 1570 2 20 9 6 170 66 3253 467 216 55 11 16 5 10 45
internal_value=0 -0.0268909 -0.00905205 0.0357238 0.0600831 0.0502732 -0.0388453 -0.0190051 -0.00335217 0.0325809 -0.0266064 0.059975 -0.0417367 0.0648563 0.0612646 0.065192 0.0327874 0.0514697 0.0637528 0.0551065 0.0183719 -0.045157 -0.0362725 -0.0265379 0.00688301 0.0348282 0.0199461 0.0435915 0.0697653 0.0438464
internal_weight=1616.14 1116.55 607.392 242.602 499.593 206.99 364.79 88.3289 57.6887 31.9614 25.9937 188.115 22.4448 473.599 185.994 472.201 15.2208 24.7015 170.774 23.8763 11.6662 276.462 62.0434 34.5457 13.4286 8.17954 5.24448 3.23538 2.3144 7.38769
internal_count=13725 9025 7467 2363 4700 2021 5104 1036 727 291 241 1709 209 4459 1692 4445 116 219 1576 210 86 4068 815 348 132 77 40 24 19 66
is_linear=0
shrinkage=0.05


Tree=121
num_leaves=31
num_cat=0
split_feature=11 13 8 10 7 19 0 11 8 10 16 0 11 16 7 11 6 6 12 10 6 0 0 6 12 12 7 12 12 7
split_gain=1468 178.578 171.805 20.4653 20.316 18.2083 10.5636 28.697 12.1298 11.6403 4.25962 3.9148 3.8833 3.21968 3.18286 5.69093 2.89596 2.77414 2.20622 2.94202 1.43215 8.02336 1.34982 1.09007 0.914547 1.54898 0.680336 0.670875 3.03326 0.630825
threshold=9.5000000000000018 1.0000000180025095e-35 1.0000000180025095e-35 1.0000000180025095e-35 4.5000000000000009 1.0000000180025095e-35 0.55691999197006237 4.5000000000000009 1.0000000180025095e-35 1.0000000180025095e-35 1.0000000180025095e-35 0.38822498917579656 23.500000000000004 1.0000000180025095e-35 34.500000000000007 5.5000000000000009 60.000000000000007 55.500000000000007 20.500000000000004 1.0000000180025095e-35 51.500000000000007 0.74440249800682079 0.66134047508239757 55.500000000000007 37.500000000000007 39.500000000000007 22.500000000000004 45.500000000000007 40.500000000000007 38.500000000000007
decision_type=2 2 2 2 2 2 2 2 2 2 2 2 2 2 2 2 2 2 2 2 2 2 2 2 2 2 2 2 2 2
left_child=1 5 4 11 -2 6 26 18 9 13 -6 -3 -4 -9 23 17 22 29 -8 20 -20 -22 27 -13 -24 -26 -1 28 -15 -16
right_child=2 3 12 -5 10 -7 7 8 -10 -11 -12 14 -14 16 15 -17 -18 -19 19 -21 21 -23 24 -25 25 -27 -28 -29 -30 -31
leaf_value=-0.047916196892135277 -0.046850278403157301 -0.012074481809628529 -0.048140555444137471 -0.047046066971481941 -0.043282808168030075 0.067801176649715217 -0.047503133548184605 -0.040994763454913555 -0.047224186351950255 -0.047014995448716124 0.065399872188246375 0.065778857402511479 0.042198537913249727 0.03765864160019726 -0.0027019396969197285 0.067298792223429951 -0.03540847903622333 0.047569609495871273 -0.015073703462471527 -0.047364315463845584 0.187974080108715 -0.040307901658623163 0.07262348338761207 0.015829059810202838 -0.0035163902450492026 0.051724761961753296 -0.037692429949684636 0.049719051142612991 -0.045578978856098885 -0.056272217924605697
leaf_weight=717.62907975539565 3.9506899490952483 1.9016289114952076 36.622624907642603 5.2187103033065787 0.7836373932659616 3.4674410521984091 105.88311287388206 1.1275094710290492 8.1818432919681054 4.9367301464080802 607.10721481963992 40.211743429303169 1.0969934761524189 3.9393225349485936 1.0642146617174133 4.5487653911113739 1.0358879417181004 1.1949688792228697 6.6367113329470158 8.4491859748959541 0.47955423593521107 1.0069445818662641 5.4577843695878965 1.4723342284560192 1.3506462201476095 6.5018503740429878 23.653685107827187 2.2716307528316975 1.3665417023003099 1.8620746210217474
leaf_count=6687 15 8 1006 49 14 20 1127 28 224 46 3579 231 11 38 6 26 5 7 97 85 5 9 31 10 8 38 278 15 12 10
internal_value=5.75788e-05 -0.0391885 0.0581163 0.0461673 0.0645049 -0.044629 -0.0450753 -0.0332142 0.0057829 0.0215697 0.0652444 0.055644 -0.0452764 0.0366137 0.0583194 0.0291791 0.041 -0.0123079 -0.0447689 -0.0268198 -0.00452678 0.0373921 0.0451782 0.0641763 0.0551818 0.0416697 -0.0476018 0.0264653 0.014849 -0.0391753
internal_weight=1610.41 960.85 649.561 57.4744 611.842 903.375 899.908 158.625 36.1697 27.9879 607.891 52.2557 37.7196 23.0512 50.3541 8.67002 21.9237 4.12126 122.456 16.5724 8.12321 1.4865 20.8878 41.6841 13.3103 7.8525 741.283 7.57749 5.30586 2.92629
internal_count=13725 9100 4625 347 3608 8753 8733 1768 445 221 3593 298 1017 175 290 49 147 23 1323 196 111 14 142 241 77 46 6965 65 50 16
is_linear=0
shrinkage=0.05


Tree=122
num_leaves=1
num_cat=0
split_feature=
split_gain=
threshold=
decision_type=
left_child=
right_child=
leaf_value=0
leaf_weight=
leaf_count=17101
internal_value=
internal_weight=
internal_count=
is_linear=0
shrinkage=1


Tree=123
num_leaves=1
num_cat=0
split_feature=
split_gain=
threshold=
decision_type=
left_child=
right_child=
leaf_value=0
leaf_weight=
leaf_count=17101
internal_value=
internal_weight=
internal_count=
is_linear=0
shrinkage=1


Tree=124
num_leaves=1
num_cat=0
split_feature=
split_gain=
threshold=
decision_type=
left_child=
right_child=
leaf_value=0
leaf_weight=
leaf_count=17101
internal_value=
internal_weight=
internal_count=
is_linear=0
shrinkage=1


Tree=125
num_leaves=1
num_cat=0
split_feature=
split_gain=
threshold=
decision_type=
left_child=
right_child=
leaf_value=0
leaf_weight=
leaf_count=17101
internal_value=
internal_weight=
internal_count=
is_linear=0
shrinkage=1


Tree=126
num_leaves=2
num_cat=0
split_feature=0
split_gain=1819.73
threshold=0.042222999967634685
decision_type=2
left_child=-1
right_child=-2
leaf_value=0.063192271849358425 -0.048045148618975353
leaf_weight=643.22611081600189 857.90497819334269
leaf_count=511 13214
internal_value=-0.000376183
internal_weight=1501.13
internal_count=13725
is_linear=0
shrinkage=0.05


Tree=127
num_leaves=6
num_cat=0
split_feature=12 5 0 12 6
split_gain=1433.85 350.587 34.1345 2.37349 10.7157
threshold=9.5000000000000018 1.0000000180025095e-35 0.042222999967634685 11.500000000000002 18.500000000000004
decision_type=2 2 2 2 2
left_child=1 2 -1 4 -2
right_child=3 -3 -4 -5 -6
leaf_value=-0.046626031224972504 0.03192917648275477 -0.047995962540839862 0.06320363061453306 -0.048039367670520423 -0.047775698350572951
leaf_weight=7.0321050882339469 5.123663246631625 81.228650372475386 652.09418499469757 744.27113409899175 20.889281246811152
leaf_count=17 10 938 513 12008 239
internal_value=0.000248185 0.0499356 0.0620174 -0.0475024 -0.0318229
internal_weight=1510.64 740.355 659.126 770.284 26.0129
internal_count=13725 1468 530 12257 249
is_linear=0
shrinkage=0.05


Tree=128
num_leaves=31
num_cat=0
split_feature=11 7 11 7 11 1 15 11 15 14 14 7 7 14 5 12 14 15 12 12 4 14 12 3 12 12 12 12 12 3
split_gain=793.771 384.593 325.243 24.1051 54.2304 19.7942 15.4746 15.3289 10.2565 8.72377 7.52351 6.21285 3.89742 17.9671 19.8179 3.49127 7.3651 6.68283 3.4612 3.44566 2.68128 2.48118 2.42868 2.42566 2.396 2.18604 2.01761 2.79493 1.91132 1.77974
threshold=1.5000000000000002 19.500000000000004 6.5000000000000009 13.500000000000002 3.5000000000000004 0.089999999850988402 1.0000000180025095e-35 9.5000000000000018 1.0000000180025095e-35 1.0000000180025095e-35 1.0000000180025095e-35 30.500000000000004 7.5000000000000009 1.0000000180025095e-35 1.5000000000000002 52.500000000000007 1.0000000180025095e-35 1.0000000180025095e-35 43.500000000000007 45.500000000000007 1.008294999599457 1.0000000180025095e-35 28.500000000000004 0.040941499173641212 14.500000000000002 55.500000000000007 19.500000000000004 25.500000000000004 26.500000000000004 0.039204500615596778
decision_type=2 2 2 2 2 2 2 2 2 2 2 2 2 2 2 2 2 2 2 2 2 2 2 2 2 2 2 2 2 2
left_child=5 3 6 12 10 -1 9 8 18 -3 26 -8 -2 14 19 16 17 23 -4 29 28 -20 -11 -6 -16 -23 -5 -28 -13 -14
right_child=1 2 7 4 15 -7 11 -9 -10 22 -12 20 13 -15 24 -17 -18 -19 21 -21 -22 25 -24 -25 -26 -27 27 -29 -30 -31
leaf_value=0.062345904412526888 -0.047741572341481797 0.060044383330812738 -0.022571701497554844 0.044930412345880716 0.014333440145027028 -0.045726818129290178 -0.037863306073189364 -0.04798503964092081 -0.047033425364337314 0.02289707775541772 -0.0448713801796609 0.071054952241302177 0.004601196365231347 -0.047470973066903593 0.024054597453687831 -0.047937131005862728 -0.042100146726804961 -0.046326313046259268 0.055666796051923817 -0.038109704947976671 -0.017987222885476512 -0.04228744232036135 -0.04263253506384259 0.079797816371121877 -0.044537703450816736 0.046732293201382925 -0.048163028293404075 0.057590802687000113 0 0.071188030620627799
leaf_weight=389.89109160006046 511.67009089514613 218.64580718427896 2.5628219731152084 27.391689747571949 5.5367004647850973 4.1626318693161002 5.6967681646347028 118.35609035380185 7.2867648825049391 8.8167298100888711 2.6443812586367121 3.4922417178750038 1.3460563607513893 89.219364397227764 1.2544547878205783 61.715471575036645 28.039871908724308 3.9577753432095051 7.2577665075659734 0.80780208483338434 1.6515188254415987 1.3963190801441672 1.5445333532989014 1.9725720025599001 12.516566473990677 1.1772279590368269 1.3647775240242475 0.98347284644842137 1.1188333220779894 8.082241762429474
leaf_count=1450 3557 824 42 127 55 10 84 2201 127 113 74 14 14 2514 15 1202 754 64 34 16 15 35 42 10 228 8 18 4 12 62
internal_value=2.85621e-05 -0.0211547 0.0199622 -0.0417061 -0.0223312 0.0611803 0.0550196 -0.0411957 -7.75347e-05 0.057914 0.0338292 -1.06147e-05 -0.0458364 -0.0371482 0.00104547 -0.0403637 -0.0283156 0.00503138 0.0272841 0.0536503 0.0336902 0.0408803 0.0123366 0.0330097 -0.0378005 0 0.0411215 -0.00128665 0.0532494 0.0623544
internal_weight=1531.56 1137.51 379.003 758.503 133.607 394.054 240.966 138.037 19.6809 229.007 32.3843 11.9594 624.897 113.226 24.0071 101.222 39.5069 11.467 12.3941 10.2361 6.26259 9.83131 10.3613 7.50927 13.771 2.57355 29.7399 2.34825 4.61108 9.4283
internal_count=13725 12265 3551 8714 2308 1460 1104 2447 246 979 223 125 6406 2849 335 2085 883 129 119 92 41 77 155 65 243 43 149 22 26 76
is_linear=0
shrinkage=0.05


Tree=129
num_leaves=31
num_cat=0
split_feature=8 5 0 10 15 0 10 15 7 3 13 11 6 13 11 0 12 12 3 6 15 3 12 0 12 3 7 7 3 3
split_gain=1402.81 46.9913 102.213 68.534 54.1289 10.9484 11.4234 32.9928 21.2674 10.2062 8.09572 7.25644 6.29208 4.34939 4.0548 3.56048 2.52169 2.92563 2.15007 2.3187 1.48101 1.32876 1.20278 0.861669 0.844082 1.30942 1.11623 2.66673 0.992802 0.884534
threshold=1.0000000180025095e-35 1.0000000180025095e-35 0.52504450082778942 1.0000000180025095e-35 1.0000000180025095e-35 0.66134047508239757 1.0000000180025095e-35 1.0000000180025095e-35 21.500000000000004 0.051914999261498458 1.0000000180025095e-35 2.5000000000000004 26.500000000000004 1.0000000180025095e-35 17.500000000000004 0.33501599729061132 17.500000000000004 125.50000000000001 0.040352500975131995 25.500000000000004 1.0000000180025095e-35 0.039948500692844398 16.500000000000004 0.60894247889518749 11.500000000000002 0.040406499058008201 12.500000000000002 16.500000000000004 0.039512500166893012 0.039644500240683563
decision_type=2 2 2 2 2 2 2 2 2 2 2 2 2 2 2 2 2 2 2 2 2 2 2 2 2 2 2 2 2 2
left_child=1 -1 3 4 10 6 7 8 13 20 11 12 -3 16 -13 -14 18 -18 19 -4 -2 23 24 -21 25 28 -26 -28 -17 -29
right_child=9 2 5 -5 -6 -7 -8 -9 -10 -11 -12 14 15 -15 -16 22 17 -19 -20 21 -22 -23 -24 -25 26 -27 27 29 -30 -31
leaf_value=-0.047902885742572537 0.063179372874285586 0.078488998898084125 0.088451258378546671 -0.04828887455177247 -0.046611877564145802 -0.046921836895669762 -0.047966227037249891 -0.047891853532184503 -0.03130450118910405 -0.043705833294152022 -0.047813317880292229 0.060045023472511755 0.059085741788120295 -0.044855847452388443 -0.040019590590748499 -0.014785410594390071 0.063462490423495499 -0.036172783940162594 -0.016005148305214944 -0.031382457827650659 -0.010626726362051121 0.063340010864067639 -0.035015701642219704 0.032859732264754887 -0.034526838365752766 -0.046317087964106621 0.11827700753817315 0.041613738531149691 0.04061407950558401 -0.0082016309974811009
leaf_weight=472.28048203140497 560.9539185911417 3.8225584179163006 1.5940785333514274 36.543181411921978 18.202794596552849 222.07169771939516 47.523770667612553 41.92240772023797 14.921358212828634 2.1250844001770011 2.0180671922862521 63.571736060082912 2.553750552237033 1.1791251935064782 0.90372077375650306 1.7875079363584503 16.273536942899231 0.64484173059463401 2.301204077899456 1.4040094129741199 0.53767489641904731 0.79043484479188908 2.4921332299709311 0.65368210524320591 0.68368832021951664 1.6370993033051489 0.6028345301747321 1.2528205849230292 1.2462123110890386 2.2335996329784393
leaf_count=1552 5523 33 14 375 322 3547 516 765 154 5 17 575 20 14 12 13 144 9 15 10 4 7 16 6 3 11 6 11 11 15
internal_value=2.98496e-05 -0.03663 -0.0257654 0.0104015 0.0312976 -0.0401464 -0.0284354 -0.0169665 0.0155518 0.0626787 0.0481143 0.0505679 0.0221836 0.0439104 0.0585052 0.00655061 0.0487144 0.0591809 0.0212435 0.0415679 0.0630979 0.0115214 -0.00467166 -0.0080798 0.00309497 -0.0112538 0.0181056 0.0287129 0.00694625 0.00896621
internal_weight=1526.73 963.112 490.832 139.552 103.009 351.28 129.208 81.6847 39.7623 563.617 84.8057 82.7877 18.3122 24.8409 64.4755 14.4896 23.6618 16.9184 6.74341 4.4422 561.492 2.84813 11.9359 2.05769 9.44376 4.67082 4.77294 4.08925 3.03372 3.48642
internal_count=13725 8193 6641 1440 1065 5201 1654 1138 373 5532 743 726 139 219 587 106 205 153 52 37 5527 23 86 16 70 35 35 32 24 26
is_linear=0
shrinkage=0.05


Tree=130
num_leaves=24
num_cat=0
split_feature=15 11 1 8 13 12 10 12 0 7 12 12 0 7 7 12 12 12 0 0 11 0 0
split_gain=1584.6 147.601 16.1946 15.8166 10.5031 13.707 3.65947 3.05365 10.5394 3.23141 2.67546 1.41958 1.14233 0.42324 0.338248 0.193026 0.175815 0.252344 0.165513 0.302002 0.0217092 0.00206215 1.00662
threshold=1.0000000180025095e-35 16.500000000000004 0.089999999850988402 1.0000000180025095e-35 1.0000000180025095e-35 42.500000000000007 1.0000000180025095e-35 62.500000000000007 0.64821052551269542 21.500000000000004 17.500000000000004 166.50000000000003 0.87545600533485424 16.500000000000004 10.500000000000002 72.500000000000014 16.500000000000004 12.500000000000002 0.56652751564979564 0.5889669954776765 5.5000000000000009 0.35892800986766821 0.3559699952602387
decision_type=2 2 2 2 2 2 2 2 2 2 2 2 2 2 2 2 2 2 2 2 2 2 2
left_child=1 4 10 14 7 20 -7 12 9 18 16 -5 13 -1 -3 -11 17 -2 -9 -20 -6 22 -15
right_child=2 3 -4 11 5 6 -8 8 -10 15 -12 -13 -14 21 -16 -17 -18 -19 19 -21 -22 -23 -24
leaf_value=-0.048030265942052508 0.0064025075055041507 0.021009008585399728 -0.045226819755499956 -0.045986384087437764 -0.048578278562597728 0.070365575932089877 -0.037998227921463568 -0.047989182015083787 0.058106578499104306 0.053645092045343123 0.063222144183832776 0.068373892026263136 0.0027106661076912075 -0.039429268770259603 0.063932954487068469 0.0059910853528505371 0 0.046820650087012777 0.0092226851983235863 -0.039223567533022585 -0.025991234539357158 -0.044628714378678928 0.040681383387709297
leaf_weight=676.30959044024348 1.3155628740787499 0.94477859884500404 3.3584003150463095 3.9861645288765422 6.448742173612116 5.08386106789112 0.7877923548221587 17.747495654970418 2.9534849599003783 0.50484809279441722 603.80112740397453 0.1699383109807967 0.94162356853485008 4.9154381528496733 34.735598027706146 0.82709350809454918 1.3930807411670687 0.85690154880285252 0.39336332678794761 0.47956531494855881 1.6239650771021841 150.63706378079951 0.28479674831032742
leaf_count=7006 7 6 8 113 56 29 7 471 17 6 3689 1 8 116 209 9 7 5 6 7 10 1927 5
internal_value=5.6209e-05 -0.0417597 0.0623527 0.0521989 -0.0460735 -0.00262766 0.0545964 -0.046775 -0.0280033 -0.0412254 0.0629631 -0.0386389 -0.0472818 -0.0473446 0.062998 0.0300302 0.0172072 0.025904 -0.0467227 -0.0135493 -0.0450199 -0.0443082 -0.0334138
internal_weight=1520.5 909.775 610.725 39.8365 869.939 13.9444 5.87165 855.994 22.9059 19.9524 607.367 4.1561 833.089 832.147 35.6804 1.33194 3.56555 2.17246 18.6204 0.872929 8.07271 155.837 5.20023
internal_count=13725 10009 3716 329 9680 102 36 9578 516 499 3708 114 9062 9054 215 15 19 12 484 13 66 2048 121
is_linear=0
shrinkage=0.05


Tree=131
num_leaves=1
num_cat=0
split_feature=
split_gain=
threshold=
decision_type=
left_child=
right_child=
leaf_value=0
leaf_weight=
leaf_count=17101
internal_value=
internal_weight=
internal_count=
is_linear=0
shrinkage=1


Tree=132
num_leaves=1
num_cat=0
split_feature=
split_gain=
threshold=
decision_type=
left_child=
right_child=
leaf_value=0
leaf_weight=
leaf_count=17101
internal_value=
internal_weight=
internal_count=
is_linear=0
shrinkage=1


Tree=133
num_leaves=1
num_cat=0
split_feature=
split_gain=
threshold=
decision_type=
left_child=
right_child=
leaf_value=0
leaf_weight=
leaf_count=17101
internal_value=
internal_weight=
internal_count=
is_linear=0
shrinkage=1


Tree=134
num_leaves=1
num_cat=0
split_feature=
split_gain=
threshold=
decision_type=
left_child=
right_child=
leaf_value=0
leaf_weight=
leaf_count=17101
internal_value=
internal_weight=
internal_count=
is_linear=0
shrinkage=1


Tree=135
num_leaves=2
num_cat=0
split_feature=0
split_gain=1612.1
threshold=0.042222999967634685
decision_type=2
left_child=-1
right_child=-2
leaf_value=0.061206764818726556 -0.047751017009443703
leaf_weight=592.71819496154785 794.29748493432999
leaf_count=494 13155
internal_value=-0.00118505
internal_weight=1387.02
internal_count=13649
is_linear=0
shrinkage=0.05


Tree=136
num_leaves=3
num_cat=0
split_feature=7 0
split_gain=957.472 689.337
threshold=1.5000000000000002 0.042222999967634685
decision_type=2 2
left_child=1 -1
right_child=-2 -3
leaf_value=-0.047658858796519633 -0.047777619004140313 0.061211310852725992
leaf_weight=189.80322009325027 596.83668253198266 619.93263752013445
leaf_count=494 12641 514
internal_value=0.000264615 0.0356831
internal_weight=1406.57 809.736
internal_count=13649 1008
is_linear=0
shrinkage=0.05


Tree=137
num_leaves=31
num_cat=0
split_feature=10 0 11 11 6 0 6 11 0 13 12 11 0 11 11 14 6 14 6 6 12 12 0 0 15 0 6 3 14 3
split_gain=1193.77 90.0396 224.237 18.3195 21.9284 11.3801 6.6832 6.18586 4.56996 3.40232 9.38455 3.39694 3.36564 9.75185 3.16192 2.94717 2.90224 2.66913 2.78135 3.84454 3.36749 3.10549 1.73582 1.91571 1.78002 1.58716 2.17178 1.40761 1.40649 1.98575
threshold=1.0000000180025095e-35 0.46317449212074285 3.5000000000000004 8.5000000000000018 33.500000000000007 0.69653701782226574 26.500000000000004 6.5000000000000009 0.6894265115261079 1.0000000180025095e-35 23.500000000000004 1.5000000000000002 0.39504700899124151 2.5000000000000004 7.5000000000000009 1.0000000180025095e-35 40.500000000000007 1.0000000180025095e-35 24.500000000000004 25.500000000000004 43.500000000000007 21.500000000000004 0.6319049894809724 0.46841099858284002 1.0000000180025095e-35 0.6699730157852174 30.500000000000004 0.040464999154210098 1.0000000180025095e-35 0.039748501032590873
decision_type=2 2 2 2 2 2 2 2 2 2 2 2 2 2 2 2 2 2 2 2 2 2 2 2 2 2 2 2 2 2
left_child=1 9 6 4 17 14 8 -7 11 12 -11 -3 -1 16 22 -16 -14 18 -4 20 -20 -21 23 -6 -24 26 -8 -18 29 -15
right_child=-2 2 3 -5 5 7 25 -9 -10 10 -12 -13 13 28 15 -17 27 -19 19 21 -22 -23 24 -25 -26 -27 -28 -29 -30 -31
leaf_value=-0.047210943826047513 0.061688881227734416 0.025950513373627283 -0.047588192089579394 -0.047727768247050967 0.037510368256171357 0.059048309018041756 0.020551930261089466 -0.049070651234922207 0.048133811607096649 0.093571379843205182 -0.045765349315307492 -0.050784266171073858 0.045320542266277179 0.016399306728402875 0.060408107374492627 -0.039155704753956418 -0.06840576111759164 -0.047721765866128411 -0.038491716099948094 0.047649974408945882 0.087616756787220751 -0.03902288055104966 0.028024724667474177 -0.052382277535290303 -0.042665476272307781 0.059381009518175092 0.050126936767165044 0.010092481783109349 -0.047454929529391093 -0.048225281856886862
leaf_weight=525.74718191288412 512.81786152720451 2.2372077032923681 5.727338694036006 179.56954449974 0.51769916713237929 12.893054738640783 8.3262585625052434 1.3464684300124634 4.1147689148783684 1.5636472404003132 4.2719236016273499 3.48506442271173 4.5966138467192641 2.2428056895732906 2.1085348576307292 0.97525148466229428 0.89888568967580784 30.686961470171809 0.62242862209677552 1.1393307596445081 1.6774529963731764 5.3600713610649109 2.0873095765709877 6.151150431483984 1.4009102173149588 45.965865544974804 39.721510965377092 1.0771724209189413 26.196958342567086 2.1893786750733852
leaf_count=5159 1966 11 103 3636 7 56 54 19 19 5 74 69 24 30 15 23 7 914 10 5 8 89 13 120 22 174 164 5 810 38
internal_value=0.000505332 -0.033416 -0.0136746 -0.0391392 -0.0178184 0.0172417 0.0481113 0.0482051 0.00819759 -0.0457626 -0.00664011 -0.0199944 -0.046158 -0.0310575 -0.0157941 0.0271096 0.0234395 -0.039229 -0.0207429 -0.00236946 0.0512222 -0.0225799 -0.0294448 -0.0442142 0 0.0522214 0.045159 -0.024782 -0.0429529 -0.01478
internal_weight=1437.72 924.899 356.114 252.264 72.694 27.4804 103.851 14.2395 9.83704 568.785 5.83557 5.72227 562.949 37.2018 13.2409 3.08379 6.57267 45.2136 14.5266 8.79928 2.29988 6.4994 10.1571 6.66885 3.48822 94.0136 48.0478 1.97606 30.6291 4.43218
internal_count=13649 11683 5531 5040 1404 275 491 75 99 6152 79 80 6073 914 200 38 36 1129 215 112 18 94 162 127 35 392 218 12 878 68
is_linear=0
shrinkage=0.05


Tree=138
num_leaves=31
num_cat=0
split_feature=8 9 5 5 10 13 1 11 11 10 7 13 7 6 12 13 3 3 7 12 11 12 6 11 12 3 6 11 11 4
split_gain=1245.92 137.745 21.2323 40.7025 30.2287 12.4609 10.9971 8.92769 8.51164 27.558 23.5381 10.4186 5.1698 3.63244 3.42329 4.66032 2.22149 2.59592 2.14396 2.41539 2.12588 1.9117 1.64093 1.61903 1.88573 1.68083 1.31411 1.006 1.00003 1.25567
threshold=1.0000000180025095e-35 1.0000000180025095e-35 1.0000000180025095e-35 1.5000000000000002 1.0000000180025095e-35 1.0000000180025095e-35 0.089999999850988402 16.500000000000004 9.5000000000000018 1.0000000180025095e-35 17.500000000000004 1.0000000180025095e-35 25.500000000000004 28.500000000000004 12.500000000000002 1.0000000180025095e-35 0.039407499134540565 0.03892949968576432 23.500000000000004 35.500000000000007 6.5000000000000009 11.500000000000002 23.500000000000004 7.5000000000000009 53.500000000000007 0.039885500445961959 30.500000000000004 23.500000000000004 2.5000000000000004 1.0319265127182009
decision_type=2 2 2 2 2 2 2 2 2 2 2 2 2 2 2 2 2 2 2 2 2 2 2 2 2 2 2 2 2 2
left_child=1 2 -1 4 5 7 27 23 9 10 11 20 13 -12 -15 16 17 -16 26 -20 21 22 -5 -4 25 -25 -18 -2 -28 -30
right_child=6 -3 3 8 -6 -7 -8 -9 -10 -11 12 -13 -14 14 15 -17 18 -19 19 -21 -22 -23 -24 24 -26 -27 28 -29 29 -31
leaf_value=-0.04764145942210507 0.06131734190125801 0.061458651237408103 0.0534982295640756 0.063214428051549948 -0.047698497604308714 -0.047235488212171717 -0.043882780855313851 -0.044660661584338762 -0.046109407636890899 -0.047772814056438316 -0.035895789270968946 -0.045766349635444591 -0.041049692697758058 -0.030289632529924657 0 -0.044846543495102226 0.088333626866630127 0.11398978675873316 -0.045303590274704715 0.049300426608250347 0.0074235981397999242 0.054755068445110092 -0.011964291967470321 -0.049853265569374451 0.043439729185243393 0.032701829693498122 -0.012107982312497514 0.010573599005446405 0.04894698414791189 -0.023594145774201394
leaf_weight=429.19097807630897 531.63559795171022 34.861950129270554 26.938983209431171 0.92079170420766887 17.354483962059021 4.3872100114822379 2.3792379498481742 2.6863156631588927 172.11673471704125 107.49994020164013 10.090945724397899 3.9443126134574404 32.557567998766899 5.9083175584673908 0.67120070010423605 2.4712476134300223 0.93869448825716784 1.3513043820857999 2.0978385210037236 0.84201408550143231 4.3306892327964297 16.235654540359974 2.2253972813487053 1.2555265277624124 4.0318655222654343 0.97813684493303288 1.2847435064613817 1.2633271887898434 3.0575711764395241 0.57001767307519902
leaf_count=1518 5489 357 228 8 190 69 6 50 3390 1258 139 73 401 54 7 44 11 14 19 8 45 147 16 6 40 10 11 10 27 4
internal_value=0.000437102 -0.0357861 -0.0397594 -0.0318112 0.00718412 0.0310146 0.0607239 0.0408233 -0.0379136 -0.0307078 -0.0101242 0.0280639 -0.0273011 -0.0117578 0.000794205 0.0151153 0.0295622 0.0763352 0.0175013 -0.0158324 0.0406953 0.0477967 0.00976746 0.0480026 0.0231193 -0.0117071 0.0350747 0.0612084 0.0223406 0.0358798
internal_weight=1426.08 890.8 855.938 426.748 57.6325 40.278 535.278 35.8908 369.115 196.998 89.4983 27.6568 61.8415 29.2839 19.1929 13.2846 10.8134 2.02251 8.79088 2.93985 23.7125 19.3818 3.14619 33.2045 6.26553 2.23366 5.85103 532.899 4.91233 3.62759
internal_count=13649 8144 7787 6269 593 403 5505 334 5676 2286 1028 289 739 338 199 145 101 21 80 27 216 171 24 284 56 16 53 5499 42 31
is_linear=0
shrinkage=0.05


Tree=139
num_leaves=31
num_cat=0
split_feature=11 13 8 19 10 0 0 11 10 8 12 19 11 7 3 7 11 7 12 3 3 11 12 12 0 0 0 12 10 11
split_gain=1164.59 147.263 140.089 20.7412 15.2307 13.3279 11.479 34.2962 6.70651 6.80451 4.34477 4.39895 2.59578 2.17201 1.67721 1.62151 3.67138 1.5219 1.8411 0.866493 0.844212 1.471 0.77248 1.13988 0.713777 0.674078 2.10167 0.665427 1.17492 0.536877
threshold=9.5000000000000018 1.0000000180025095e-35 1.0000000180025095e-35 1.0000000180025095e-35 1.0000000180025095e-35 0.20250499993562701 0.6161324977874757 4.5000000000000009 1.0000000180025095e-35 1.0000000180025095e-35 22.500000000000004 1.0000000180025095e-35 23.500000000000004 50.500000000000007 0.042682500556111343 34.500000000000007 5.5000000000000009 14.500000000000002 27.500000000000004 0.040715500712394721 0.041200499981641776 7.5000000000000009 38.500000000000007 39.500000000000007 0.67654350399971019 0.58306050300598156 0.71205550432205211 20.500000000000004 1.0000000180025095e-35 3.5000000000000004
decision_type=2 2 2 2 2 2 2 2 2 2 2 2 2 2 2 2 2 2 2 2 2 2 2 2 2 2 2 2 2 2
left_child=1 3 5 6 10 -2 17 27 9 13 11 25 -4 19 15 -12 -17 -1 -19 22 21 -21 -9 -24 -22 -3 -27 -8 29 -29
right_child=2 4 12 -5 -6 -7 7 8 -10 -11 14 -13 -14 -15 -16 16 -18 18 -20 20 24 -23 23 -25 -26 26 -28 28 -30 -31
leaf_value=-0.047456328829986981 -0.04619285131466918 -0.045199825546009785 -0.047605253066787034 0.064050403276164458 -0.046106234815424814 0.060913531123769238 -0.045902683434569332 0.070233567738455321 -0.045250042480150438 -0.043991627205890324 0.061166594283007573 0.072710362630751965 0.032004231528653004 -0.012488485894441161 -0.0048466810759817758 -0.020598573969950986 0.060404954922197308 -0.044289636122163828 -0.026985208135258832 -0.020302571967408842 0 0.052796511496968401 -0.0073741093001322578 0.048135106928552968 0.066683389878380725 0.052659280520623519 -0.035284592920894933 0.014748890679555994 -0.046327606706082235 -0.020837840739726807
leaf_weight=579.61891395412385 2.7989673893898717 1.4361964240670193 32.327655145898461 4.347159504890441 4.3499990850687018 545.00983520597219 73.516647970303893 5.5857249908149367 3.0405366346240035 2.4364371038973323 36.740486592054367 1.79500176012516 0.91571845859289069 1.4745225086808194 0.95152251422405143 2.0923883989453307 3.5308515131473541 64.960886782035232 23.330605057999492 1.7372330687940114 0.41614434123039235 0.97411252558231343 0.86258868128061283 6.8937465585768223 1.4423749595880506 0.96448339521884952 1.7547709718346594 1.1514059863984565 5.8691510111093521 4.2728019878268242
leaf_count=5949 15 10 1018 27 46 3524 873 37 32 76 230 10 10 8 3 13 22 994 525 11 6 6 5 46 9 6 10 11 67 50
internal_value=-5.8857e-05 -0.0378663 0.0542963 -0.0433667 0.0421899 0.0603488 -0.0439818 -0.028821 0.0226177 0.032465 0.050165 0.00891843 -0.045173 0.0425069 0.0556826 0.0571681 0.0295569 -0.0464591 -0.0398093 0.0473559 0.0255031 0.00512525 0.0542235 0.0413102 0.0508992 -0.0185235 -0.00155712 -0.0439689 -0.0306494 -0.0122484
internal_weight=1416.6 835.547 581.052 781.931 53.6157 547.809 777.584 109.673 24.8634 21.8229 49.2657 5.95045 33.2434 19.3864 43.3152 42.3637 5.62324 667.91 88.2915 17.9119 4.56986 2.71135 13.3421 7.75634 1.85852 4.15545 2.71925 84.81 11.2934 5.42421
internal_count=13649 9082 4567 8732 350 3539 8705 1237 236 204 304 36 1028 128 268 265 35 7468 1519 120 32 17 88 51 15 26 16 1001 128 61
is_linear=0
shrinkage=0.05


Tree=140
num_leaves=1
num_cat=0
split_feature=
split_gain=
threshold=
decision_type=
left_child=
right_child=
leaf_value=0
leaf_weight=
leaf_count=17101
internal_value=
internal_weight=
internal_count=
is_linear=0
shrinkage=1


Tree=141
num_leaves=1
num_cat=0
split_feature=
split_gain=
threshold=
decision_type=
left_child=
right_child=
leaf_value=0
leaf_weight=
leaf_count=17101
internal_value=
internal_weight=
internal_count=
is_linear=0
shrinkage=1


Tree=142
num_leaves=1
num_cat=0
split_feature=
split_gain=
threshold=
decision_type=
left_child=
right_child=
leaf_value=0
leaf_weight=
leaf_count=17101
internal_value=
internal_weight=
internal_count=
is_linear=0
shrinkage=1


Tree=143
num_leaves=1
num_cat=0
split_feature=
split_gain=
threshold=
decision_type=
left_child=
right_child=
leaf_value=0
leaf_weight=
leaf_count=17101
internal_value=
internal_weight=
internal_count=
is_linear=0
shrinkage=1


Tree=144
num_leaves=2
num_cat=0
split_feature=0
split_gain=1461.96
threshold=0.042222999967634685
decision_type=2
left_child=-1
right_child=-2
leaf_value=0.059478711820462729 -0.047483947591360376
leaf_weight=563.02007257938385 738.17535106278956
leaf_count=494 13155
internal_value=-0.00119694
internal_weight=1301.2
internal_count=13649
is_linear=0
shrinkage=0.05


Tree=145
num_leaves=6
num_cat=0
split_feature=12 7 0 12 6
split_gain=1162.51 290.709 32.009 1.83917 6.5429
threshold=9.5000000000000018 2.5000000000000004 0.042222999967634685 10.500000000000002 17.500000000000004
decision_type=2 2 2 2 2
left_child=1 2 -1 4 -2
right_child=3 -3 -4 -5 -6
leaf_value=-0.046098543821428299 0.068843790381363762 -0.047410547465151026 0.059494842347313427 -0.047487064569492428 -0.045992384787975064
leaf_weight=7.1433688700199118 1.4846801757812489 73.040621612221003 587.11794471740723 645.88165489956737 5.3610450569540262
leaf_count=20 1 971 510 12064 83
internal_value=0.000228803 0.0466359 0.0582096 -0.0472067 -0.0197346
internal_weight=1320.03 667.302 594.261 652.727 6.84573
internal_count=13649 1501 530 12148 84
is_linear=0
shrinkage=0.05


Tree=146
num_leaves=31
num_cat=0
split_feature=11 0 11 14 11 6 0 8 6 15 11 16 0 14 12 14 15 15 8 3 15 11 0 12 12 12 0 15 0 0
split_gain=643.929 234.931 310.315 53.4937 34.6093 37.7331 17.3463 9.99178 7.26071 7.24335 9.0528 6.01468 4.85416 19.0748 4.51041 3.5488 4.8946 2.93156 4.53715 2.82471 2.7839 3.95098 2.5417 2.51403 2.66393 2.08934 1.79852 3.84327 1.66607 1.58618
threshold=1.5000000000000002 0.38483300805091863 4.5000000000000009 1.0000000180025095e-35 9.5000000000000018 34.500000000000007 0.042222999967634685 1.0000000180025095e-35 26.500000000000004 1.0000000180025095e-35 5.5000000000000009 1.0000000180025095e-35 0.28539800643920904 1.0000000180025095e-35 26.500000000000004 1.0000000180025095e-35 1.0000000180025095e-35 1.0000000180025095e-35 1.0000000180025095e-35 0.039562501013278968 1.0000000180025095e-35 2.5000000000000004 0.71205550432205211 43.500000000000007 45.500000000000007 17.500000000000004 0.70024099946022045 1.0000000180025095e-35 0.53383100032806408 0.43528850376605993
decision_type=2 2 2 2 2 2 2 2 2 2 2 2 2 2 2 2 2 2 2 2 2 2 2 2 2 2 2 2 2 2
left_child=6 12 3 8 5 15 -1 9 26 -7 22 -5 -2 14 19 16 23 18 -13 -14 28 -22 -11 -4 -25 -21 29 -28 -10 -3
right_child=1 2 4 11 -6 7 -8 -9 20 10 -12 17 13 -15 -16 -17 -18 -19 -20 25 21 -23 -24 24 -26 -27 27 -29 -30 -31
leaf_value=-0.045069381044823359 -0.046882929875923511 0.046727096713151027 -0.013914826549925438 -0.047079593995470785 -0.04744429739739553 0.049534789556492945 0.058577248549379048 -0.045403456322921087 0.046077405016049122 -0.0023853121455730784 -0.046303892469351529 0.054832618140406658 -0.0024380751500621086 -0.044602870465941337 -0.04373963786607582 -0.045537481657135136 -0.040685905240419346 -0.045165587648403158 -0.041781329541175187 0.033901098655401793 0.054273563449597474 -0.04788869101978302 0.081472692759401319 0.089488573403356447 0 0.096446758903158236 0.064192178960937568 -0.042190913199616389 0.057598992683794252 -0.023637564410977186
leaf_weight=3.9593502283096305 433.77056866139174 0.84589846059679796 3.5625495091080674 14.928445521742107 169.60199192538857 26.329311402514577 359.56077488511801 4.0342062227427951 49.768684297800064 1.1770973205566391 5.036799855530262 3.9639583546668282 2.0059176646172983 44.115012146532536 1.5066994205117215 36.68905570730567 9.1464806385338306 1.8179658725857732 1.5916639473289249 3.5215820297598839 2.0523770898580547 1.5637073591351507 2.613181047141552 1.6075538471341135 1.7974437065422533 2.7460872866213322 2.8076165765523911 1.0601109415292742 155.61244940385222 4.3836207613348961
leaf_count=11 3506 9 47 493 3734 138 1471 130 226 13 93 22 22 1458 29 1183 174 31 54 24 7 16 10 6 18 13 10 14 627 60
internal_value=0.000517959 -0.0203828 0.00361952 0.0446275 -0.0340488 -0.00927353 0.0574225 0.0277831 0.0521771 0.036428 -0.00222356 -0.0288814 -0.0450962 -0.030563 0.03207 -0.0368721 -0.0166748 0.00743036 0.0260197 0.0468302 0.0540841 0.00865007 0.0547529 0.0142675 0.0447361 0.0631741 0.00771071 0.0334449 0.0548552 -0.0106544
internal_weight=1353.18 989.658 501.992 240.396 261.596 91.9937 363.52 39.1906 218.094 35.1564 8.82708 22.302 487.666 53.8953 9.78029 52.8031 16.114 7.37359 5.55562 8.27359 208.997 3.61608 3.79028 6.96755 3.405 6.26767 9.09725 3.86773 205.381 5.22952
internal_count=13649 12167 7115 1569 5546 1812 1482 384 969 254 116 600 5052 1546 88 1428 245 107 76 59 876 23 23 71 24 37 93 24 853 69
is_linear=0
shrinkage=0.05


Tree=147
num_leaves=31
num_cat=0
split_feature=16 5 0 14 10 15 0 10 15 6 6 13 11 0 15 10 6 6 6 11 13 11 12 12 0 3 6 7 11 3
split_gain=743.41 141.096 254.089 75.405 69.3443 33.8991 28.0122 23.5469 43.4795 11.6058 7.95149 6.93931 3.34921 2.41895 3.04896 11.9745 4.44801 2.12711 2.15457 1.85672 1.62376 1.47984 1.45903 1.32856 2.734 1.04808 1.44023 0.929781 1.10266 0.876835
threshold=1.0000000180025095e-35 1.0000000180025095e-35 0.48621849715709692 1.0000000180025095e-35 1.0000000180025095e-35 1.0000000180025095e-35 0.60894247889518749 1.0000000180025095e-35 1.0000000180025095e-35 36.500000000000007 24.500000000000004 1.0000000180025095e-35 19.500000000000004 0.68298450112342846 1.0000000180025095e-35 1.0000000180025095e-35 31.500000000000004 46.500000000000007 43.500000000000007 4.5000000000000009 1.0000000180025095e-35 11.500000000000002 7.5000000000000009 7.5000000000000009 0.39504700899124151 0.039341500028967864 41.500000000000007 14.500000000000002 2.5000000000000004 0.041969500482082374
decision_type=2 2 2 2 2 2 2 2 2 2 2 2 2 2 2 2 2 2 2 2 2 2 2 2 2 2 2 2 2 2
left_child=3 -2 4 10 5 11 7 8 9 12 -1 23 22 14 15 16 20 18 19 -11 -8 -21 -4 24 -3 26 -18 28 -12 -24
right_child=1 2 6 -5 -6 -7 13 -9 -10 17 27 -13 -14 -15 -16 -17 25 -19 -20 21 -22 -23 29 -25 -26 -27 -28 -29 -30 -31
leaf_value=0.061404393574975229 -0.047289075543945458 0.08536694852947839 0 0.059710026381823461 -0.047449306699867438 -0.044365093934516951 0.041764862191791458 -0.047309665437254116 -0.047323680706250766 -0.033415205100049306 -0.04787265493452636 -0.046318316350979612 -0.043614118535859982 -0.046737766644304658 -0.047292785435684069 -0.047147223737971866 0.078915094504813946 -0.045974076844785355 0.065857762334754003 0.064842428226451782 -0.034629976634861857 -0.023569424837046646 0.057131425980955719 0.057039117619671634 -0.04308392497654643 -0.031390083843199267 -0.030701335783469553 -0.047005725595065113 0.022527942692409625 0
leaf_weight=1.856368981301787 400.13587041199207 0.58346284180879482 1.2185357660055185 406.14817346632481 20.379996418952942 8.8618584387004358 7.5612247511744481 30.674466736614704 24.17813254147768 3.0458025820553285 0.88741122186184185 1.5325538851320732 0.78403684496879478 167.14261989668012 28.628746334463358 22.874651066958904 0.47357071936130424 3.0913901701569557 1.0603613220155237 1.0610657036304472 0.61804454401135434 0.62487031891942013 29.450970392674211 152.3366619721055 0.92670384049415588 4.8274599760770798 0.46562553942203522 18.534960195422173 1.0954221934080122 0.79900751262903114
leaf_count=15 1525 5 10 4406 241 177 70 383 500 26 5 12 11 3127 603 289 7 36 12 9 11 9 287 1573 6 60 6 214 8 6
internal_value=0.000453629 -0.0250342 -0.00766682 0.0547823 0.0392429 0.0500529 -0.0340433 -0.0112325 0.00568098 0.0369955 -0.0343132 0.0554951 0.0509316 -0.0434268 -0.0348367 -0.0249146 0.0112722 -0.0130482 0.00415857 -0.00970998 0.0350398 0.0297892 0.0535762 0.0565712 0.00565824 -0.0216095 0.0220343 -0.0434716 -0.00736477 0.0557301
internal_weight=1341.86 913.338 513.202 428.522 184.621 164.241 328.581 95.9886 65.3142 41.136 22.3742 155.379 32.2526 232.592 65.4493 36.8206 13.9459 8.88349 5.7921 4.73174 8.17927 1.68594 31.4685 153.847 1.51017 5.76666 0.939196 20.5178 1.98283 30.25
internal_count=13649 9001 7476 4648 2014 1773 5462 1289 906 406 242 1596 314 4173 1046 443 154 92 56 44 81 18 303 1584 11 73 13 227 13 293
is_linear=0
shrinkage=0.05


Tree=148
num_leaves=31
num_cat=0
split_feature=15 11 0 0 12 0 16 7 12 6 6 0 11 6 6 12 12 7 3 0 0 7 11 12 0 3 12 0 7 11
split_gain=1298.87 109.552 10.9209 9.60721 7.07794 11.9103 2.66622 1.61457 1.54328 3.91242 4.24485 1.48315 7.62556 1.16445 1.58913 1.85021 0.67679 1.33808 1.01353 0.528631 0.323186 1.61891 0.306496 1.09085 0.298666 0.198823 0.18378 0.134946 0.0773661 6.84619
threshold=1.0000000180025095e-35 16.500000000000004 0.32319949567317968 0.20250499993562701 62.500000000000007 0.53383100032806408 1.0000000180025095e-35 22.500000000000004 22.500000000000004 41.500000000000007 50.500000000000007 0.65118700265884411 6.5000000000000009 24.500000000000004 47.500000000000007 55.500000000000007 103.50000000000001 18.500000000000004 0.039655499160289771 0.87545600533485424 0.64821052551269542 21.500000000000004 4.5000000000000009 31.500000000000004 0.75920850038528453 0.039176499471068389 84.500000000000014 0.47544349730014807 42.500000000000007 5.5000000000000009
decision_type=2 2 2 2 2 2 2 2 2 2 2 2 2 2 2 2 2 2 2 2 2 2 2 2 2 2 2 2 2 2
left_child=1 4 -3 -2 11 7 -7 -6 9 -5 -11 -1 19 24 15 -15 17 18 25 22 21 -8 -13 -24 -14 -4 -22 -9 -10 -30
right_child=3 2 16 8 5 6 20 27 28 10 -12 12 13 14 -16 -17 -18 -19 -20 -21 26 -23 23 -25 -26 -27 -28 -29 29 -31
leaf_value=-0.047160902311936891 -0.043224372370001894 -0.045931070333030691 0 0.079773383196388922 -0.045041020270929655 -0.043246779205203 -0.038127773751015191 0.028746284970111332 0.059741271525517725 -0.050084905764218091 0.072878621167467947 -0.044912191189240995 0.015771399781033469 -0.046998238137650944 0.053199950352012762 0.044381891215449991 0.059244914569618758 0.057078049105038248 -0.051441540909307304 0 0.062652884559387056 0.056813654147872643 0.00021149141053053495 -0.046228544921464339 0.073630491029577277 0.04515049290005093 0.019820483769498853 0 -0.030330652818610134 0.059603500489692221
leaf_weight=651.03066375106573 2.1792900562286368 2.7293674144893876 0.35688823647797396 2.0609435886144629 15.532141217961913 0.77530129812657733 0.55913556739687909 0.62682661786675342 509.9687555283308 1.9738472178578379 0.94971418380737294 63.153078086674213 0.71714294143020996 1.7488983999937779 0.97271100431680668 0.65241659432649601 26.854419652372599 1.8775389194488523 0.59392142668366432 0.61691716313362022 3.5828766822814941 1.1316747814416883 1.8522405177354802 2.8336085341870785 0.89894820749759674 0.49300478398799896 0.79513271898031224 0.38680478930473328 2.1298611462116233 32.085866346955299
leaf_count=8202 6 85 8 12 473 16 11 7 3435 11 5 789 10 18 7 4 185 12 14 6 22 7 26 35 5 3 6 5 8 216
internal_value=-4.44157e-05 -0.0415351 0.0475725 0.0586989 -0.0454682 -0.0179435 0.0367902 -0.0409693 0.0591203 0.0285218 -0.00739748 -0.0463474 -0.039014 0.0196474 0.00102673 -0.0193903 0.0563187 0.0301579 -0.00304012 -0.0433855 0.0483609 0.0222495 -0.0438046 -0.027206 0.0532842 0.0273747 0.0566066 0.0153749 0.0593861 0.0537875
internal_weight=1332.12 780.772 32.9051 551.348 747.867 23.3899 6.84412 16.5458 549.169 4.9845 2.92356 724.477 73.446 4.99012 3.37403 2.40131 30.1758 3.32135 1.44381 68.4558 6.06882 1.69081 67.8389 4.68585 1.61609 0.849893 4.37801 1.01363 544.184 34.2157
internal_count=13649 9956 307 3693 9649 547 62 485 3687 28 16 9102 900 44 29 22 222 37 25 856 46 18 850 61 15 11 28 12 3659 224
is_linear=0
shrinkage=0.05


Tree=149
num_leaves=1
num_cat=0
split_feature=
split_gain=
threshold=
decision_type=
left_child=
right_child=
leaf_value=0
leaf_weight=
leaf_count=17101
internal_value=
internal_weight=
internal_count=
is_linear=0
shrinkage=1


Tree=150
num_leaves=1
num_cat=0
split_feature=
split_gain=
threshold=
decision_type=
left_child=
right_child=
leaf_value=0
leaf_weight=
leaf_count=17101
internal_value=
internal_weight=
internal_count=
is_linear=0
shrinkage=1


Tree=151
num_leaves=1
num_cat=0
split_feature=
split_gain=
threshold=
decision_type=
left_child=
right_child=
leaf_value=0
leaf_weight=
leaf_count=17101
internal_value=
internal_weight=
internal_count=
is_linear=0
shrinkage=1


Tree=152
num_leaves=1
num_cat=0
split_feature=
split_gain=
threshold=
decision_type=
left_child=
right_child=
leaf_value=0
leaf_weight=
leaf_count=17101
internal_value=
internal_weight=
internal_count=
is_linear=0
shrinkage=1


Tree=153
num_leaves=2
num_cat=0
split_feature=0
split_gain=1327.34
threshold=0.042222999967634685
decision_type=2
left_child=-1
right_child=-2
leaf_value=0.057956597704637625 -0.047237006036704304
leaf_weight=533.02764487266541 685.31267583742738
leaf_count=494 13155
internal_value=-0.0012094
internal_weight=1218.34
internal_count=13649
is_linear=0
shrinkage=0.05


Tree=154
num_leaves=8
num_cat=0
split_feature=12 14 12 6 0 0 0
split_gain=1057.49 283.882 1.75628 5.92755 0.647303 1.98951 1.85042
threshold=9.5000000000000018 1.0000000180025095e-35 10.500000000000002 17.500000000000004 0.12768299877643588 0.13456099480390551 0.14423999935388568
decision_type=2 2 2 2 2 2 2
left_child=1 -1 3 -2 -3 -6 -7
right_child=2 4 -4 -5 5 6 -8
leaf_value=-0.047094091802956053 0.065359595502434753 0.057927310248478282 -0.047239841916864082 -0.04561437879241826 0.056354543614342334 0.043342448231080549 -0.040905682131283289
leaf_weight=72.989230887964368 1.4531805515289296 549.34652302414179 599.65043968893588 4.9994605835527182 5.5118763446807852 1.2189449369907381 1.1839026249945162
leaf_count=960 1 506 12064 83 5 2 28
internal_value=0.000192956 0.045541 -0.0469533 -0.0192432 0.0576894 0.0400391 0
internal_weight=1236.35 630.25 606.103 6.45264 557.261 7.91472 2.40285
internal_count=13649 1501 12148 84 541 35 30
is_linear=0
shrinkage=0.05


Tree=155
num_leaves=31
num_cat=0
split_feature=10 7 12 12 7 12 7 14 0 15 0 14 0 0 3 3 12 12 12 14 3 3 0 3 0 3 0 3 0 0
split_gain=975.125 104.66 143.645 14.0149 10.9995 29.4352 7.01125 5.59449 4.76049 4.05316 5.27836 3.08262 2.08007 2.05139 1.54577 2.02659 1.4652 1.25085 7.7201 2.07114 1.22552 1.53599 1.06973 1.97479 1.0594 0.986272 0.98434 1.17022 0.832087 1.39605
threshold=1.0000000180025095e-35 20.500000000000004 44.500000000000007 21.500000000000004 13.500000000000002 18.500000000000004 37.500000000000007 1.0000000180025095e-35 0.46317449212074285 1.0000000180025095e-35 0.49869149923324591 1.0000000180025095e-35 0.38483300805091863 0.69653701782226574 0.039501499384641654 0.039367500692605979 23.500000000000004 52.500000000000007 51.500000000000007 1.0000000180025095e-35 0.040377499535679824 0.041166499257087714 0.36200200021266943 0.040941499173641212 0.82243651151657116 0.039562501013278968 0.83898451924324047 0.039712499827146537 0.5694749951362611 0.63755548000335704
decision_type=2 2 2 2 2 2 2 2 2 2 2 2 2 2 2 2 2 2 2 2 2 2 2 2 2 2 2 2 2 2
left_child=1 4 3 8 -1 7 9 12 25 10 -5 16 -6 -8 15 -14 -12 18 19 20 -7 22 -22 24 -24 -3 -11 -28 -16 -30
right_child=-2 2 -4 6 5 17 13 -9 -10 26 11 -13 14 -15 28 -17 -18 -19 -20 -21 21 -23 23 -25 -26 -27 27 -29 29 -31
leaf_value=-0.046108744352985134 0.058399927303869614 -0.05625331114623771 -0.046932766674263486 -0.051262576130226514 -0.046062914854034881 -0.033294565642706817 -0.035421559810033108 -0.044413154410878723 0.052236512665430959 -0.04653946058335811 -0.028320077105742292 -0.041447658172770706 0.018052835311454112 0.050511877032665548 0.045672306498766524 -0.064517147331288702 0.043649822694311474 -0.04711257095537516 0.091119014154073391 -0.046986439291482246 0.072471858985900015 -0.044096910360258229 -0.044506384305733962 0.06912028722359552 0.03858581880298613 0.0054364862591070439 0.061903259953399403 -0.034728017649385677 -0.0051539884316920458 0.04379026013646483
leaf_weight=492.64155295863748 462.96553607285023 0.72445057891309206 91.186559641733766 2.7250587958842578 0.83190550655127182 6.0687544345855695 0.61469236575066943 3.0987995434552422 74.225197425112128 5.9298191554844371 0.62247508764266601 1.3052910752594478 5.9070686437189606 8.7184524536132795 10.639842607080938 0.73453011363744725 7.7970729470252991 58.05492484383285 1.0762973707169283 22.979632513597608 0.64816012978553805 1.2244603484869001 1.4418011754751208 0.70584753155708302 0.36407124623656262 2.5171403586864471 0.4240000359714029 0.66149931028485298 2.6618042774498454 2.7068130522966385
leaf_count=6307 1966 9 2095 60 11 99 11 109 328 112 3 38 32 41 46 6 34 1409 13 792 2 21 24 3 2 23 8 14 19 12
internal_value=0.000529053 -0.0325759 -0.000897607 0.0385653 -0.0427899 -0.028998 0.00853571 0.0171958 0.049639 -0.00835427 0.00846058 0.0260563 0.025692 0.0440066 0.0287381 0.00735777 0.0374721 -0.0423213 -0.0340036 -0.0384404 -0.0189123 0.000179053 0.0196963 0.00190946 -0.0239856 -0.00812488 -0.0385974 0.000836735 0.0371972 0.0189585
internal_weight=1272.2 809.238 197.452 106.265 611.786 119.145 28.7984 26.5808 77.4668 19.4652 12.4499 9.72484 23.482 9.33314 22.6501 6.6416 8.41955 92.5639 34.509 33.4327 10.4531 4.38434 3.15988 2.51172 1.80587 3.24159 7.01532 1.0855 16.0085 5.36862
internal_count=13649 11683 2776 681 8907 2600 321 235 360 269 135 75 126 52 115 38 37 2365 956 943 151 52 31 29 26 32 134 22 77 31
is_linear=0
shrinkage=0.05


Tree=156
num_leaves=31
num_cat=0
split_feature=8 9 5 0 10 13 11 3 0 10 11 6 13 7 12 3 3 7 3 11 0 12 13 11 12 11 12 7 11 12
split_gain=1014.9 114.024 20.3081 43.7242 38.4764 22.9163 13.7392 8.81033 4.67795 5.20098 11.06 5.42466 2.80161 2.66773 2.42636 2.6992 2.44989 3.39645 2.41526 2.25797 1.93948 1.85007 2.38948 1.9892 1.42983 1.59826 1.30843 1.10208 1.05411 1.16132
threshold=1.0000000180025095e-35 1.0000000180025095e-35 1.0000000180025095e-35 0.5433734953403474 1.0000000180025095e-35 1.0000000180025095e-35 16.500000000000004 0.051914999261498458 0.64821052551269542 1.0000000180025095e-35 9.5000000000000018 30.500000000000004 1.0000000180025095e-35 14.500000000000002 17.500000000000004 0.041758999228477485 0.039501499384641654 24.500000000000004 0.037832999601960189 11.500000000000002 0.38483300805091863 25.500000000000004 1.0000000180025095e-35 7.5000000000000009 17.500000000000004 2.5000000000000004 10.500000000000002 20.500000000000004 6.5000000000000009 9.5000000000000018
decision_type=2 2 2 2 2 2 2 2 2 2 2 2 2 2 2 2 2 2 2 2 2 2 2 2 2 2 2 2 2 2
left_child=1 2 -1 4 5 6 13 -2 9 10 11 12 28 24 16 18 17 26 -16 -20 -18 -13 23 -23 -4 -26 -15 -21 29 -5
right_child=7 -3 3 8 -6 -7 -8 -9 -10 -11 -12 21 -14 14 15 -17 20 -19 19 27 -22 22 -24 -25 25 -27 -28 -29 -30 -31
leaf_value=-0.047114434269542503 0.057953831538245432 0.058188193827598857 0.064847068280878495 0 -0.047320063410832169 -0.047145411032215812 -0.042386928623185535 -0.042790943922328191 -0.045449065800044236 -0.047019481736625061 -0.043797100490856014 -0.038002588132908216 -0.040508424932539276 0.1562586830749097 -0.064058254379962584 -0.032145843581269005 0.067897940265324724 -0.038887789950555744 0.05443580789710295 0.035357459384485812 -0.013154553507880199 0.075034670012883553 -0.041876878392454797 -0.010852404347541776 -0.016185263060567872 0.042840290136718688 0.049572244165497881 -0.034048779815806021 0.0015310053449149675 0.047630041551379176
leaf_weight=369.43467364832759 479.86094104498625 31.493140883743763 9.9972997084260005 1.2847294434905041 33.787519909441471 11.486128076910971 5.8638007938861838 2.0556982755661002 192.71918058767915 30.189453952014446 24.438303146511316 6.77486479654908 1.2987981028854854 0.40472893416881905 0.38435246795416134 1.121256798505782 0.70335823297500422 0.73609229922294606 13.463760130107401 0.98225256428122465 7.9102788269519806 1.3216941393911841 1.5331526361405852 1.0738051645457742 1.0594674646854425 15.398427244275807 1.845387205481529 1.1095316074788568 2.4250923953950414 8.1811505369842035
leaf_count=1518 5499 357 92 9 433 233 127 6 3759 409 551 72 28 5 2 7 6 6 127 12 58 13 31 11 6 145 16 15 22 74
internal_value=0.00048372 -0.0348142 -0.0387495 -0.0305396 -0.00329552 0.0171991 0.0294581 0.0575049 -0.0411884 -0.0306231 -0.0202022 0.00380443 0.0253576 0.0372552 0.0261506 0.0381764 0.00786048 0.0462677 0.0436044 0.0469761 -0.00525903 -0.0222813 0.00385896 0.0356393 0.0489536 0.0386638 0.0767219 0 0.0332467 0.0407484
internal_weight=1260.34 778.422 746.929 377.494 106.254 72.4661 60.98 481.917 271.24 78.521 48.3316 23.8933 13.1898 55.1162 28.661 17.0612 11.5998 2.98621 15.9399 15.5555 8.61364 10.7035 3.92865 2.3955 26.4552 16.4579 2.25012 2.09178 11.891 9.46588
internal_count=13649 8144 7787 6269 1290 857 624 5505 4979 1220 811 260 133 497 254 163 91 27 156 154 64 127 55 24 243 151 21 27 105 83
is_linear=0
shrinkage=0.05


Tree=157
num_leaves=31
num_cat=0
split_feature=11 13 8 19 0 0 11 12 6 8 6 7 12 11 11 3 11 7 12 6 0 0 6 12 12 12 3 3 3 7
split_gain=951.922 124.022 112.781 17.6552 10.8419 10.5521 28.7446 7.45216 5.14137 4.11396 5.26001 2.65471 2.60399 2.34732 1.93567 1.85232 1.76649 1.61946 1.77599 1.39628 1.39121 1.49123 0.967586 0.671693 0.584889 2.04948 0.511408 0.678628 0.471929 0.464968
threshold=9.5000000000000018 1.0000000180025095e-35 1.0000000180025095e-35 1.0000000180025095e-35 0.20250499993562701 0.6161324977874757 4.5000000000000009 23.500000000000004 31.500000000000004 1.0000000180025095e-35 56.500000000000007 34.500000000000007 34.500000000000007 23.500000000000004 3.5000000000000004 0.042682500556111343 6.5000000000000009 14.500000000000002 27.500000000000004 50.500000000000007 0.82243651151657116 0.84520250558853161 28.500000000000004 20.500000000000004 41.500000000000007 44.500000000000007 0.040044499561190612 0.041426500305533416 0.037994500249624259 27.500000000000004
decision_type=2 2 2 2 2 2 2 2 2 2 2 2 2 2 2 2 2 2 2 2 2 2 2 2 2 2 2 2 2 2
left_child=1 3 4 5 -2 17 23 8 -3 10 20 14 26 -4 -9 -16 -12 -1 -19 -10 24 22 -22 -7 -8 -26 -13 -28 -25 -20
right_child=2 7 13 -5 -6 6 9 11 19 -11 16 12 -14 -15 15 -17 -18 18 29 -21 21 -23 -24 28 25 -27 27 -29 -30 -31
leaf_value=-0.046909925144767946 -0.045435146517085252 0.056227156583326443 -0.047056124473568266 0.060805211942455917 0.057585756456806192 -0.045076908130384355 0.054291887375260285 -0.019681982422546367 -0.047867269030295034 -0.043020397113856274 -0.053597186305326498 0.0077563929593329256 0.046057791198142906 0.028849238354052592 0.057426525744151503 -0.016876908395516782 0.021334137459458617 -0.043303370969407486 -0.02800848305003539 0.0029336674001987609 0.00035291399212403364 0.048259818326047553 -0.075396497861051653 0.028696175260843039 -0.012075396129801269 0.046787984378496683 -0.053216226265245248 0.0027425983185547262 -0.030759133047005879 -0.001990002722415151
leaf_weight=499.47889128886163 2.443876387551426 2.316395327448844 27.964215278625492 3.9808546453714362 491.07635147497058 63.749843019992113 8.2084408719092696 0.72820986807346244 3.7513858675956726 2.135505646467208 2.253256924450397 1.0087689980864518 3.4584840536117554 0.9108068123459806 33.177274920046329 0.71347050368785758 0.99989023804664601 56.677328776568174 18.683789744973186 1.7943358272314069 0.82767999917268686 0.93531527370214451 0.55718985199928284 0.18330414593219657 1.8244837895035733 5.271680936217308 1.2169835418462751 0.6343213990330695 9.8919571172445995 2.3692239951342335
leaf_count=5949 15 15 1018 27 3524 873 63 5 34 76 20 9 25 10 232 2 7 994 493 15 6 7 4 1 15 38 8 5 127 32
internal_value=-4.22774e-05 -0.0370471 0.0514316 -0.0425923 0.0570564 -0.0432193 -0.0277628 0.0398257 -0.00413595 0.0208138 0.0277554 0.04838 0.0170482 -0.044398 0.053889 0.0556701 -0.0291257 -0.0457985 -0.0385411 -0.030784 0.0386416 0.000306466 -0.029782 -0.0429809 0.0440889 0.0310014 -0.0167127 -0.0323224 -0.0289147 -0.0253401
internal_weight=1249.22 726.828 522.395 678.029 493.52 674.048 96.8385 48.7996 7.86212 23.0134 20.8779 40.9375 6.31856 28.875 34.619 33.8907 3.25315 577.209 77.7303 5.54572 17.6248 2.32019 1.38487 73.8251 15.3046 7.09616 2.86007 1.8513 10.0753 21.053
internal_count=13649 9082 4567 8732 3539 8705 1237 350 64 236 160 286 47 1028 239 234 27 7468 1519 49 133 17 10 1001 116 53 22 13 128 525
is_linear=0
shrinkage=0.05


Tree=158
num_leaves=1
num_cat=0
split_feature=
split_gain=
threshold=
decision_type=
left_child=
right_child=
leaf_value=0
leaf_weight=
leaf_count=17101
internal_value=
internal_weight=
internal_count=
is_linear=0
shrinkage=1


Tree=159
num_leaves=1
num_cat=0
split_feature=
split_gain=
threshold=
decision_type=
left_child=
right_child=
leaf_value=0
leaf_weight=
leaf_count=17101
internal_value=
internal_weight=
internal_count=
is_linear=0
shrinkage=1


Tree=160
num_leaves=1
num_cat=0
split_feature=
split_gain=
threshold=
decision_type=
left_child=
right_child=
leaf_value=0
leaf_weight=
leaf_count=17101
internal_value=
internal_weight=
internal_count=
is_linear=0
shrinkage=1


Tree=161
num_leaves=1
num_cat=0
split_feature=
split_gain=
threshold=
decision_type=
left_child=
right_child=
leaf_value=0
leaf_weight=
leaf_count=17101
internal_value=
internal_weight=
internal_count=
is_linear=0
shrinkage=1


Tree=162
num_leaves=2
num_cat=0
split_feature=0
split_gain=1206.38
threshold=0.042222999967634685
decision_type=2
left_child=-1
right_child=-2
leaf_value=0.056610045549368909 -0.047010858672383811
leaf_weight=503.10150539875031 635.66036553308368
leaf_count=494 13155
internal_value=-0.00122612
internal_weight=1138.76
internal_count=13649
is_linear=0
shrinkage=0.05


Tree=163
num_leaves=8
num_cat=0
split_feature=12 14 12 6 0 0 0
split_gain=962.731 255.92 1.6738 5.37559 0.571278 1.79 1.65523
threshold=9.5000000000000018 1.0000000180025095e-35 10.500000000000002 17.500000000000004 0.12768299877643588 0.13456099480390551 0.14423999935388568
decision_type=2 2 2 2 2 2 2
left_child=1 -1 3 -2 -3 -6 -7
right_child=2 4 -4 -5 5 6 -8
leaf_value=-0.04685939327906375 0.062297567758669403 0.056577559808820246 -0.047013301377906144 -0.045242271610118949 0.054913913610334687 0.04159963584001608 -0.040132447570353807
leaf_weight=67.682217264547944 1.4146870374679554 518.5212774053216 556.21794849075377 4.654783358797431 5.2112728357315055 1.1670423224568369 1.1078697256743906
leaf_count=960 1 506 12064 83 5 2 28
internal_value=0.000157334 0.0445646 -0.0467206 -0.0187627 0.0563444 0.0390047 0
internal_weight=1155.98 593.69 562.287 6.06947 526.007 7.48618 2.27491
internal_count=13649 1501 12148 84 541 35 30
is_linear=0
shrinkage=0.05


Tree=164
num_leaves=31
num_cat=0
split_feature=10 7 11 7 11 0 6 15 6 14 11 0 14 11 15 14 0 0 3 3 3 0 6 7 3 6 14 3 0 11
split_gain=881.27 96.4229 135.465 10.7649 28.894 6.8626 3.95943 3.55837 6.17198 3.97735 3.38314 2.87673 2.15966 1.76184 1.73449 1.86633 1.63542 1.5977 1.20222 1.6947 1.02965 1.39942 0.991545 1.28379 0.924963 2.65585 2.47013 0.90349 0.982214 0.865145
threshold=1.0000000180025095e-35 20.500000000000004 5.5000000000000009 13.500000000000002 3.5000000000000004 0.46317449212074285 43.500000000000007 1.0000000180025095e-35 41.500000000000007 1.0000000180025095e-35 8.5000000000000018 0.70352801680564891 1.0000000180025095e-35 2.5000000000000004 1.0000000180025095e-35 1.0000000180025095e-35 0.53383100032806408 0.46841099858284002 0.039501499384641654 0.039367500692605979 0.037604499608278281 0.51784047484397899 40.500000000000007 72.500000000000014 0.041758999228477485 34.500000000000007 1.0000000180025095e-35 0.039562501013278968 0.42160099744796758 4.5000000000000009
decision_type=2 2 2 2 2 2 2 2 2 2 2 2 2 2 2 2 2 2 2 2 2 2 2 2 2 2 2 2 2 2
left_child=1 3 5 -1 6 27 12 9 -9 16 14 13 18 -10 15 22 -7 -11 19 -5 21 -6 -4 -24 -22 -26 -27 -3 -29 -13
right_child=-2 2 10 4 20 7 -8 8 11 17 -12 29 -14 -15 -16 -17 -18 -19 -20 -21 24 -23 23 -25 25 26 -28 28 -30 -31
leaf_value=-0.045781075635586074 0.0570116139594549 -0.053736049591946861 0.039884050572009139 0.01611109972665152 0.076960686868803155 0.026550907688481024 -0.051501153768310541 -0.049790683360772255 0.052485845130724997 0.05635699003254066 -0.046912946016292957 0.026040065625733771 -0.039827279117529417 -0.044460502104574515 -0.037452767079323317 -0.042776592388875129 0.052871355462499749 -0.04509764645010407 0.032814819690261891 -0.060187629734697892 -0.044323701127435021 -0.034228925253215546 -0.023025088825530005 0.047770833331459338 -0.043688356115303327 0.1120229786222105 -0.029137432198594871 -0.041887647749910446 0.015887418961474553 0.079850936786504109
leaf_weight=457.1758029088378 437.61536322534084 1.1991837937384833 2.0843322202563268 6.5849347561597922 0.34439966641366382 7.6739164963364592 1.8502222094684828 2.5277726612985116 0.59858825802803028 0.38361760787665744 80.907853577286005 1.6269086748361585 1.1964772008359421 1.2374330945312975 6.5179126672446728 1.8956949245184658 69.497440598905087 1.5109059605747459 16.705734618008137 0.70142168551683415 80.887818386778235 0.6493356004357338 2.2938557937741284 0.76143756508827198 2.449139421805739 0.56029927730560281 0.44104125536978245 0.99373341351747546 2.0745847504585981 2.8330480083823204
leaf_count=6307 1966 19 10 39 5 37 43 41 2 3 2026 7 44 16 138 63 302 40 89 6 2269 17 21 3 70 2 16 24 14 10
internal_value=0.000544151 -0.0321319 -0.000911578 -0.0423508 -0.0283222 0.0421668 0.0165398 0.0451901 0.0140681 0.048578 -0.0429922 0.0408661 0.0219193 -0.00919254 -0.0190486 -0.00101133 0.0503565 -0.0202519 0.0253587 0.00737386 -0.0425987 0.00324791 0.0139615 -0.00284194 -0.0432013 -0.0149736 0.0483085 -0.018564 -0.00197751 0.0623198
internal_weight=1193.78 756.165 186.618 569.547 112.371 92.1571 27.0388 87.8896 8.82375 79.0659 94.4611 6.29598 25.1886 1.83602 13.5532 7.03532 77.1714 1.89452 23.9921 7.28636 85.332 0.993735 5.13963 3.05529 84.3383 3.45048 1.00134 4.2675 3.06832 4.45996
internal_count=13649 11683 2776 8907 2600 515 221 458 76 382 2261 35 178 18 235 97 339 43 134 45 2379 22 34 24 2357 88 18 57 38 17
is_linear=0
shrinkage=0.05


Tree=165
num_leaves=31
num_cat=0
split_feature=8 9 5 5 15 7 12 7 3 12 15 12 13 7 13 12 7 12 12 7 11 12 3 7 4 3 7 11 12 3
split_gain=917.297 103.772 19.8111 31.471 13.2592 16.1545 24.095 8.13509 7.92699 6.30055 8.01203 4.84696 3.73491 2.89757 1.4973 1.37764 1.37631 1.75257 1.26247 1.15847 1.15523 1.99687 2.24219 1.23823 1.36184 1.311 0.986347 0.978696 0.972703 0.946645
threshold=1.0000000180025095e-35 1.0000000180025095e-35 1.0000000180025095e-35 1.5000000000000002 1.0000000180025095e-35 23.500000000000004 11.500000000000002 16.500000000000004 0.051914999261498458 7.5000000000000009 1.0000000180025095e-35 104.50000000000001 1.0000000180025095e-35 20.500000000000004 1.0000000180025095e-35 6.5000000000000009 9.5000000000000018 6.5000000000000009 17.500000000000004 22.500000000000004 18.500000000000004 26.500000000000004 0.041720001026988036 20.500000000000004 1.0311039686203005 0.040388500317931182 7.5000000000000009 23.500000000000004 7.5000000000000009 0.039712499827146537
decision_type=2 2 2 2 2 2 2 2 2 2 2 2 2 2 2 2 2 2 2 2 2 2 2 2 2 2 2 2 2 2
left_child=1 2 -1 9 5 6 15 11 27 16 12 -8 13 26 20 -5 17 -4 -15 -20 21 23 -23 25 -25 -9 -11 -2 -17 -28
right_child=8 -3 3 4 -6 -7 7 14 -10 10 -12 -13 -14 18 -16 28 -18 -19 19 -21 -22 22 -24 24 -26 -27 29 -29 -30 -31
leaf_value=-0.046879960616295999 0.056717826569744126 0.056822984821900624 0.080086273367278443 -0.0030068628569523397 -0.047003861903184306 -0.041954567231257602 0.050542782858263607 0.02039165641925068 -0.042253908831110742 0.05245732890389402 -0.041853861693164934 -0.041084565625542441 -0.044908206922873312 -0.022009258727761313 -0.043859347254311398 -0.046082126107113999 -0.043494203562050193 -0.025616275259745375 0.054829511862687946 0 -0.041140691252180922 0.033235479588617743 -0.044675316200904938 -0.032715235887814033 0.041733919773208804 -0.022817506231994605 0.042623020301529611 0.0061364802313624046 -0.021652442040869399 0.019197703320481294
leaf_weight=342.15565863624215 452.0294241309166 29.797726266086102 0.46582096815109042 2.7404723912477484 145.25587751716375 78.98746614344418 15.686907179653646 5.1274070590734571 1.9118374586105336 6.1388426944613483 5.4472642317414275 1.4533926434814919 1.8203904256224621 3.5925438925623876 1.8880788944661606 28.335003532469273 6.6145389676094055 1.1205502077937126 1.3182545974850652 3.2665339112281799 1.3862208314239968 7.3794837296009046 0.91485323756933201 5.3636474832892418 0.5498768314719199 2.4768319129943848 7.6050101220607784 1.2063967809081066 6.0695244669914237 13.808126948773859
leaf_count=1518 5489 357 4 27 3561 1145 153 48 6 61 123 33 18 37 30 421 94 16 13 33 29 70 5 59 7 20 72 10 68 122
internal_value=0.000501801 -0.0343511 -0.0382639 -0.0299302 -0.0360458 -0.0259397 -0.00990663 0.0158334 0.0561602 0.00623899 0.0139927 0.0422901 0.0223167 0.0259971 -0.00214078 -0.0392663 -0.0334897 0.00536569 0 0.0170851 0.0012137 0.0043091 0.0236166 -0.00725699 -0.0243821 0.0055552 0.0337295 0.0565956 -0.0419925 0.0279092
internal_weight=1181.91 726.766 696.969 354.813 303.615 158.359 79.3717 42.2267 455.148 51.1979 42.997 17.1403 37.5497 35.7293 25.0864 37.145 8.20091 1.58637 8.17733 4.58479 23.1983 21.8121 8.29434 13.5178 5.91352 7.60424 27.552 453.236 34.4045 21.4131
internal_count=13649 8144 7787 6269 5676 2115 970 454 5505 593 479 186 356 338 268 516 114 20 83 46 238 209 75 134 66 68 255 5499 489 194
is_linear=0
shrinkage=0.05


Tree=166
num_leaves=28
num_cat=0
split_feature=15 11 8 13 11 0 10 0 11 11 11 11 6 0 6 6 6 7 7 11 7 7 7 11 11 11 11
split_gain=1069.26 91.9579 9.98706 7.92621 8.01953 7.73153 2.3849 1.83338 10.1998 1.45025 0.935476 0.907388 3.4003 0.868907 0.777077 1.20561 0.525267 0.411879 0.325108 0.289855 5.94094 0.391984 0.17127 2.4535 0.180175 0.441999 0.0843344
threshold=1.0000000180025095e-35 16.500000000000004 1.0000000180025095e-35 1.0000000180025095e-35 6.5000000000000009 0.20250499993562701 1.0000000180025095e-35 0.64821052551269542 6.5000000000000009 8.5000000000000018 26.500000000000004 2.5000000000000004 41.500000000000007 0.8800565004348756 49.500000000000007 24.500000000000004 26.500000000000004 9.5000000000000018 16.500000000000004 5.5000000000000009 38.500000000000007 44.500000000000007 20.500000000000004 11.500000000000002 12.500000000000002 15.500000000000002 4.5000000000000009
decision_type=2 2 2 2 2 2 2 2 2 2 2 2 2 2 2 2 2 2 2 2 2 2 2 2 2 2 2
left_child=1 3 17 7 16 -2 -6 22 13 14 -4 12 -7 26 15 -10 -5 -3 -11 20 -13 -22 -1 -24 -25 -26 -9
right_child=5 2 10 4 6 11 -8 8 9 18 -12 19 -14 -15 -16 -17 -18 -19 -20 -21 21 -23 23 24 25 -27 -28
leaf_value=-0.046909726130483942 -0.042129211881617855 0.011421759324759136 -0.044270854774012124 -0.0081979737090399612 0.058507863804029128 0.087918773376964091 -0.035386431298764884 -0.044506901464005766 0.037224018323604377 0.0054671609724175774 0.037547541999567835 0.059600569574316115 -0.04258323581874119 0.022688618314354488 0.040879505252367977 -0.045816727315903166 -0.046629408726548985 0.056548905119604732 0.056382781609591474 0.056721436961000238 0.0012048560080034866 -0.030861884166048587 -0.043738264427539433 0.044380346802952497 -0.030273199988095779 0.037425987249889145 -0.028944737345142531
leaf_weight=529.19360278919339 1.8799214959144581 0.8601396456360878 3.0213593915104862 1.528534971177576 4.2271861881017685 0.80533760786056408 0.66252823919057835 55.091581664979458 0.48774037882685606 0.6390799526125196 0.25038392096757878 16.264215737581257 0.97354313731193542 0.34058437496423621 0.62795937806367863 1.294763173907995 5.2295688316226006 25.51558156311512 2.5503894537687302 471.38933975249529 1.5410678237676614 1.5888086855411527 40.069690307602286 0.50473463162779697 0.35186057910323143 0.39323922619223595 3.5876861922442904
leaf_count=7944 6 6 112 7 29 5 7 800 5 8 2 107 6 3 5 14 59 187 16 3555 8 6 679 6 8 3 56
internal_value=-2.84367e-05 -0.0408815 0.0450281 -0.0448336 -0.00346227 0.055848 0.0443294 -0.0455837 -0.0370356 0.0265284 -0.0355986 0.0562406 0.0153715 -0.043186 -0.000902943 -0.0196682 -0.0389124 0.0553148 0.0481771 0.0563754 0.0474592 -0.0139766 -0.0465365 -0.0415344 0.0234244 0 -0.0436913
internal_weight=1170.87 676.428 29.6475 646.781 11.6478 494.442 4.88971 635.133 64.6198 5.59993 3.27174 492.562 1.77888 59.0199 2.41046 1.7825 6.7581 26.3757 3.18947 490.783 19.3941 3.12988 570.513 41.3195 1.24983 0.7451 58.6793
internal_count=13649 9956 307 9649 102 3693 36 9547 907 48 114 3687 11 859 24 19 66 193 24 3676 121 14 8640 696 17 11 856
is_linear=0
shrinkage=0.05


Tree=167
num_leaves=1
num_cat=0
split_feature=
split_gain=
threshold=
decision_type=
left_child=
right_child=
leaf_value=0
leaf_weight=
leaf_count=17101
internal_value=
internal_weight=
internal_count=
is_linear=0
shrinkage=1


Tree=168
num_leaves=1
num_cat=0
split_feature=
split_gain=
threshold=
decision_type=
left_child=
right_child=
leaf_value=0
leaf_weight=
leaf_count=17101
internal_value=
internal_weight=
internal_count=
is_linear=0
shrinkage=1


Tree=169
num_leaves=1
num_cat=0
split_feature=
split_gain=
threshold=
decision_type=
left_child=
right_child=
leaf_value=0
leaf_weight=
leaf_count=17101
internal_value=
internal_weight=
internal_count=
is_linear=0
shrinkage=1


Tree=170
num_leaves=1
num_cat=0
split_feature=
split_gain=
threshold=
decision_type=
left_child=
right_child=
leaf_value=0
leaf_weight=
leaf_count=17101
internal_value=
internal_weight=
internal_count=
is_linear=0
shrinkage=1


Tree=171
num_leaves=2
num_cat=0
split_feature=0
split_gain=1097.26
threshold=0.042222999967634685
decision_type=2
left_child=-1
right_child=-2
leaf_value=0.055414403537669056 -0.046802067635588439
leaf_weight=473.54580557346344 588.98209015466273
leaf_count=494 13155
internal_value=-0.00124075
internal_weight=1062.53
internal_count=13649
is_linear=0
shrinkage=0.05


Tree=172
num_leaves=6
num_cat=0
split_feature=12 5 0 12 6
split_gain=876.866 213.415 23.1935 1.58719 4.88267
threshold=9.5000000000000018 1.0000000180025095e-35 0.042222999967634685 10.500000000000002 17.500000000000004
decision_type=2 2 2 2 2
left_child=1 2 -1 4 -2
right_child=3 -3 -4 -5 -6
leaf_value=-0.04508838050515853 0.059578436466262021 -0.046705575916416268 0.055424919338821592 -0.046803826972359325 -0.04489180019416323
leaf_weight=5.681634694337844 1.3705941438674916 58.32872281037271 493.83977079391479 515.35815062373877 4.3376363255083561
leaf_count=20 1 971 510 12064 83
internal_value=0.000125048 0.0436902 0.0542629 -0.0465053 -0.0183529
internal_weight=1078.92 557.85 499.521 521.066 5.70823
internal_count=13649 1501 530 12148 84
is_linear=0
shrinkage=0.05


Tree=173
num_leaves=31
num_cat=0
split_feature=11 7 11 8 11 0 15 15 7 7 11 14 0 14 7 12 0 12 11 7 0 11 12 0 0 0 0 3 0 12
split_gain=470.72 252.888 211.821 26.4177 14.4549 12.5303 12.1234 7.99739 7.0272 5.2007 16.5169 4.65804 9.91818 3.52032 2.79845 3.93149 2.55169 2.54412 2.91494 2.8415 2.22767 2.12863 2.06368 1.71802 1.69993 1.54024 1.22716 1.33895 1.18268 1.38958
threshold=1.5000000000000002 16.500000000000004 6.5000000000000009 1.0000000180025095e-35 9.5000000000000018 0.042222999967634685 1.0000000180025095e-35 1.0000000180025095e-35 26.500000000000004 7.5000000000000009 2.5000000000000004 1.0000000180025095e-35 0.41837599873542791 1.0000000180025095e-35 23.500000000000004 26.500000000000004 0.70024099946022045 19.500000000000004 8.5000000000000018 10.500000000000002 0.57325351238250744 8.5000000000000018 43.500000000000007 0.56652751564979564 0.84520250558853161 0.4322935044765473 0.52108150720596325 0.040406499058008201 0.41192199289798742 23.500000000000004
decision_type=2 2 2 2 2 2 2 2 2 2 2 2 2 2 2 2 2 2 2 2 2 2 2 2 2 2 2 2 2 2
left_child=5 9 3 6 7 -1 14 13 -8 -2 20 12 17 22 15 -3 -10 -12 19 -19 -11 -15 -4 26 -18 -24 -14 -28 29 -21
right_child=1 2 4 -5 -6 -7 8 -9 16 10 11 -13 23 21 -16 -17 24 18 -20 28 -22 -23 25 -25 -26 -27 27 -29 -30 -31
leaf_value=-0.043820303122638272 -0.04659550322088668 0.042964393688424987 -0.017163328264605929 -0.045827356346434867 -0.046714004474896834 0.054351702197759505 -0.04727403594065558 -0.045885854736785858 -0.02425616622427576 0.033999606905784893 -0.018650102822346994 -0.045500480209023052 -0.032519965896390605 -0.043826534566503289 0.052701973018530218 -0.003028962726587656 0.054514121261242866 0.12886931542367291 -0.033590714011776372 0.051157751284470414 -0.046942226122387465 0.018243305099454047 -0.032249233326322492 -0.046383520397608569 -0.011733123351559059 0.051104030742368772 0.031860172231418231 -0.040725405353603195 0.093350159852745487 -0.038135235490393146
leaf_weight=3.159076213836669 344.03000247851014 49.822532571852207 1.3626756072044397 8.0179937779903394 103.20329611748457 303.77348917722702 4.9623696208000165 6.9597108736634246 1.6458983458578584 9.2313157245516742 1.2641493715345884 85.974670695140958 3.7947307545691755 2.7481863796710959 144.92975993081927 4.8870013765990725 5.1878660917282104 1.4483144264668228 0.59570905938744534 0.77166866511106469 0.79915483668446619 2.4660285506397486 0.45424451306462099 14.268174549564717 1.0028048194944856 7.9403991214931011 2.0386724360287194 0.76899828389286984 0.47556179761886586 0.74356571957468987
leaf_count=11 3489 254 10 323 2814 1471 99 165 24 72 23 3367 76 104 681 58 32 14 15 4 10 41 10 371 10 42 25 16 2 16
internal_value=0.000570661 -0.019368 0.0130319 0.0425278 -0.038885 0.053311 0.0459061 -0.00177183 -0.000879407 -0.0433939 -0.0343069 -0.0398232 -0.0208791 0.0185718 0.0489295 0.0387667 0.0280947 0.0392429 0.058603 0.0764831 0.0266575 -0.0137392 0.0363099 -0.0364966 0.0429722 0.0456785 -0.0140111 0.00954309 0.0316395 0.00459564
internal_weight=1118.73 811.795 345.591 220.456 125.135 306.933 212.438 21.9312 12.7989 466.205 122.175 112.144 26.1695 14.9715 199.639 54.7095 7.83657 5.29897 4.03482 3.43911 10.0305 5.21421 9.75732 20.8706 6.19067 8.39464 6.6024 2.80767 1.9908 1.51523
internal_count=13649 12167 4667 1481 3186 1482 1158 372 165 7500 4011 3929 562 207 993 312 66 74 51 36 82 145 62 488 42 52 117 41 22 20
is_linear=0
shrinkage=0.05


Tree=174
num_leaves=31
num_cat=0
split_feature=8 9 5 15 10 5 6 1 12 13 12 11 13 13 6 12 11 12 6 3 12 12 11 11 3 3 3 6 3 6
split_gain=829.513 94.2307 19.3993 28.8421 65.5152 11.5487 10.3436 7.14652 6.47934 2.93405 2.81345 4.74497 3.09815 2.66378 2.91534 2.58704 3.2128 2.32797 2.23003 1.8835 1.32046 3.61357 1.1152 0.946244 0.780635 4.07554 1.30178 0.881738 0.677673 1.26117
threshold=1.0000000180025095e-35 1.0000000180025095e-35 1.0000000180025095e-35 1.0000000180025095e-35 1.0000000180025095e-35 1.5000000000000002 30.500000000000004 0.089999999850988402 103.50000000000001 1.0000000180025095e-35 24.500000000000004 18.500000000000004 1.0000000180025095e-35 1.0000000180025095e-35 23.500000000000004 17.500000000000004 6.5000000000000009 46.500000000000007 47.500000000000007 0.041758999228477485 16.500000000000004 12.500000000000002 17.500000000000004 23.500000000000004 0.039526499807834632 0.039855500683188445 0.038492500782012946 41.500000000000007 0.039644500240683563 45.500000000000007
decision_type=2 2 2 2 2 2 2 2 2 2 2 2 2 2 2 2 2 2 2 2 2 2 2 2 2 2 2 2 2 2
left_child=1 2 -1 4 5 9 8 23 13 22 28 12 18 14 -7 20 -17 -18 19 -12 21 -16 24 -2 26 -26 27 -4 29 -8
right_child=7 -3 3 -5 -6 6 10 -9 -10 -11 11 -13 -14 -15 15 16 17 -19 -20 -21 -22 -23 -24 -25 25 -27 -28 -29 -30 -31
leaf_value=-0.046663189688584877 0.055515352359062256 0.055571522514176103 -0.023822043987162034 -0.046646436161390609 -0.04686617724879899 0.055613593991982929 -0.0026979426065919035 -0.041710650332481447 -0.044116991881791967 -0.04267843643075158 0.055520525140213939 -0.044706482463149046 -0.041713903912742795 -0.040482205419940492 -0.0062609328021865189 0.064271895390083059 -0.049232771479686903 0.040037700741634985 -0.018865720436161963 -0.017997451197049548 -0.029702792626545873 0.084187537610430629 -0.030177843259275628 0.0054126998121261493 -0.013436811563522277 0.044443449872430568 0.062554620660884797 0.042573051037558263 -0.033051419255192199 -0.044235385591510634
leaf_weight=316.59045458957553 425.6127142906189 28.086689621210098 0.780269697308549 139.55794122070074 93.590990222990513 9.5386440716683953 6.9223386067897099 1.776926815509795 3.1679577790200701 0.99129805341362853 5.8194732889533007 3.8616897612810126 1.5424457825720317 1.135335687547921 4.8190204240381735 4.9718882031738749 1.3051205649971964 1.4091077446937559 1.5155805163085458 0.8590986132621764 2.4143622666597366 1.3002909719943998 0.4163266234099855 1.1890211850404728 3.5186891257762936 16.601459823548794 7.7594128400087357 0.94373257458209991 16.361724019050598 2.548044677823782
leaf_count=1518 5489 357 5 3684 1448 100 84 6 78 8 56 93 28 20 46 50 8 14 20 4 16 12 6 10 23 152 77 9 196 32
internal_value=0.000513629 -0.0338852 -0.0377648 -0.029295 -0.0167756 0.0112144 -4.87658e-05 0.0549649 0.0219313 0.0365334 -0.016946 0.00111589 0.0200678 0.0300314 0.0334772 0.0198917 0.0407421 -0.00133492 0.032663 0.0451999 0.000278654 0.0131991 0.0394481 0.0553888 0.0406939 0.0340575 0.0537499 0.0101234 -0.0266144 -0.0147416
internal_weight=1106.91 678.329 650.243 333.652 194.094 100.503 69.4921 428.579 30.0617 31.0112 39.4304 13.5983 9.7366 26.8938 25.7584 16.2198 7.68612 2.71423 8.19415 6.67857 8.53367 6.11931 30.0199 426.802 29.6036 20.1201 9.48342 1.724 25.8321 9.47038
internal_count=13649 8144 7787 6269 2585 1137 857 5505 344 280 513 201 108 266 246 146 72 22 80 60 74 58 272 5499 266 175 91 14 312 116
is_linear=0
shrinkage=0.05


Tree=175
num_leaves=31
num_cat=0
split_feature=15 12 13 12 0 0 19 12 0 12 6 6 12 8 12 0 12 0 6 0 12 6 0 12 0 6 12 6 12 6
split_gain=969.567 83.6529 9.07875 8.57298 6.96276 5.96549 5.87735 1.30225 4.94148 0.691416 3.40971 1.93494 1.34466 0.661284 0.611367 0.619087 0.564915 0.501248 0.415927 0.381614 0.320269 0.31473 1.22202 0.166534 0.122851 0.396649 0.112167 0.0742359 0.057442 0.0380564
threshold=1.0000000180025095e-35 98.500000000000014 1.0000000180025095e-35 55.500000000000007 0.20250499993562701 0.32319949567317968 1.0000000180025095e-35 62.500000000000007 0.64821052551269542 26.500000000000004 41.500000000000007 47.500000000000007 25.500000000000004 1.0000000180025095e-35 45.500000000000007 0.85780149698257457 166.50000000000003 0.53383100032806408 26.500000000000004 0.65439599752426159 16.500000000000004 50.500000000000007 0.4322935044765473 105.50000000000001 0.65787699818611156 41.500000000000007 100.50000000000001 33.500000000000007 81.500000000000014 23.500000000000004
decision_type=2 2 2 2 2 2 2 2 2 2 2 2 2 2 2 2 2 2 2 2 2 2 2 2 2 2 2 2 2 2
left_child=1 2 6 14 -2 -3 7 19 17 10 -6 20 -13 23 15 29 -15 21 -19 -1 -12 -9 -23 26 25 -21 -7 -20 -10 -4
right_child=4 5 3 -5 9 13 -8 8 28 -11 11 12 -14 16 -16 -17 -18 18 27 24 -22 22 -24 -25 -26 -27 -28 -29 -30 -31
leaf_value=-0.046423502392906921 -0.041584675969846746 -0.044796426054128979 -0.019904488633311519 0.054845025601772596 0.06269126250049982 0.044151175138488534 0.063562761467701984 -0.047115735620745676 0.047002023044264263 0.055344901325772071 -0.045549541126853423 0.070645593516275931 0 -0.029171389064318959 0.00026531598469884982 0.0093620493412648852 0.058283512597314485 -0.038212044126359611 0 -0.036767813307673862 -0.0022363207022398561 -0.04229303668089069 0.041260268314813081 0.055912880009762356 -0.041192336692161109 0.012043965545736847 0.0072879952800986095 0.022138795430093353 0.011984116365776638 -0.046362866565535038
leaf_weight=516.77596492692828 1.747160643339156 1.5333430171012903 1.1248807013034801 4.2824304476380348 6.8637543544173223 0.68761412799358967 1.1180539727210987 12.184033675119283 1.3954067155718797 452.69363906234503 1.0526748672127726 1.2618159800767899 1.3184050023555756 0.42945397831499477 0.90420670807361592 0.42493753880262364 0.18311688303947449 0.62987630255520233 0.43400696851313114 0.83711717091500648 1.1189186275005338 1.466864114627241 0.46487644314765919 22.296952083706856 53.593507440760732 0.47605760768055916 0.91041833907365799 0.45745900645852089 0.70891442894935597 4.9668727554380894
leaf_count=8176 6 52 4 32 48 5 7 470 9 3611 7 7 7 15 8 4 1 17 9 15 7 53 3 173 819 7 7 5 6 59
internal_value=-2.60692e-05 -0.0405623 -0.0443618 -0.000318549 0.0546068 0.0469496 -0.045226 -0.0454516 -0.030845 0.0549884 0.0403127 0.00633162 0.0357991 0.0530517 -0.033123 -0.0384453 0 -0.0406873 -0.00836881 -0.0458906 -0.0265143 -0.0437353 -0.0186837 0.054362 -0.0407092 -0.0159341 0.0277604 0.00940159 0.0385521 -0.0426851
internal_weight=1094.34 628.286 602.245 11.7033 466.056 26.0409 590.542 589.424 17.7414 464.309 11.6156 4.75181 2.58022 24.5076 7.4209 6.51669 0.612571 15.6371 1.52134 571.683 2.17159 14.1158 1.93174 23.895 54.9067 1.31317 1.59803 0.891466 2.10432 6.09175
internal_count=13649 9956 9703 107 3693 253 9596 9589 572 3687 76 28 14 201 75 67 16 557 31 9017 14 526 56 185 841 22 12 14 15 63
is_linear=0
shrinkage=0.05


Tree=176
num_leaves=1
num_cat=0
split_feature=
split_gain=
threshold=
decision_type=
left_child=
right_child=
leaf_value=0
leaf_weight=
leaf_count=17101
internal_value=
internal_weight=
internal_count=
is_linear=0
shrinkage=1


Tree=177
num_leaves=1
num_cat=0
split_feature=
split_gain=
threshold=
decision_type=
left_child=
right_child=
leaf_value=0
leaf_weight=
leaf_count=17101
internal_value=
internal_weight=
internal_count=
is_linear=0
shrinkage=1


Tree=178
num_leaves=1
num_cat=0
split_feature=
split_gain=
threshold=
decision_type=
left_child=
right_child=
leaf_value=0
leaf_weight=
leaf_count=17101
internal_value=
internal_weight=
internal_count=
is_linear=0
shrinkage=1


Tree=179
num_leaves=1
num_cat=0
split_feature=
split_gain=
threshold=
decision_type=
left_child=
right_child=
leaf_value=0
leaf_weight=
leaf_count=17101
internal_value=
internal_weight=
internal_count=
is_linear=0
shrinkage=1


Tree=180
num_leaves=2
num_cat=0
split_feature=0
split_gain=994.628
threshold=0.042222999967634685
decision_type=2
left_child=-1
right_child=-2
leaf_value=0.054364523695459271 -0.046619887628846883
leaf_weight=445.77486872673035 537.99631426483393
leaf_count=495 13081
internal_value=-0.000855005
internal_weight=983.771
internal_count=13576
is_linear=0
shrinkage=0.05


Tree=181
num_leaves=3
num_cat=0
split_feature=7 0
split_gain=586.222 412.214
threshold=1.5000000000000002 0.042222999967634685
decision_type=2 2
left_child=1 -1
right_child=-2 -3
leaf_value=-0.046528628766345892 -0.046639054582128858 0.054484552055053995
leaf_weight=130.3963326215744 408.69670397974551 446.25701424479485
leaf_count=495 12589 492
internal_value=-0.000830225 0.0316301
internal_weight=985.35 576.653
internal_count=13576 987
is_linear=0
shrinkage=0.05


Tree=182
num_leaves=31
num_cat=0
split_feature=10 7 12 12 8 7 12 15 7 5 6 14 7 12 14 6 6 7 12 12 3 12 15 7 6 12 6 12 6 12
split_gain=721.088 72.9016 107.204 12.4284 10.7784 10.3344 8.32058 3.36485 3.99875 3.48139 3.75324 2.9326 1.91467 8.45086 5.88183 6.13403 3.04267 1.78407 1.53774 2.98953 1.39818 1.34561 1.21955 1.7368 2.22039 1.19102 1.07474 1.04959 0.933298 1.21945
threshold=1.0000000180025095e-35 16.500000000000004 26.500000000000004 46.500000000000007 1.0000000180025095e-35 26.500000000000004 5.5000000000000009 1.0000000180025095e-35 32.500000000000007 1.5000000000000002 50.500000000000007 1.0000000180025095e-35 7.5000000000000009 18.500000000000004 1.0000000180025095e-35 25.500000000000004 33.500000000000007 19.500000000000004 16.500000000000004 12.500000000000002 0.03935349918901921 43.500000000000007 1.0000000180025095e-35 46.500000000000007 30.500000000000004 44.500000000000007 27.500000000000004 16.500000000000004 43.500000000000007 17.500000000000004
decision_type=2 2 2 2 2 2 2 2 2 2 2 2 2 2 2 2 2 2 2 2 2 2 2 2 2 2 2 2 2 2
left_child=1 6 4 5 7 21 -1 9 -9 10 -3 22 -8 14 15 -14 18 20 19 26 -11 -4 -7 24 -24 -23 -17 -18 -19 -30
right_child=-2 2 3 -5 -6 11 12 8 -10 17 -12 -13 13 -15 -16 16 27 28 -20 -21 -22 25 23 -25 -26 -27 -28 -29 29 -31
leaf_value=0.040518147232907545 0.054790784068276366 0.031540916603202608 -0.041457812210470402 -0.045721898291314747 -0.044636516174440165 0.049783231984532612 -0.046399703498267102 -0.040036323898954507 0.036070087752512983 -0.01123980597238731 -0.043451163387219875 -0.040245919792840479 -0.051018514275854965 -0.044527444759351061 -0.045208938498004961 0.0016705202807556748 -0.03839896046630023 0.049945054031737324 0.081579939283082173 -0.048184154610305951 0.031701397823273289 0.024425038613485769 0.078877874929430478 0.05520866980929489 -0.043620449462466376 -0.042150626629744198 0.065541700785495774 0.02621450771691421 0.041224274353628097 0.0078376911060677543
leaf_weight=2.775328464806079 381.2158547565341 4.6875936090946189 12.12053610570729 102.74628752470016 4.1691081002354613 6.8846087828278506 317.11959677189589 2.9874168671667567 3.7958143465220928 2.2817422691732627 2.4402049593627453 1.2216051984578378 2.7509620673954513 92.019158938899636 6.6090705227106801 1.0868622325360759 1.5924541410058739 44.239486239850521 2.4396141543984413 0.86381267756223667 7.3567504454404116 1.6059833485633128 0.35393216088414226 1.2406698092818258 1.6457775905728338 1.0030659940093754 2.6713675260543823 0.82514091953635205 16.709895581007007 3.7934087589383116
leaf_count=12 1925 29 356 2984 176 30 3526 43 19 16 23 32 48 3542 304 8 21 213 9 11 42 20 7 6 30 24 13 5 82 20
internal_value=0.000166718 -0.0317653 -0.00840603 -0.0378956 0.032623 -0.00681022 -0.0437489 0.0363741 0.00173081 0.0391902 0.00492961 0.0286721 -0.0443164 -0.0382753 -0.00739913 0.0128283 0.0322183 0.0423952 0.0487826 0.0290515 0.0210114 -0.0344894 0.0377885 0.0100798 -0.0168339 0 0.0488884 -0.0141946 0.0454643 0.035358
internal_weight=1033.25 652.037 221.284 128.822 92.4614 26.0762 430.753 88.2923 6.78323 81.5091 7.1278 11.3466 427.978 110.858 18.8393 12.2302 9.47925 74.3813 7.06166 4.62204 9.63849 14.7296 10.125 3.24038 1.99971 2.60905 3.75823 2.4176 64.7428 20.5033
internal_count=13576 11651 4152 3489 663 505 7499 487 62 425 52 105 7487 3961 419 115 67 373 41 32 58 400 73 43 37 44 21 26 315 102
is_linear=0
shrinkage=0.05


Tree=183
num_leaves=31
num_cat=0
split_feature=8 9 5 0 10 15 3 15 10 0 7 13 13 12 12 12 3 7 7 12 12 12 3 3 3 3 7 12 0 12
split_gain=746.106 84.2503 18.1606 32.5813 27.8574 25.64 5.32953 4.66277 11.9595 11.6067 5.06803 3.31669 3.01259 2.28792 2.27588 2.58421 2.27655 2.26479 1.91079 1.81055 1.64656 1.42923 1.29038 1.32852 1.70451 1.26017 3.02795 1.23564 1.08242 1.52217
threshold=1.0000000180025095e-35 1.0000000180025095e-35 1.0000000180025095e-35 0.5433734953403474 1.0000000180025095e-35 1.0000000180025095e-35 0.051914999261498458 1.0000000180025095e-35 1.0000000180025095e-35 0.70024099946022045 22.500000000000004 1.0000000180025095e-35 1.0000000180025095e-35 11.500000000000002 18.500000000000004 113.50000000000001 0.041758999228477485 9.5000000000000018 16.500000000000004 166.50000000000003 15.500000000000002 14.500000000000002 0.041607499122619636 0.038756500929594047 0.038267500698566444 0.04072649963200093 15.500000000000002 70.500000000000014 0.6319049894809724 107.50000000000001
decision_type=2 2 2 2 2 2 2 2 2 2 2 2 2 2 2 2 2 2 2 2 2 2 2 2 2 2 2 2 2 2
left_child=1 2 -1 4 5 11 19 8 9 10 12 14 13 -5 17 16 -16 -4 -18 -2 21 -19 23 24 -12 -22 -27 -15 -29 -30
right_child=6 -3 3 7 -6 -7 -8 -9 -10 -11 22 -13 -14 27 15 -17 18 20 -20 -21 25 -23 -24 -25 -26 26 -28 28 29 -31
leaf_value=-0.046474394478702941 0.054293134349231956 0.054583662880885397 0.05165679768781415 -0.0065397169476124678 -0.046723910527030128 -0.044894458624267997 -0.04012861310385666 -0.046555155544496594 -0.046517901130955497 -0.04342799991002981 -0.031530717618800858 -0.04367811302037649 -0.043724594919132345 0.047342468770167331 0.049700152185459395 -0.037695105814256183 0.048555674374125987 0.013811468958223683 -0.055323538479678414 -0.040365963193890173 -0.020612563196093232 0.054132413546523532 0.048465161688061954 -0.029234051088081043 0.082313280244923598 -0.030575725243924507 0.11505569997380627 -0.04044033125483415 0.091968336806938708 -0.026435472695336384
leaf_weight=286.79822824150324 398.71851048618555 25.874019809067249 4.8081403151154545 2.8638805039227053 27.45926158875227 14.762127835303543 1.375514656305312 115.81893654540181 58.610319394618273 17.749589491635561 0.49959012493490884 1.3677665814757336 1.2925418540835387 10.848312050104139 22.655456036329277 0.82956822589039703 0.64988420158624538 12.248960621654989 0.93039248138666153 0.37802374362945457 4.7638230547308913 2.8186182565987101 0.5447081848979004 9.046594085171817 0.55728430300951004 0.66577087342739083 0.53199318796396255 0.75656175613403209 0.4659859761595726 0.36281852424144745
leaf_count=1477 5470 348 49 27 427 393 5 3329 1001 318 8 15 22 95 226 15 7 98 4 3 31 26 9 129 10 4 6 11 5 8
internal_value=0.000531346 -0.0335319 -0.0373441 -0.0289742 -0.00436153 0.0129611 0.0538345 -0.0395441 -0.0316204 -0.0120408 0.00831357 0.0294506 0.0256576 0.0320905 0.0315954 0.0425314 0.0456266 0.0206703 -0.00928051 0.0541809 0.0131379 0.0219909 -0.0182308 -0.0227564 0.0261029 -0.00840629 0.034136 0.0413684 0 0.0374869
internal_weight=1027.05 626.581 600.707 313.909 94.4918 67.0325 400.472 219.417 103.598 44.9879 27.2383 52.2704 16.5901 15.2976 50.9026 25.0653 24.2357 25.8373 1.58028 399.097 21.0292 15.0676 10.6482 10.1035 1.05687 5.96159 1.19776 12.4337 1.58537 0.828805
internal_count=13576 8098 7750 6273 1301 874 5478 4972 1643 642 324 481 168 146 466 252 237 214 11 5473 165 124 156 147 18 41 10 119 24 13
is_linear=0
shrinkage=0.05


Tree=184
num_leaves=31
num_cat=0
split_feature=15 11 0 13 12 0 19 16 7 11 0 6 6 12 11 12 12 12 6 0 12 0 6 12 11 7 11 7 11 6
split_gain=870.739 83.4354 9.44591 7.67756 7.58131 6.29811 3.27021 1.75373 1.45472 4.77652 1.94293 1.11124 12.8272 6.58809 7.06487 1.4183 1.1032 1.24223 0.86469 0.739234 0.523598 0.555436 0.52702 0.608938 0.510659 5.81769 1.63192 0.852643 0.488701 0.44079
threshold=1.0000000180025095e-35 15.500000000000002 0.32018549740314489 1.0000000180025095e-35 42.500000000000007 0.1730034947395325 1.0000000180025095e-35 1.0000000180025095e-35 14.500000000000002 10.500000000000002 0.70024099946022045 51.500000000000007 52.500000000000007 14.500000000000002 3.5000000000000004 25.500000000000004 13.500000000000002 5.5000000000000009 22.500000000000004 0.84520250558853161 81.500000000000014 0.4322935044765473 50.500000000000007 70.500000000000014 5.5000000000000009 36.500000000000007 4.5000000000000009 42.500000000000007 36.500000000000007 46.500000000000007
decision_type=2 2 2 2 2 2 2 2 2 2 2 2 2 2 2 2 2 2 2 2 2 2 2 2 2 2 2 2 2 2
left_child=1 3 28 6 19 -2 8 -4 -1 11 18 -10 13 16 -15 -16 17 -13 -11 -5 21 -20 23 -23 25 -7 -27 -28 -3 -6
right_child=5 2 7 4 29 24 -8 -9 9 10 -12 12 -14 14 15 -17 -18 -19 20 -21 -22 22 -24 -25 -26 26 27 -29 -30 -31
leaf_value=-0.046604907485318946 -0.041037252139359479 -0.0455038619570413 -0.03117881915678071 -0.046702796071619056 0.057321016129659577 0.057264745472072248 0.04965078674917596 0.052466443037770899 -0.045052675514044543 0.048451614330823491 0.05738489372445537 -0.031715451210002708 -0.046454830211055807 0.32460739412039064 0 0.11099438327321483 -0.03870551587487861 0.049974218251559149 -0.037958470545633921 0.013243125953167137 -0.05251772878380926 -0.037972779267912399 0.047325619657985915 0.017354393978257172 0.054404567306205326 0.036910906083095996 0.0027976845168895944 -0.049376170439849397 0.018710611083686313 0.011562697673309108
leaf_weight=411.34649563394487 1.6243687868118275 2.9108039941638739 0.5042937863618161 4.6403037942945939 3.3468116521835327 16.376653529703621 0.78512781858444114 26.591218151152134 88.586888724938035 0.40849542804062267 1.2479735165834425 0.53420477360487262 25.266545295715332 0.26992570236325253 0.6435799542814491 0.53704441897571087 1.0279822200536728 1.3157830685377119 0.93466680496931154 0.39352319389581669 0.85573194921016682 0.7899346146732571 0.48379040509462345 0.91981167159974575 421.34159845113754 1.1947935670614231 1.0088882148265841 1.8416857570409773 0.15837381780147541 1.0395448133349416
leaf_count=6742 6 120 20 55 24 116 5 235 1931 3 8 8 513 4 11 11 14 19 38 4 20 27 3 18 3591 7 6 7 1 9
internal_value=0.000918826 -0.0396426 0.0411167 -0.0441253 9.46733e-05 0.0535779 -0.0449117 0.0506169 -0.0450691 -0.039893 0.00419076 -0.042041 -0.0327364 0.0454528 0.128541 0.0579627 0 0.0234045 -0.0107507 -0.0408759 -0.0190831 -0.00704454 0.00502855 -0.00613074 0.0539463 0.0440284 -0.00843802 -0.029747 -0.0401268 0.0480905
internal_weight=1018.93 575.539 30.1647 545.374 9.42018 443.388 535.954 27.0955 535.169 123.822 5.6404 118.182 29.5951 4.32852 1.45055 1.18062 2.87797 1.84999 4.39243 5.03383 3.98394 3.1282 2.19354 1.70975 441.764 20.422 4.04537 2.85057 3.06918 4.38636
internal_count=13576 9843 376 9467 92 3733 9375 255 9370 2628 117 2511 580 67 26 22 41 27 109 59 106 86 48 45 3727 136 20 13 121 33
is_linear=0
shrinkage=0.05


Tree=185
num_leaves=1
num_cat=0
split_feature=
split_gain=
threshold=
decision_type=
left_child=
right_child=
leaf_value=0
leaf_weight=
leaf_count=17101
internal_value=
internal_weight=
internal_count=
is_linear=0
shrinkage=1


Tree=186
num_leaves=1
num_cat=0
split_feature=
split_gain=
threshold=
decision_type=
left_child=
right_child=
leaf_value=0
leaf_weight=
leaf_count=17101
internal_value=
internal_weight=
internal_count=
is_linear=0
shrinkage=1


Tree=187
num_leaves=1
num_cat=0
split_feature=
split_gain=
threshold=
decision_type=
left_child=
right_child=
leaf_value=0
leaf_weight=
leaf_count=17101
internal_value=
internal_weight=
internal_count=
is_linear=0
shrinkage=1


Tree=188
num_leaves=1
num_cat=0
split_feature=
split_gain=
threshold=
decision_type=
left_child=
right_child=
leaf_value=0
leaf_weight=
leaf_count=17101
internal_value=
internal_weight=
internal_count=
is_linear=0
shrinkage=1


Tree=189
num_leaves=2
num_cat=0
split_feature=0
split_gain=905.702
threshold=0.042222999967634685
decision_type=2
left_child=-1
right_child=-2
leaf_value=0.053409711072003499 -0.046442033110393313
leaf_weight=417.53135973215103 497.67509861290455
leaf_count=495 13081
internal_value=-0.0008818
internal_weight=915.206
internal_count=13576
is_linear=0
shrinkage=0.05


Tree=190
num_leaves=3
num_cat=0
split_feature=7 0
split_gain=535.702 373.343
threshold=1.5000000000000002 0.042222999967634685
decision_type=2 2
left_child=1 -1
right_child=-2 -3
leaf_value=-0.046343213183865757 -0.046460272753885326 0.053515326759734222
leaf_weight=120.45411486923695 378.23787524923682 418.10948257893324
leaf_count=495 12589 492
internal_value=-0.000854976 0.0311674
internal_weight=916.801 538.564
internal_count=13576 987
is_linear=0
shrinkage=0.05


Tree=191
num_leaves=31
num_cat=0
split_feature=10 7 11 8 12 0 12 19 11 14 15 4 0 4 7 11 6 6 0 4 0 6 4 12 4 0 14 12 12 6
split_gain=652.474 68.1123 103.328 12.7606 7.77048 5.2147 7.45087 5.15364 4.79395 3.43505 3.027 2.76433 2.5959 1.96202 1.95617 12.0577 5.33327 2.5552 2.08474 1.73315 1.67142 1.53978 1.43838 1.17625 1.37201 1.10134 1.04833 4.55215 2.69768 2.04268
threshold=1.0000000180025095e-35 16.500000000000004 5.5000000000000009 1.0000000180025095e-35 5.5000000000000009 0.6894265115261079 19.500000000000004 1.0000000180025095e-35 8.5000000000000018 1.0000000180025095e-35 1.0000000180025095e-35 0.99616849422454845 0.38483300805091863 1.0180439949035647 7.5000000000000009 2.5000000000000004 25.500000000000004 38.500000000000007 0.48972500860691076 0.9859679937362672 0.59200549125671398 30.500000000000004 0.96702250838279735 24.500000000000004 1.0174654722213747 0.5433734953403474 1.0000000180025095e-35 26.500000000000004 16.500000000000004 23.500000000000004
decision_type=2 2 2 2 2 2 2 2 2 2 2 2 2 2 2 2 2 2 2 2 2 2 2 2 2 2 2 2 2 2
left_child=1 4 3 5 -1 6 12 -7 9 10 13 -8 -3 20 -6 16 -16 18 19 -18 -4 -14 -23 -13 -25 -24 27 28 -17 -30
right_child=-2 2 8 -5 14 7 11 -9 -10 -11 -12 23 21 -15 15 26 17 -19 -20 -21 -22 22 25 24 -26 -27 -28 -29 29 -31
leaf_value=0.038632037113136147 0.053787958405829665 -0.046796472003453195 -0.048031429492983196 -0.044921630522425059 -0.04620347576899269 0.049339174498961136 -0.047335222620100287 -0.047848979791674962 -0.046366613483957243 -0.045357734022225149 -0.031495449278880067 0.023333534528818371 0.0061107340212527856 0.054742379719815493 -0.050460496819738757 -0.047627710275381485 0.0048875643645039952 -0.043887373950268337 -0.0037395054861968863 0.077492917036871223 0.021909815290066449 0.001922672499236942 0.029033603736530675 0.0069496518509059024 -0.058593523393253133 0.049057967047321488 -0.046324248878532745 -0.046215979022804138 -0.038271350114299094 0.042647041414368869
leaf_weight=2.728486903011798 357.5588513314724 0.89435706473886867 1.1739141121506711 5.4479060471057883 293.0195751581341 40.58038928732276 3.9715014025568944 1.2832167521119107 92.009278003126383 6.3908983059227458 4.2025457583367825 3.7217978797852993 4.9665628969669333 2.6385714486241341 2.1932148709893209 1.6623322051018501 1.2423215266317127 0.7441886719316243 1.408389516174793 3.9039993304759264 2.4823004454374313 2.9607232026755801 15.102580878883598 1.843100478872657 1.1580083668231962 18.014910690486431 71.622085105627775 16.32386602461338 0.84855044074356545 3.5033729001879692
leaf_count=12 1925 11 20 252 3526 216 59 17 2920 244 106 26 29 14 39 31 9 14 9 19 13 19 76 22 18 90 3290 491 22 37
internal_value=0.000193808 -0.0313176 -0.00814607 0.0285207 -0.0434222 0.0328506 0.022123 0.0461341 -0.0418396 -0.0167538 0.000452483 -0.0147073 0.0316462 0.0227225 -0.0440091 -0.037707 0.0154748 0.0363774 0.0467641 0.0613463 0 0.0335866 0.0372034 0.00424581 -0.0178024 0.0401917 -0.0431434 -0.0325611 0.00383285 0.025241
internal_weight=965.602 608.043 208.843 99.9451 399.2 94.4971 52.6335 41.8636 108.898 16.8882 10.4973 10.6944 41.9391 6.29479 396.472 103.452 9.49211 7.2989 6.55471 5.14632 3.65621 41.0448 36.0782 6.72291 3.00111 33.1175 93.9602 22.3381 6.01426 4.35192
internal_count=13576 11651 4152 835 7499 583 350 233 3317 397 153 125 225 47 7487 3961 90 51 37 28 33 214 185 66 40 166 3871 581 90 59
is_linear=0
shrinkage=0.05


Tree=192
num_leaves=31
num_cat=0
split_feature=8 9 7 0 15 11 1 15 7 11 0 6 6 6 0 13 0 13 3 7 11 6 11 7 7 7 3 0 7 11
split_gain=675.556 76.6338 17.6735 30.3566 10.6158 10.6309 4.82224 4.66325 5.7144 10.2792 4.10476 4.10201 3.01605 2.63234 3.81587 2.613 2.39215 2.38556 1.89849 1.84423 1.69272 3.12527 1.5319 1.5095 1.38937 1.41802 1.34023 1.32625 1.10443 0.876042
threshold=1.0000000180025095e-35 1.0000000180025095e-35 2.5000000000000004 0.5433734953403474 1.0000000180025095e-35 2.5000000000000004 0.089999999850988402 1.0000000180025095e-35 22.500000000000004 1.5000000000000002 0.71861901879310619 47.500000000000007 31.500000000000004 50.500000000000007 0.4322935044765473 1.0000000180025095e-35 0.25058649480342871 1.0000000180025095e-35 0.041554499417543418 16.500000000000004 1.5000000000000002 26.500000000000004 23.500000000000004 16.500000000000004 15.500000000000002 16.500000000000004 0.040424499660730369 0.48621849715709692 40.500000000000007 15.500000000000002
decision_type=2 2 2 2 2 2 2 2 2 2 2 2 2 2 2 2 2 2 2 2 2 2 2 2 2 2 2 2 2 2
left_child=1 2 -1 4 5 16 22 8 9 -5 12 17 15 -13 -15 23 -4 18 29 -20 -18 -22 28 -11 -23 26 -26 -24 -2 -7
right_child=6 -3 3 7 -6 11 -8 -9 -10 10 -12 13 -14 14 -16 -17 20 -19 19 -21 21 24 27 -25 25 -27 -28 -29 -30 -31
leaf_value=-0.046288398831704686 0.053488836330104067 0.053588766195375427 0.04049750707227389 -0.042876496735775441 -0.044535355474966953 0.040731799852530871 -0.039506404780088267 -0.046367508103399492 -0.040942252303838488 0.052921453587143258 -0.044712164201311785 -0.054746001298720072 -0.028764304805722053 0.034595548916854027 -0.027673449537878366 -0.041975257215267625 -0.029928157138233283 -0.040281367094572564 0.032130262409586385 -0.054005885636132012 0.04728635616061036 -0.042122056580189818 0.046322113794254216 0.017736118917653299 0 -0.013138948251206584 0.10255996583338972 -0.047093093748611273 -0.023630921208181974 -0.01523623634721244
leaf_weight=264.9380802847445 372.45070217549801 24.298729375004768 1.6529303565621365 18.59666121378541 13.690892077982424 23.410725146532069 1.2784249782562245 107.04536454752088 57.939067905768752 5.642994731664662 2.9968299753963938 1.9487213790416706 2.7882177308201781 5.5802794434130174 4.1840572096407413 1.136933188885451 17.352721147239208 0.95296385139226814 1.199111640453338 1.0570441633462904 2.1363596692681339 3.7218930423259762 0.65808747708797344 8.2036684788763505 0.93931593373417743 11.268255285918711 0.42647445201873779 0.66156572848558426 0.32288419455289741 0.54003020748495956
leaf_count=1477 5458 348 18 336 393 243 5 3329 1043 60 66 15 35 58 57 23 286 12 13 6 23 22 7 80 9 134 5 5 3 7
internal_value=0.000547594 -0.0330997 -0.0368834 -0.0283901 -0.00413683 0.00308874 0.0528724 -0.0390474 -0.0309037 -0.0159357 0.00803782 0.0214385 0.0174131 -0.00289523 0.00739611 0.0264713 -0.0158073 0.0320882 0.035053 -0.00668309 -0.0186482 -0.00769043 0.053212 0.0327105 -0.0154189 -0.00689066 0.0386282 0 0.0534023 0.0392039
internal_weight=959.02 583.648 559.35 294.412 90.0618 76.3709 375.372 204.35 97.3044 39.3653 20.7686 38.8729 17.7718 11.7131 9.76434 14.9836 37.4979 27.1599 26.2069 2.25616 35.845 18.4923 374.093 13.8467 16.3559 12.634 1.36579 1.31965 372.774 23.9508
internal_count=13576 8098 7750 6273 1301 908 5478 4972 1643 600 264 411 198 130 115 163 497 281 269 19 479 193 5473 140 170 148 14 12 5461 250
is_linear=0
shrinkage=0.05


Tree=193
num_leaves=28
num_cat=0
split_feature=15 11 8 13 12 0 19 12 0 12 0 12 11 12 12 0 0 3 0 12 12 12 0 0 0 0 0
split_gain=790.013 76.4919 10.6158 7.19346 6.86045 5.68967 3.02451 1.42241 3.52991 1.0932 0.735245 0.716073 0.591079 1.08111 0.825769 0.473909 0.544887 0.455165 0.351126 1.23745 0.207492 0.203815 0.17843 0.35777 0.174204 0.0843474 0.169568
threshold=1.0000000180025095e-35 15.500000000000002 1.0000000180025095e-35 1.0000000180025095e-35 42.500000000000007 0.1730034947395325 1.0000000180025095e-35 62.500000000000007 0.53383100032806408 166.50000000000003 0.84520250558853161 82.500000000000014 5.5000000000000009 17.500000000000004 34.500000000000007 0.71564149856567394 0.72477248311042797 0.041911499574780471 0.4322935044765473 67.500000000000014 35.500000000000007 16.500000000000004 0.62865349650383007 0.5694749951362611 0.75665548443794262 0.71861901879310619 0.72120651602745067
decision_type=2 2 2 2 2 2 2 2 2 2 2 2 2 2 2 2 2 2 2 2 2 2 2 2 2 2 2
left_child=1 3 17 6 10 -2 7 15 18 -4 -5 22 13 21 -15 -1 25 -3 -9 -20 -16 -7 23 -10 -6 -17 -27
right_child=5 2 9 4 24 12 -8 8 11 -11 -12 -13 -14 14 20 16 -18 -19 19 -21 -22 -23 -24 -25 -26 26 -28
leaf_value=-0.04573116609713998 -0.04047116341441076 0.053289140582837527 -0.044225885498487785 -0.04635436007890207 0.051449362592335512 0.021163605407598176 0.04785221903284137 -0.045657706206709489 0.033133169434771813 0.052341867494931908 0.013842106834172222 -0.018206669674381507 0.053426706289801257 0.053116312657719371 0.0093949366834510731 0.001241613136594789 -0.039400703091289152 0.0025233179724282024 0.036466749340552225 -0.043473521546403077 0.043740185556493005 -0.0024265605908605666 0.044956892965988302 -0.024296596096483592 0.009875311173722659 -0.032794109924238625 0
leaf_weight=453.18462805077434 1.5082433223724354 24.077301613986499 3.5501609500497575 4.3669697754085046 3.5486221015453339 2.0145727992057831 0.75378166139125724 8.7662992272526008 0.52812597528100003 0.18933628499507893 0.38912943005561818 0.72444642148911942 394.96925500035286 13.518028229475023 2.3398717194795604 0.61090130358934658 26.959580099210143 0.67148188501596351 0.58430401049554248 1.3249079715460537 0.76068954169750203 0.98770190775394429 1.4065136574208734 0.30926273390650749 0.66592426598072041 0.60382672771811463 0.70488907769322395
leaf_count=8407 6 207 162 55 27 13 5 375 8 1 4 9 3591 98 13 12 458 6 12 46 6 6 10 10 6 11 12
internal_value=0.000919545 -0.0393234 0.0401929 -0.0438222 0 0.0525667 -0.044624 -0.0447843 -0.0275192 -0.0367984 -0.040216 0.0190936 0.0529269 0.0423927 0.0474866 -0.0452568 -0.0375077 0.0521287 -0.041001 -0.0159224 0.0204868 0.011963 0.0335322 0.00626006 0.0464204 -0.00781165 -0.0153751
internal_weight=950.019 533.92 28.4883 505.432 8.97065 416.098 496.461 495.708 13.6439 3.7395 4.7561 2.96835 414.59 19.6209 16.6186 482.064 28.8792 24.7488 10.6755 1.90921 3.10056 3.00227 2.2439 0.837389 4.21455 1.91962 1.30872
internal_count=13576 9843 376 9467 92 3733 9375 9370 470 163 59 37 3727 136 117 8900 493 213 433 58 19 19 28 18 33 35 23
is_linear=0
shrinkage=0.05


Tree=194
num_leaves=1
num_cat=0
split_feature=
split_gain=
threshold=
decision_type=
left_child=
right_child=
leaf_value=0
leaf_weight=
leaf_count=17101
internal_value=
internal_weight=
internal_count=
is_linear=0
shrinkage=1


Tree=195
num_leaves=1
num_cat=0
split_feature=
split_gain=
threshold=
decision_type=
left_child=
right_child=
leaf_value=0
leaf_weight=
leaf_count=17101
internal_value=
internal_weight=
internal_count=
is_linear=0
shrinkage=1


Tree=196
num_leaves=1
num_cat=0
split_feature=
split_gain=
threshold=
decision_type=
left_child=
right_child=
leaf_value=0
leaf_weight=
leaf_count=17101
internal_value=
internal_weight=
internal_count=
is_linear=0
shrinkage=1


Tree=197
num_leaves=1
num_cat=0
split_feature=
split_gain=
threshold=
decision_type=
left_child=
right_child=
leaf_value=0
leaf_weight=
leaf_count=17101
internal_value=
internal_weight=
internal_count=
is_linear=0
shrinkage=1


Tree=198
num_leaves=2
num_cat=0
split_feature=0
split_gain=825.348
threshold=0.042222999967634685
decision_type=2
left_child=-1
right_child=-2
leaf_value=0.052556851960156442 -0.046278789737883512
leaf_weight=390.32096719741821 460.10967316385359
leaf_count=495 13081
internal_value=-0.000909608
internal_weight=850.431
internal_count=13576
is_linear=0
shrinkage=0.05


Tree=199
num_leaves=6
num_cat=0
split_feature=12 14 12 14 5
split_gain=637.118 167.754 4.48493 10.822 4.66955
threshold=9.5000000000000018 1.0000000180025095e-35 11.500000000000002 1.0000000180025095e-35 1.0000000180025095e-35
decision_type=2 2 2 2 2
left_child=1 -1 3 -2 -5
right_child=2 -3 -4 4 -6
leaf_value=-0.046074293029637836 -0.045982129971990748 0.052292017435005514 -0.04626819524791366 0.066534906501273 -0.039360522158836286
leaf_weight=48.664734784513712 11.775461716577412 387.73929916135967 398.64351303502917 3.9447599649429312 1.2633669972419737
leaf_count=945 178 516 11868 3 66
internal_value=-0.000880907 0.0413034 -0.0451853 -0.0193521 0.0396477
internal_weight=852.031 436.404 415.627 16.9836 5.20813
internal_count=13576 1461 12115 247 69
is_linear=0
shrinkage=0.05


Tree=200
num_leaves=31
num_cat=0
split_feature=10 7 11 8 12 0 12 19 11 3 0 12 15 7 11 6 6 3 0 3 6 7 6 12 3 7 0 3 12 3
split_gain=592.73 63.1187 93.0452 11.3121 7.10661 5.08975 6.73804 4.74407 4.64786 2.54975 2.41456 2.1542 2.74955 1.97317 11.1269 4.78635 2.32554 1.94215 1.85159 1.65322 1.51061 1.41204 1.33123 1.30048 1.20037 1.19813 1.17224 1.16348 1.0581 1.29412
threshold=1.0000000180025095e-35 16.500000000000004 5.5000000000000009 1.0000000180025095e-35 5.5000000000000009 0.6894265115261079 19.500000000000004 1.0000000180025095e-35 8.5000000000000018 0.03984349966049195 0.4153714925050736 43.500000000000007 1.0000000180025095e-35 7.5000000000000009 2.5000000000000004 25.500000000000004 38.500000000000007 0.040753500536084182 0.48972500860691076 0.039394499734044082 30.500000000000004 26.500000000000004 41.500000000000007 46.500000000000007 0.038661999627947814 73.500000000000014 0.59200549125671398 0.038311500102281577 24.500000000000004 0.040704499930143363
decision_type=2 2 2 2 2 2 2 2 2 2 2 2 2 2 2 2 2 2 2 2 2 2 2 2 2 2 2 2 2 2
left_child=1 4 3 5 -1 6 10 -7 11 -8 -3 21 17 -6 15 -15 18 23 19 -17 -12 -4 -23 26 27 -24 -13 -22 -11 -30
right_child=-2 2 8 -5 13 7 9 -9 -10 28 20 12 -14 14 -16 16 -18 -19 -20 -21 24 22 25 -25 -26 -27 -28 -29 29 -31
leaf_value=0.036127297477303331 0.05292029333232643 -0.026389523049787613 -0.046180075431578822 -0.044615294377504972 -0.046020807469684601 0.047987604949590909 -0.046812949469946692 -0.047156812278816643 -0.046194570840174615 0.021719692330982122 0.0052135305826906224 -0.036100106714882625 -0.042411156708382483 -0.049905825207178858 -0.042752937210493357 0 -0.043588693784725394 0.058307867380703773 -0.0040116928558065713 0.070435807609250639 0.031950966628704426 0.045128031245489517 -0.048778183597642327 -0.044725118462671749 0.039027207210760181 0.035760977758812235 0.044912373320002454 -0.030374671263524784 0.0062711361589925371 -0.05830645027678899
leaf_weight=2.6688069254159918 335.26151422411203 1.6602850258350361 6.0482701882720011 5.0463799424469462 270.55615726858377 38.580545246601105 3.8323102407157403 1.2268433794379223 85.009383818134665 3.6540666036307812 4.9240173157304516 0.47895539738237802 2.1435294821858406 2.0976545512676221 87.176218636333942 0.92440097592771042 0.72603888064622868 2.1836313866078854 1.3945634812116621 4.2055701557546854 1.5692900866270059 0.86950400285422835 1.4472718611359594 1.0689380317926405 31.16652012616396 0.42438593506813038 1.4343412164598701 1.2292918078601358 1.8047967851161959 1.1099907886236904
leaf_count=12 1925 17 220 252 3526 216 59 17 2920 26 29 12 62 39 3871 7 14 17 9 21 9 15 31 26 161 2 12 9 22 18
internal_value=0.000227119 -0.0309434 -0.00803986 0.027223 -0.0431219 0.0313171 0.020603 0.0448192 -0.0414962 -0.0148699 0.0298391 -0.0162458 0.00320305 -0.0437214 -0.0371834 0.0141286 0.0337614 0.0235257 0.0436517 0.0573937 0.0324295 -0.0328363 -0.00104491 -0.00138547 0.0362014 -0.026232 0.0213632 0.0027457 0.00343869 -0.0177807
internal_weight=901.923 566.662 196.913 95.8043 369.749 90.758 50.9506 39.8074 101.108 10.4012 40.5494 16.0988 7.3094 367.081 96.5244 9.34823 7.25057 5.16587 6.52453 5.12997 38.8891 8.78943 2.74116 2.98223 33.9651 1.87166 1.9133 2.79858 6.56885 2.91479
internal_count=13576 11651 4152 835 7499 583 350 233 3317 125 225 397 129 7487 3961 90 51 67 37 28 208 268 48 50 179 33 24 18 66 40
is_linear=0
shrinkage=0.05


Tree=201
num_leaves=31
num_cat=0
split_feature=8 9 5 0 10 15 15 10 0 6 1 6 6 13 13 11 6 0 11 12 12 11 6 6 12 12 12 6 0 6
split_gain=611.523 69.5706 17.3689 28.4834 24.2951 20.8593 4.68507 11.436 10.3845 6.29292 4.36979 3.68136 2.95615 2.58862 2.40736 2.05805 3.35349 1.73594 1.73269 1.5556 1.5221 1.44375 1.20049 2.9226 1.26527 1.15843 1.50881 1.14996 1.50669 1.1332
threshold=1.0000000180025095e-35 1.0000000180025095e-35 1.0000000180025095e-35 0.5433734953403474 1.0000000180025095e-35 1.0000000180025095e-35 1.0000000180025095e-35 1.0000000180025095e-35 0.70024099946022045 31.500000000000004 0.089999999850988402 26.500000000000004 28.500000000000004 1.0000000180025095e-35 1.0000000180025095e-35 2.5000000000000004 43.500000000000007 0.3559699952602387 19.500000000000004 166.50000000000003 9.5000000000000018 13.500000000000002 47.500000000000007 53.500000000000007 66.500000000000014 9.5000000000000018 14.500000000000002 50.500000000000007 0.33245600759983068 44.500000000000007
decision_type=2 2 2 2 2 2 2 2 2 2 2 2 2 2 2 2 2 2 2 2 2 2 2 2 2 2 2 2 2 2
left_child=1 2 -1 4 5 11 7 8 9 14 19 -4 17 15 20 16 -14 -13 22 -2 -5 -22 -17 27 -25 -18 -27 -24 -29 -11
right_child=10 -3 3 6 -6 -7 -8 -9 -10 29 -12 12 13 -15 -16 18 25 -19 -20 -21 21 -23 23 24 -26 26 -28 28 -30 -31
leaf_value=-0.046115819317874618 0.052460879306500258 0.052682237546109761 0.053673261337118541 -0.0062894359017799358 -0.046359797934667227 -0.04418083369397402 -0.046194053691645753 -0.046155097079121757 -0.042581537611014311 -0.0078218202317160736 -0.038866745296682985 -0.055698862302917311 -0.0068688951590267812 -0.042633219073432288 -0.040552550271222433 0.050109771298167884 0 0.0043951997551188648 -0.034818493355859716 -0.037371772817053998 0.049623094427448979 -0.001807217383778733 -0.060564856581258701 0.064470282037616705 -0.0095642894227383583 0.090305248667517879 0.014741242525074433 0.05102825518266968 -0.023767125824288939 -0.044247264640546735
leaf_weight=244.55205054953694 349.47721461206675 22.764549896121025 10.589736670255659 1.5585520491003997 24.131057441234589 12.693858027458189 98.864730456843972 50.316041277721524 15.558030834421514 8.4776406940072757 1.1878052204847325 1.6441738642752159 8.1540047265589219 1.2058289498090733 0.93856094591319639 12.800046853721147 0.83841051906347175 3.4180938266217709 0.64646288752555747 0.35158596187829871 10.308946296572683 1.3487489670515049 0.76994796097278539 3.1656142175197606 0.53496707975864399 1.8452012650668623 1.3413097336888311 1.0070080980658533 1.5610127449035642 3.0310464762151232
leaf_count=1477 5470 348 123 14 427 393 3329 1001 318 120 5 11 65 13 19 128 6 26 13 3 95 21 4 33 5 18 12 11 13 55
internal_value=0.000562156 -0.032626 -0.0363703 -0.027727 -0.00383629 0.0126246 -0.0385274 -0.0301511 -0.0104308 0.00895551 0.0520118 0.0273459 0.0199375 0.0253133 0.0313128 0.0280967 0.0111041 -0.0148551 0.0378533 0.0523457 0.0370581 0.0432828 0.0406349 0.0222433 0.052482 0.0480113 0.0614355 -0.0103774 0.00450191 -0.0181444
internal_weight=895.082 544.066 521.301 276.749 86.3467 62.2157 190.402 91.5376 41.2215 25.6635 351.017 49.5218 38.9321 33.8698 14.1548 32.664 12.1789 5.06227 20.4851 349.829 13.2162 11.6577 19.8386 7.03855 3.70058 4.02492 3.18651 3.33797 2.56802 11.5087
internal_count=13576 8098 7750 6273 1301 874 4972 1643 642 324 5478 481 358 321 149 308 101 37 207 5473 130 116 194 66 38 36 30 28 24 175
is_linear=0
shrinkage=0.05


Tree=202
num_leaves=31
num_cat=0
split_feature=15 11 8 13 12 0 19 7 11 6 6 12 0 11 0 12 12 6 0 11 7 11 12 12 12 0 6 3 11 6
split_gain=717.147 70.1294 9.52798 6.75719 6.23442 5.147 2.78622 1.65647 4.05692 1.31911 13.9937 5.50611 5.01077 4.04465 1.22403 1.12413 1.01909 0.894895 0.710383 0.655852 3.9914 0.745074 0.797656 1.59466 0.630305 0.611018 0.595302 0.453177 0.414297 0.392812
threshold=1.0000000180025095e-35 15.500000000000002 1.0000000180025095e-35 1.0000000180025095e-35 42.500000000000007 0.1730034947395325 1.0000000180025095e-35 16.500000000000004 9.5000000000000018 51.500000000000007 52.500000000000007 14.500000000000002 0.50457298755645763 3.5000000000000004 0.70024099946022045 25.500000000000004 166.50000000000003 21.500000000000004 0.84520250558853161 6.5000000000000009 36.500000000000007 4.5000000000000009 27.500000000000004 34.500000000000007 81.500000000000014 0.4322935044765473 38.500000000000007 0.041911499574780471 12.500000000000002 46.500000000000007
decision_type=2 2 2 2 2 2 2 2 2 2 2 2 2 2 2 2 2 2 2 2 2 2 2 2 2 2 2 2 2 2
left_child=1 3 27 6 18 -2 7 -1 9 17 11 12 -11 -13 24 -15 -4 -9 -5 20 -7 -22 -23 -24 25 -10 28 -3 -27 -6
right_child=5 2 16 4 29 19 -8 8 14 10 -12 13 -14 15 -16 -17 -18 -19 -20 -21 21 22 23 -25 -26 26 -28 -29 -30 -31
leaf_value=-0.046106896708373382 -0.039890336189583965 0.052215273918357556 -0.043841087305014077 -0.045999988575196632 0.054125200181805347 0.051632848159328351 0.04606249086699591 0.021917026199243853 -0.034283711121381628 0.10291128131678443 -0.04602049052445608 0.26703308204258991 -0.041258797851470796 0.0038363092451223282 0.053466854983117588 0.11231062945757289 0.048985195122193549 -0.044934537366493693 0.013310405467994713 0.052666798144596329 0.034073962233519016 -0.039333919711557794 0.051574399072328594 -0.029547915909764379 -0.050283719455849786 -0.035721888397227834 0.041096000062909775 0.0013094648710042633 0.019575866112346501 0.0095443920907655085
leaf_weight=366.08824420627207 1.3999300748109806 22.677866727113731 3.2906651888042684 4.1042214110493642 3.0616511180996895 22.514165520668033 0.7206607311964025 0.34849691763520141 0.66236231103539456 0.81623395904898988 21.006456509232521 0.33547900617122639 1.6318854913115499 0.56143778376281239 1.0155940726399419 0.52947510220110416 0.19199028611183155 63.27841979637742 0.38743151351809491 361.06900394707918 1.1678023934364308 1.3761506974697115 1.0197718143463137 1.170437157154083 0.56410615704953659 0.56845293194055579 1.1398960519582031 0.65710404515266319 0.49452917836606503 0.99083319306373585
leaf_count=7270 6 207 162 55 24 184 5 4 30 12 478 4 26 9 7 10 1 1462 4 3517 7 7 7 5 13 18 18 6 9 9
internal_value=0.00091667 -0.0390098 0.0394164 -0.043519 0 0.0516518 -0.0443377 -0.0445005 -0.0380772 -0.0404256 -0.0297816 0.0559457 0.0069994 0.130714 0.00744383 0.0656927 -0.0361037 -0.0444561 -0.0396167 0.0520049 0.0428905 7.2204e-05 -0.0103236 0.00664253 -0.00589785 0.00255567 0.0168115 0.0510068 -0.00622536 0.0449216
internal_weight=884.841 495.123 26.8176 468.306 8.54414 389.717 459.762 459.041 92.9528 88.5079 24.881 3.87451 2.44812 1.42639 4.44494 1.09091 3.48266 63.6269 4.49165 388.317 27.2483 4.73416 3.56636 2.19021 3.42935 2.86524 2.20288 23.335 1.06298 4.05248
internal_count=13576 9843 376 9467 92 3733 9375 9370 2100 2005 539 61 38 23 95 19 163 1466 59 3727 210 26 19 12 88 75 45 213 27 33
is_linear=0
shrinkage=0.05


Tree=203
num_leaves=1
num_cat=0
split_feature=
split_gain=
threshold=
decision_type=
left_child=
right_child=
leaf_value=0
leaf_weight=
leaf_count=17101
internal_value=
internal_weight=
internal_count=
is_linear=0
shrinkage=1


Tree=204
num_leaves=1
num_cat=0
split_feature=
split_gain=
threshold=
decision_type=
left_child=
right_child=
leaf_value=0
leaf_weight=
leaf_count=17101
internal_value=
internal_weight=
internal_count=
is_linear=0
shrinkage=1


Tree=205
num_leaves=1
num_cat=0
split_feature=
split_gain=
threshold=
decision_type=
left_child=
right_child=
leaf_value=0
leaf_weight=
leaf_count=17101
internal_value=
internal_weight=
internal_count=
is_linear=0
shrinkage=1


Tree=206
num_leaves=1
num_cat=0
split_feature=
split_gain=
threshold=
decision_type=
left_child=
right_child=
leaf_value=0
leaf_weight=
leaf_count=17101
internal_value=
internal_weight=
internal_count=
is_linear=0
shrinkage=1


Tree=207
num_leaves=2
num_cat=0
split_feature=0
split_gain=752.425
threshold=0.042222999967634685
decision_type=2
left_child=-1
right_child=-2
leaf_value=0.051790891044591995 -0.046128095490877777
leaf_weight=364.16780644655228 425.07407178916037
leaf_count=495 13081
internal_value=-0.000939664
internal_weight=789.242
internal_count=13576
is_linear=0
shrinkage=0.05


Tree=208
num_leaves=9
num_cat=0
split_feature=12 14 12 14 5 0 0 0
split_gain=581.087 152.218 4.24694 9.93193 4.14801 0.203668 0.907823 1.05451
threshold=9.5000000000000018 1.0000000180025095e-35 11.500000000000002 1.0000000180025095e-35 1.0000000180025095e-35 0.12768299877643588 0.13723200559616092 0.14423999935388568
decision_type=2 2 2 2 2 2 2 2
left_child=1 -1 3 -2 -5 -3 -7 -8
right_child=2 5 -4 4 -6 6 7 -9
leaf_value=-0.045911059599575796 -0.045740512436117833 0.051732424927220258 -0.046117388228435197 0.064006801633943386 -0.038722288593359765 0.048252810988464026 0.041238340399328603 -0.035877828583533174
leaf_weight=44.958750130608678 10.941532993689178 355.68856276571751 368.21735850349069 3.801427721977233 1.1736254431307314 4.6329965069890013 0.80025905370712258 0.7594478540122509
leaf_count=945 178 481 11868 3 66 7 1 27
internal_value=-0.000908511 0.0407229 -0.0450129 -0.0190206 0.0385021 0.0515095 0.0372925 0.000777286
internal_weight=790.974 406.84 384.134 15.9166 4.97505 361.881 6.1927 1.55971
internal_count=13576 1461 12115 247 69 516 35 28
is_linear=0
shrinkage=0.05


Tree=209
num_leaves=31
num_cat=0
split_feature=10 7 11 8 12 0 12 11 19 14 3 13 0 7 11 6 6 0 3 0 12 6 14 12 12 6 12 3 3 0
split_gain=536.824 58.8765 84.221 10.0724 6.65261 4.75764 5.99685 4.56845 4.328 3.03715 2.30725 2.20117 2.13016 2.03349 10.3786 4.27798 2.08032 2.37482 1.50727 2.42608 1.67002 1.36383 1.21903 4.64742 2.57308 1.85535 1.21246 1.1449 1.08623 1.04451
threshold=1.0000000180025095e-35 16.500000000000004 5.5000000000000009 1.0000000180025095e-35 5.5000000000000009 0.6894265115261079 19.500000000000004 8.5000000000000018 1.0000000180025095e-35 1.0000000180025095e-35 0.03984349966049195 1.0000000180025095e-35 0.4153714925050736 7.5000000000000009 2.5000000000000004 25.500000000000004 33.500000000000007 0.48972500860691076 0.041758999228477485 0.57999351620674144 46.500000000000007 30.500000000000004 1.0000000180025095e-35 26.500000000000004 16.500000000000004 23.500000000000004 37.500000000000007 0.038661999627947814 0.038311500102281577 0.5433734953403474
decision_type=2 2 2 2 2 2 2 2 2 2 2 2 2 2 2 2 2 2 2 2 2 2 2 2 2 2 2 2 2 2
left_child=1 4 3 5 -1 6 12 9 -7 11 -8 18 -3 -6 15 -15 17 -17 19 -4 26 -14 23 24 -16 -26 -21 28 -23 -29
right_child=-2 2 7 -5 13 8 10 -9 -10 -11 -12 -13 21 14 22 16 -18 -19 -20 20 -22 27 -24 -25 25 -27 -28 29 -30 -31
leaf_value=0.034541640067356702 0.052109437219650057 -0.024912986527342734 -0.047628521279679779 -0.04430268658326128 -0.045849565577235525 0.046625623742600153 -0.045279608249999867 -0.04603363138617228 -0.046390746745285316 -0.044797387939762984 0.0032046231181491443 -0.043437509010230871 0.0049793724418160726 -0.049057879880737718 -0.046088978136771194 0.068263142577040622 -0.0095217611648777192 -0.004407099227593891 0.080900272238436377 -0.032728338323653842 -0.041135522219904491 0.03062788918545363 -0.045989488352076696 -0.045782672541497926 -0.03657414526474103 0.043887371420555904 0.041909638432597734 0.026111236112096339 -0.030083463142955041 0.046506766317747222
leaf_weight=2.6179942265152922 313.20710145682096 1.6162744481116522 1.5150940492749194 4.6663189511746159 249.66707921214402 36.62993036583066 3.6980567276477796 78.465517875738442 1.1642273664474476 5.526880554854869 6.4286398403346539 2.0511217173188925 4.8936299681663504 1.9869565349072198 1.5036391485482479 3.8133424837142229 1.9809727706015108 1.3858666867017744 0.66365961357951153 0.46912570856511582 0.7542696464806794 1.5255222693085664 61.236827343702316 14.050554426386951 0.75023397430777539 3.4326511975377798 4.3257251065224409 13.742221936583521 1.2251001335680483 16.314053047448397
leaf_count=12 1925 17 28 252 3526 216 59 2920 17 244 66 57 29 39 31 20 22 9 3 11 17 9 3290 491 22 37 37 71 9 90
internal_value=0.00025087 -0.0305001 -0.00778935 0.0261785 -0.0427941 0.0300522 0.0195945 -0.0411264 0.0435135 -0.0155097 -0.0142815 0.000822911 0.0284608 -0.0434146 -0.0365718 0.0133151 0.031699 0.0482315 0.013614 0.0055538 0.0215455 0.0309411 -0.0422906 -0.0303885 0.00691816 0.0277715 0.0330662 0.0346348 0.00172689 0.0374649
internal_weight=841.309 528.101 185.675 91.904 342.426 87.2377 49.4435 93.7714 37.7942 15.3059 10.1267 9.779 39.3168 339.808 90.141 9.16714 7.18018 5.19921 7.72787 7.06421 5.54912 37.7005 80.9739 19.7371 5.68652 4.18289 4.79485 32.8069 2.75062 30.0563
internal_count=13576 11651 4152 835 7499 583 350 3317 233 397 125 153 225 7487 3961 90 51 29 96 93 65 208 3871 581 90 59 48 179 18 161
is_linear=0
shrinkage=0.05


Tree=210
num_leaves=31
num_cat=0
split_feature=8 9 5 0 10 15 15 10 0 6 0 6 6 13 13 0 0 0 0 6 6 6 6 3 3 6 15 3 3 6
split_gain=554.427 63.2436 16.8606 26.5372 22.2384 18.6462 4.65043 10.9822 9.56082 5.47931 3.96526 3.38989 2.8035 2.41982 2.11654 1.6738 1.57013 1.37323 1.11728 1.09184 3.52652 3.50315 1.82484 1.37726 1.08245 0.921854 0.906173 0.769876 0.761406 0.76004
threshold=1.0000000180025095e-35 1.0000000180025095e-35 1.0000000180025095e-35 0.5433734953403474 1.0000000180025095e-35 1.0000000180025095e-35 1.0000000180025095e-35 1.0000000180025095e-35 0.70024099946022045 31.500000000000004 0.081884998828172698 26.500000000000004 28.500000000000004 1.0000000180025095e-35 1.0000000180025095e-35 0.33245600759983068 0.3559699952602387 0.72120651602745067 0.666804999113083 53.500000000000007 47.500000000000007 43.500000000000007 42.500000000000007 0.041969500482082374 0.040491499006748206 40.500000000000007 1.0000000180025095e-35 0.038756500929594047 0.03892949968576432 36.500000000000007
decision_type=2 2 2 2 2 2 2 2 2 2 2 2 2 2 2 2 2 2 2 2 2 2 2 2 2 2 2 2 2 2
left_child=1 2 -1 4 5 11 7 8 9 14 -2 -4 16 15 27 -14 -13 26 -11 20 21 22 23 25 -20 29 -12 -5 -23 -17
right_child=10 -3 3 6 -6 -7 -8 -9 -10 18 17 12 13 -15 -16 19 -18 -19 24 -21 -22 28 -24 -25 -26 -27 -28 -29 -30 -31
leaf_value=-0.04595555919827321 -0.038207770557941237 0.051862832150940119 0.052039746442488946 -0.0029215652850009292 -0.046142468190260709 -0.043821487115111399 -0.046033087171783456 -0.045981641657507434 -0.042119856534587538 -0.023597426843285054 0.051792750368391018 -0.053578380633563731 0.049185492524149527 -0.042298615066029888 -0.039694597925725335 0.025459840918394379 0.0034575923640202035 -0.028888513380094606 -0.0029358581097429924 0.047004383226634888 -0.032614263489308647 0.014482694625175355 -0.034513461323330212 -0.04692137015608417 0.082176502736667545 0.063735173063893841 -0.0067170185930125192 0.038372736589763159 0.084706493076423153 -0.0025400876280791246
leaf_weight=225.60255330055952 1.1034067720174778 21.29279213398695 10.085562929511068 0.98410534486174661 22.308459509164095 11.758846929296849 91.235161600634456 46.427769476547837 14.529598714783786 9.6625662222504598 325.84493900835514 1.6521403826773156 6.9436591789126423 1.1684798076748837 0.88223270513117391 8.7886991985142284 3.3934175688773394 0.39104558527469535 1.0807869620621193 3.4532169327139846 3.0476868972182265 0.72432241216301863 1.5960439443588263 0.59657311439514238 0.39806196093559254 1.2953798621892918 0.48987272381782432 12.065617103129624 2.4805076383054256 2.8821194842457762
leaf_count=1477 5 348 123 9 427 393 3329 1001 318 146 5465 11 80 13 19 82 26 4 20 35 26 9 9 3 9 14 4 121 25 25
internal_value=0.000581449 -0.0322101 -0.035921 -0.0271617 -0.0036011 0.0122185 -0.0380473 -0.0294768 -0.00993463 0.00861078 0.0512381 0.0260823 0.0189474 0.0243107 0.0295519 0.0270392 -0.0149251 0.051567 -0.0171606 0.0204821 0.0157735 0.024208 0.0135295 0.0197603 0.0205608 0.0235466 0.0516876 0.0348799 0.0712666 0.0181576
internal_weight=834.166 506.336 485.044 259.441 82.1751 59.8667 177.266 86.0307 39.603 25.0734 327.829 48.1078 38.0222 32.9767 13.932 31.8082 5.04556 326.726 11.1414 24.8645 21.4113 18.3636 15.1588 13.5628 1.47885 12.9662 326.335 13.0497 3.20483 11.6708
internal_count=13576 8098 7750 6273 1301 874 4972 1643 642 324 5478 481 358 321 149 308 37 5473 175 228 193 167 133 124 29 121 5469 130 34 107
is_linear=0
shrinkage=0.05


Tree=211
num_leaves=31
num_cat=0
split_feature=12 13 8 0 0 12 10 10 16 6 12 12 6 0 12 14 6 16 12 6 0 6 6 12 12 3 3 12 0 12
split_gain=524.353 72.152 56.1532 19.1164 9.69623 13.2875 7.10241 6.38062 2.78143 2.56413 2.66032 2.47306 2.16032 2.00272 2.57469 5.75204 1.20478 1.17287 1.34728 1.20197 1.09396 0.913485 0.843529 0.821569 1.44865 0.608185 0.744419 0.600363 0.630328 0.593776
threshold=52.500000000000007 1.0000000180025095e-35 1.0000000180025095e-35 0.1730034947395325 0.64821052551269542 20.500000000000004 1.0000000180025095e-35 1.0000000180025095e-35 1.0000000180025095e-35 41.500000000000007 22.500000000000004 112.50000000000001 53.500000000000007 0.44297200441360479 23.500000000000004 1.0000000180025095e-35 41.500000000000007 1.0000000180025095e-35 22.500000000000004 27.500000000000004 0.48621849715709692 37.500000000000007 50.500000000000007 39.500000000000007 37.500000000000007 0.041351500898599632 0.039327500388026244 36.500000000000007 0.69653701782226574 51.500000000000007
decision_type=2 2 2 2 2 2 2 2 2 2 2 2 2 2 2 2 2 2 2 2 2 2 2 2 2 2 2 2 2 2
left_child=1 4 3 -2 13 -6 12 9 -5 -3 22 -4 17 -1 -15 21 -17 -7 -19 -20 -13 -16 -11 24 -21 26 -23 28 -12 -18
right_child=2 7 11 8 5 6 -8 -9 -10 10 27 20 -14 14 15 16 29 18 19 23 -22 25 -24 -25 -26 -27 -28 -29 -30 -31
leaf_value=-0.045491227359101723 -0.045345979037810596 0.051518187593491999 -0.045830991940841864 -0.041933177710009283 -0.04115366826302469 -0.032121960292621529 -0.044424050752461128 -0.042643707890029525 0.051156111787201766 -0.04476929444361416 0.037560284823878638 -0.030154418986347138 -0.025287550814859734 -0.043153619194280131 0.021422692377252764 -0.044709502080587694 -0.0084652714644295399 0.098947712285458567 0.046122273571988351 0.011742058907035426 0.055479000261524906 0.0069863914777833144 0.0077960114157381577 0.031848370658677065 -0.069029712383103112 0.021516189411715587 -0.037747656521147741 0.050887863903757671 -0.0024747961729125159 0.073646378340227289
leaf_weight=298.55200729519129 5.1039881426841012 21.361649446189407 16.751854205504063 0.67532657831907172 31.924512324854732 0.55869284458458857 4.660850264132022 2.2761447094380847 345.99964758194983 1.5572433508932575 1.7595506533980372 0.45285526104271301 1.7708072438836087 42.198555540293455 5.3383802976459265 14.793041341006754 1.0133408978581435 0.72743463888764459 6.086518105119465 3.6674312241375446 0.84525168500840664 1.2904509939253332 1.1149314418435095 3.7176651451736689 0.55102239549159993 1.0328042879700658 2.0882344041019678 3.4983396977186203 1.6121604293584821 0.16245648264884938
leaf_count=5505 32 203 963 16 669 28 90 40 3623 12 15 18 14 1117 83 829 34 9 61 40 6 18 11 37 4 13 40 33 12 1
internal_value=0.000922263 -0.0351132 0.0451034 0.0495245 -0.0407252 -0.0206416 0.00930065 0.0357072 0.0509483 0.0417581 0.0190825 -0.0405823 0.0244259 -0.0436462 -0.0354072 -0.0223855 -0.0408216 0.0306277 0.0335415 0.0291178 0.0220088 0.00741044 -0.0215434 0.0150426 0 -0.00853662 -0.019515 0.0356841 0.0174577 0.00384406
internal_weight=823.143 453.314 369.829 351.779 420.134 53.6649 21.7404 33.18 346.675 30.9039 9.54223 18.05 17.0796 366.469 67.9173 25.7187 15.9688 15.3088 14.7501 14.0226 1.29811 9.74987 2.67217 7.93612 4.21845 4.41149 3.37869 6.87005 3.37171 1.1758
internal_count=13576 8918 4658 3671 8592 952 283 326 3639 286 83 987 193 7640 2135 1018 864 179 151 142 24 154 23 81 44 71 58 60 27 35
is_linear=0
shrinkage=0.05


Tree=212
num_leaves=1
num_cat=0
split_feature=
split_gain=
threshold=
decision_type=
left_child=
right_child=
leaf_value=0
leaf_weight=
leaf_count=17101
internal_value=
internal_weight=
internal_count=
is_linear=0
shrinkage=1


Tree=213
num_leaves=1
num_cat=0
split_feature=
split_gain=
threshold=
decision_type=
left_child=
right_child=
leaf_value=0
leaf_weight=
leaf_count=17101
internal_value=
internal_weight=
internal_count=
is_linear=0
shrinkage=1


Tree=214
num_leaves=1
num_cat=0
split_feature=
split_gain=
threshold=
decision_type=
left_child=
right_child=
leaf_value=0
leaf_weight=
leaf_count=17101
internal_value=
internal_weight=
internal_count=
is_linear=0
shrinkage=1


Tree=215
num_leaves=1
num_cat=0
split_feature=
split_gain=
threshold=
decision_type=
left_child=
right_child=
leaf_value=0
leaf_weight=
leaf_count=17101
internal_value=
internal_weight=
internal_count=
is_linear=0
shrinkage=1


Tree=216
num_leaves=2
num_cat=0
split_feature=1
split_gain=686.399
threshold=0.089999999850988402
decision_type=2
left_child=-1
right_child=-2
leaf_value=-0.045989899976979991 0.051103366602812755
leaf_weight=392.58115685544908 339.21776169538498
leaf_count=13081 495
internal_value=-0.000975664
internal_weight=731.799
internal_count=13576
is_linear=0
shrinkage=0.05


Tree=217
num_leaves=9
num_cat=0
split_feature=12 14 12 14 5 0 0 0
split_gain=530.403 138.273 4.0115 9.11359 3.69395 0.17787 0.817255 0.941835
threshold=9.5000000000000018 1.0000000180025095e-35 11.500000000000002 1.0000000180025095e-35 1.0000000180025095e-35 0.12768299877643588 0.13723200559616092 0.14423999935388568
decision_type=2 2 2 2 2 2 2 2
left_child=1 -1 3 -2 -5 -3 -7 -8
right_child=2 5 -4 4 -6 6 7 -9
leaf_value=-0.045758096391053778 -0.045509062853943301 0.051042583961831083 -0.045979219049876736 0.061753721304869794 -0.038063611471240731 0.047331591054272842 0.040002390371160615 -0.034989673696756596
leaf_weight=41.504806255921721 10.161387149244545 331.32653921842575 340.03397712484002 3.6491421461105338 1.090063529089093 4.3349677473306647 0.75293719768524148 0.70876794308423996
leaf_count=945 178 481 11868 3 66 7 1 27
internal_value=-0.000941864 0.0402105 -0.0448544 -0.0187166 0.0374494 0.0508198 0.0365859 0.000525708
internal_weight=733.563 378.628 354.935 14.9006 4.73921 337.123 5.79667 1.46171
internal_count=13576 1461 12115 247 69 516 35 28
is_linear=0
shrinkage=0.05


Tree=218
num_leaves=31
num_cat=0
split_feature=10 14 0 15 12 0 16 11 11 12 13 12 12 0 12 12 0 0 4 4 4 0 0 12 13 0 12 12 4 4
split_gain=486.51 46.0242 59.78 57.632 7.20443 6.5372 4.55925 2.97351 2.82589 3.24886 2.32069 2.09752 2.22519 1.58121 1.60434 2.86782 2.35633 1.57739 1.45609 1.79709 2.29692 1.33772 1.55865 1.09018 0.998028 0.94077 0.906349 1.34064 1.47614 1.26744
threshold=1.0000000180025095e-35 1.0000000180025095e-35 0.15401049703359607 1.0000000180025095e-35 52.500000000000007 0.6894265115261079 1.0000000180025095e-35 6.5000000000000009 7.5000000000000009 24.500000000000004 1.0000000180025095e-35 34.500000000000007 12.500000000000002 0.38483300805091863 9.5000000000000018 13.500000000000002 0.62537801265716564 0.70352801680564891 1.0111004710197451 1.0289040207862856 1.0250614881515505 0.34951500594615942 0.33501599729061132 14.500000000000002 1.0000000180025095e-35 0.36200200021266943 16.500000000000004 19.500000000000004 1.0183330178260805 1.0231050252914431
decision_type=2 2 2 2 2 2 2 2 2 2 2 2 2 2 2 2 2 2 2 2 2 2 2 2 2 2 2 2 2 2
left_child=1 2 -1 4 5 6 25 11 9 10 13 12 -5 21 -15 16 -16 -13 24 20 -20 22 -8 -17 -11 -4 -25 28 -28 -29
right_child=-2 -3 3 7 -6 -7 8 -9 -10 18 -12 17 -14 14 15 23 -18 -19 19 -21 -22 -23 -24 26 -26 -27 27 29 -30 -31
leaf_value=-0.045854567259762252 0.051383384994393315 -0.045129662972648393 -0.028437340798932422 0.016452008688764914 -0.044634133176178009 0.047930515284539843 -0.017962055076306903 -0.045774730943635621 0.067216946336093972 -0.047399369474306986 0.06141765535585552 -0.033760775206495182 -0.047428494564001528 0.03448871540582106 -0.003723396644092769 0.051018834661803542 -0.092231795929029248 0.050638831344069671 0 -0.052400967116808306 0.10711973153954919 -0.050416785662806551 0.061436566158256017 -4.5965779417634815e-07 0.033825964295525847 0.050913481473099424 0.044529216639218293 -0.021525145880220951 -0.010875752709880539 0.036961826037951284
leaf_weight=93.418140357360244 292.19088131934404 249.61928686220199 0.24392087571322818 1.7732259407639483 3.3006163258105508 31.32362324744463 1.8475382458418601 39.480539714917541 2.3098860867321482 3.6367336343973871 2.645124986767768 0.63454739376902614 4.2974962871521711 9.4679941758513433 8.4214768409729004 2.6860626973211792 0.74553233385086137 1.7578834667801855 1.945572171360255 0.88786294683814038 0.55924722366034973 1.5672962777316568 0.78616592660546292 5.5425054561346796 0.27627453207969654 11.304929595440624 6.7142150867730361 2.4997256994247441 1.2514927219599483 1.3376279994845388
leaf_count=504 1925 8621 6 9 108 184 42 1553 15 71 11 17 86 50 65 14 9 21 22 15 4 22 5 41 1 65 40 31 10 9
internal_value=0.000277809 -0.0300497 -0.0145046 0.0051026 0.0265016 0.0289915 0.0199609 -0.0399689 0.0137982 0.011245 0.0162745 -0.0120827 -0.0279948 0.0132361 0.0164658 0.0103533 -0.0123787 0.0257909 -0.0192094 0.00347367 0.02645 -0.0150194 0.00528997 0.0210142 -0.0397186 0.0485786 0.0158154 0.0235999 0.0351777 0
internal_weight=784.473 492.283 242.663 149.245 101.301 98.0008 66.6772 47.9437 55.1283 52.8184 45.5128 8.46315 6.07072 42.8676 38.6666 29.1986 9.16701 2.39243 7.30569 3.39268 2.50482 4.201 2.6337 20.0316 3.91301 11.5489 17.3456 11.8031 7.96571 3.83735
internal_count=13576 11651 3030 2526 840 732 548 1686 477 462 349 133 95 338 269 219 74 38 113 41 26 69 47 145 72 71 131 90 50 40
is_linear=0
shrinkage=0.05


Tree=219
num_leaves=31
num_cat=0
split_feature=8 9 5 0 10 11 0 10 11 0 6 6 16 12 0 12 12 3 11 0 7 11 6 6 6 3 3 7 3 11
split_gain=502.13 57.4281 16.5588 24.8398 20.4184 10.4272 4.58736 4.54137 11.2917 3.60229 3.15112 2.71949 1.86407 3.02011 1.46501 2.70464 1.4086 1.39954 1.23617 1.21685 3.17354 1.28534 1.2609 2.86333 2.73085 1.18094 1.13566 1.12931 1.09634 1.49287
threshold=1.0000000180025095e-35 1.0000000180025095e-35 1.0000000180025095e-35 0.5433734953403474 1.0000000180025095e-35 14.500000000000002 0.6894265115261079 1.0000000180025095e-35 9.5000000000000018 0.081884998828172698 31.500000000000004 26.500000000000004 1.0000000180025095e-35 18.500000000000004 0.666804999113083 15.500000000000002 166.50000000000003 0.039501499384641654 6.5000000000000009 0.28539800643920904 8.5000000000000018 9.5000000000000018 53.500000000000007 47.500000000000007 43.500000000000007 0.039832500740885741 0.038756500929594047 40.500000000000007 0.041758999228477485 2.5000000000000004
decision_type=2 2 2 2 2 2 2 2 2 2 2 2 2 2 2 2 2 2 2 2 2 2 2 2 2 2 2 2 2 2
left_child=1 2 -1 4 5 11 7 8 10 -2 18 -4 13 -13 -12 -16 27 -14 26 25 -21 22 23 24 28 -19 -5 -11 29 -22
right_child=9 -3 3 6 -6 -7 -8 -9 -10 16 14 12 17 -15 15 -17 -18 19 -20 20 21 -23 -24 -25 -26 -27 -28 -29 -30 -31
leaf_value=-0.045806592368191415 -0.037526975997272928 0.051131429069935765 0.043572710774929718 -0.013018631547275504 -0.045935818799259842 -0.039105163778981315 -0.04510872633806072 -0.045685342924429134 -0.042708140009905506 0.051090231663680263 -0.022310136371828791 -0.046839472439135811 0.034080861648929983 0.047468250399600675 0.12679346455521961 -0.014921426410746239 -0.035987733662737172 -0.017117727667022218 -0.0083540985689953724 -0.097896848728584104 -0.0066497011038019168 -0.026056506067959909 0.044195897831325846 -0.041415099387421626 0.070714806062632668 0.051013182504345847 0.033815622914963574 -0.029106267845090173 -0.038324591441052255 0.02973696916198821
leaf_weight=207.97791045159101 1.0248662680387486 19.889908567070961 10.39433936588466 1.2657126113772417 20.606486976146698 8.4038792457431537 91.232768628746271 24.562363766133785 24.856235630810261 303.88795302063227 9.4112560488283616 2.6962362229824062 9.9874571952968818 1.0845329686999319 0.39545376226305851 0.85029435902833939 0.33311963081359763 0.61935862898826899 2.6492074746638528 0.59592103958130138 4.9650345481932252 2.0176982358098021 2.9696509502828112 2.3109092731028786 1.9620308484882105 3.0378032550215721 9.9442953560501319 0.30064778029918571 1.0341641604900349 5.8426781911402941
leaf_count=1477 5 348 146 14 427 291 3099 569 930 5467 159 19 124 14 9 21 3 5 52 2 38 48 33 23 21 38 119 3 6 66
internal_value=0.00060894 -0.0317347 -0.0354053 -0.0264929 -0.00326542 0.011882 -0.0374974 -0.0279894 -0.0190103 0.0505366 0.00488907 0.0206974 0.0143968 -0.0179723 -0.0152047 0.0324285 0.0508617 0.0180415 0.0206965 0.0114181 0.00655542 0.0101888 0.0143973 0.0083589 0.0172891 0.0379956 0.0280172 0.050985 0.00750049 0.0126549
internal_weight=777.11 471.564 451.674 243.696 78.5282 57.9217 165.168 73.9348 49.3725 305.547 24.5162 49.5178 39.1235 3.78077 10.657 1.24575 304.522 35.3427 13.8592 25.3552 21.6981 21.1022 19.0845 16.1148 13.8039 3.65716 11.21 304.189 11.8419 10.8077
internal_count=13576 8098 7750 6273 1301 874 4972 1873 1304 5478 374 583 437 33 189 30 5473 404 185 280 237 235 187 154 131 43 133 5470 110 104
is_linear=0
shrinkage=0.05


Tree=220
num_leaves=31
num_cat=0
split_feature=12 8 0 12 8 10 0 19 16 16 7 12 12 7 7 7 17 0 10 6 3 3 3 6 0 6 7 6 0 12
split_gain=475.572 50.7201 33.9799 33.0092 18.8999 18.2252 17.3545 5.83048 3.46877 2.59765 2.44065 2.72108 2.36825 2.20285 1.01431 0.983424 1.3516 0.631057 0.567324 4.29887 4.33822 1.01091 1.06105 0.208547 1.522 0.957386 0.878664 0.553722 0.455881 0.231423
threshold=52.500000000000007 1.0000000180025095e-35 0.44297200441360479 20.500000000000004 1.0000000180025095e-35 1.0000000180025095e-35 0.1730034947395325 1.0000000180025095e-35 1.0000000180025095e-35 1.0000000180025095e-35 44.500000000000007 40.500000000000007 112.50000000000001 40.500000000000007 17.500000000000004 16.500000000000004 0.66500002145767223 0.86000099778175365 1.0000000180025095e-35 50.500000000000007 0.038876499980688102 0.040283499285578735 0.041034501045942313 51.500000000000007 0.70678400993347179 52.500000000000007 26.500000000000004 29.500000000000004 0.68298450112342846 46.500000000000007
decision_type=2 2 2 2 2 2 2 2 2 2 2 2 2 2 2 2 2 2 2 2 2 2 2 2 2 2 2 2 2 2
left_child=2 6 15 7 5 8 -2 18 -5 -8 23 17 -3 -6 -14 -1 -17 -12 19 -4 -21 -22 -23 26 25 -25 28 -28 -10 -29
right_child=1 12 3 4 13 -7 9 -9 10 -11 11 -13 14 -15 -16 16 -18 -19 -20 20 21 22 -24 24 -26 -27 27 29 -30 -31
leaf_value=-0.045585758043866553 -0.045151622952909413 -0.045650890038021329 -0.040949612106978985 -0.040124384627287957 -0.045332814463410719 -0.045300862742923942 -0.041422641062248376 0.057866545859728148 0.034322359316890136 0.050378848785925849 -0.046500300881754851 0.059593036565748762 -0.029252088249658345 0.11389275987439321 0.054463577738432516 0.078125419035044552 -0.031039917114038258 0.0079198949091260559 -0.045063286382958548 0.16162637673381741 -0.037857488096847809 0.069910585812609338 -0.025138481125105729 0.1335715743557031 -0.0071544620402581235 0.049288095950531095 -0.0147214434169246 0.019412538887042266 0.049041611576871792 0.045469610025454951
leaf_weight=267.06921350024641 4.7182724922895423 15.457719587720932 20.919903079979125 1.4401221955195058 14.045376734808084 8.6417855359613878 0.64262534212320943 1.3870142921805371 19.141302894800901 323.00957154296339 1.9513999633491037 1.0163623541593549 0.4304975252598513 0.11064398661255914 0.82105701044201851 0.17368925735354324 10.174239248037336 0.48774772882461537 45.995568273589015 0.39108731225132887 0.99625687487423398 0.58321115933358669 0.34563550911843777 0.50634307041764248 0.67105546593666066 2.5558624789118767 0.73980935662984748 6.8742927797138673 13.263560019433497 1.5075332224369047
leaf_count=5180 32 963 582 82 882 172 16 10 260 3623 17 8 18 2 6 7 338 5 1075 6 18 6 7 5 4 24 6 71 135 16
internal_value=0.000925201 0.0444377 -0.0347317 -0.0149194 0.00861015 0.0211599 0.0487702 -0.0392753 0.0327779 0.0501684 0.0351133 -0.00399616 -0.0401908 -0.0429474 0.0219347 -0.0449581 -0.0279988 -0.0337656 -0.0413742 -0.0336956 0.0287362 -0.0024396 0.0306762 0.0382117 0.0538383 0.068589 0.0365608 0.0212673 0.0406332 0.0251694
internal_weight=766.069 345.08 420.989 143.572 72.9532 58.7972 328.37 70.6187 50.1554 323.652 48.7153 3.45551 16.7093 14.156 1.25155 277.417 10.3479 2.43915 69.2317 23.2361 2.31619 1.9251 0.928847 45.2598 3.73326 3.06221 41.5265 9.12164 32.4049 8.38183
internal_count=13576 4658 8918 3393 1689 805 3671 1704 633 3639 551 30 987 884 24 5525 345 22 1694 619 37 31 13 521 33 29 488 93 395 87
is_linear=0
shrinkage=0.05


Tree=221
num_leaves=1
num_cat=0
split_feature=
split_gain=
threshold=
decision_type=
left_child=
right_child=
leaf_value=0
leaf_weight=
leaf_count=17101
internal_value=
internal_weight=
internal_count=
is_linear=0
shrinkage=1


Tree=222
num_leaves=1
num_cat=0
split_feature=
split_gain=
threshold=
decision_type=
left_child=
right_child=
leaf_value=0
leaf_weight=
leaf_count=17101
internal_value=
internal_weight=
internal_count=
is_linear=0
shrinkage=1


Tree=223
num_leaves=1
num_cat=0
split_feature=
split_gain=
threshold=
decision_type=
left_child=
right_child=
leaf_value=0
leaf_weight=
leaf_count=17101
internal_value=
internal_weight=
internal_count=
is_linear=0
shrinkage=1


Tree=224
num_leaves=1
num_cat=0
split_feature=
split_gain=
threshold=
decision_type=
left_child=
right_child=
leaf_value=0
leaf_weight=
leaf_count=17101
internal_value=
internal_weight=
internal_count=
is_linear=0
shrinkage=1


Tree=225
num_leaves=2
num_cat=0
split_feature=0
split_gain=644.319
threshold=0.042222999967634685
decision_type=2
left_child=-1
right_child=-2
leaf_value=0.050496824998478879 -0.045865606519418206
leaf_weight=327.29283428192139 368.86817980092019
leaf_count=513 13299
internal_value=-0.000553888
internal_weight=696.161
internal_count=13812
is_linear=0
shrinkage=0.05


Tree=226
num_leaves=6
num_cat=0
split_feature=12 14 12 6 4
split_gain=490.229 129.365 3.52543 6.75756 2.37013
threshold=9.5000000000000018 1.0000000180025095e-35 11.500000000000002 18.500000000000004 0.99972799420356762
decision_type=2 2 2 2 2
left_child=1 -1 3 4 -2
right_child=2 -3 -4 -5 -6
leaf_value=-0.045626384073141305 0.059081444766087579 0.050252085053792764 -0.045854085302681494 -0.045060315444820975 -0.0060820002432144769
leaf_weight=39.475371800363064 2.5056866127997628 314.6804092656821 321.44703766983002 9.5493502505123598 2.706541994586587
leaf_count=981 4 513 12056 251 7
internal_value=-0.00149824 0.0395412 -0.0447421 -0.0200466 0.0248254
internal_weight=690.364 354.156 336.209 14.7616 5.21223
internal_count=13812 1494 12318 262 11
is_linear=0
shrinkage=0.05


Tree=227
num_leaves=31
num_cat=0
split_feature=10 14 0 15 12 0 6 6 16 4 6 6 12 0 4 12 12 6 0 6 6 0 6 12 12 0 4 4 12 0
split_gain=451.642 45.9719 59.3131 56.5168 6.66002 6.41952 4.57224 5.13036 3.38932 3.29627 3.07973 6.71553 3.00191 4.38293 2.10851 1.93771 1.83681 1.64191 2.23528 1.30932 1.21895 1.23164 2.38123 1.78472 2.53243 1.05187 0.987999 1.10213 1.25604 1.14634
threshold=1.0000000180025095e-35 1.0000000180025095e-35 0.15401049703359607 1.0000000180025095e-35 52.500000000000007 0.6894265115261079 22.500000000000004 51.500000000000007 1.0000000180025095e-35 0.97528898715972911 47.500000000000007 43.500000000000007 20.500000000000004 0.47251349687576299 0.95769348740577709 12.500000000000002 9.5000000000000018 44.500000000000007 0.56029951572418224 42.500000000000007 40.500000000000007 0.34951500594615942 28.500000000000004 43.500000000000007 24.500000000000004 0.53685399889945995 1.0338860154151919 0.9870935082435609 10.500000000000002 0.40170249342918402
decision_type=2 2 2 2 2 2 2 2 2 2 2 2 2 2 2 2 2 2 2 2 2 2 2 2 2 2 2 2 2 2
left_child=1 2 -1 4 5 6 -4 8 -8 14 11 19 13 -9 -10 -5 -16 -13 -19 20 21 22 -11 24 26 -22 27 28 -23 -29
right_child=-2 -3 3 15 -6 -7 7 12 9 10 -12 17 -14 -15 16 -17 -18 18 -20 -21 25 23 -24 -25 -26 -27 -28 29 -30 -31
leaf_value=-0.045722578577516299 0.050743947315881166 -0.044931152550252457 -0.040547462770375076 0.012720003123168559 -0.043936680429421178 0.046950478263557277 0.054172326211373724 -0.045945651850766281 0.022323843658384093 0.10308859550407477 0.069364179766943354 -0.087047855046500533 -0.065441893875746823 0.041518098100814443 0.026609957816248093 -0.042878229529166534 -0.063401537784676928 -0.068787465230120692 0.041527172590867939 0.054242574001987454 -0.048926945377488075 -0.04998479504025144 0 0.079059242436282068 -0.024078270783651282 0.021823444534270955 -0.0043729263662558209 -0.013788257942074401 0.020200788165913652 0.037976499235125111
leaf_weight=88.914302939549088 284.28992900252342 232.44868373591453 2.8658543601632109 1.44219410419464 3.1047464199364176 33.027544319629669 10.199060836806892 2.4020761605352154 1.8767076805233944 1.3257300630211895 3.8033460024744263 1.380028318613767 2.056844886392355 3.225738525390625 0.58909409493207965 42.996219638735056 2.3219222743064165 0.77020678296685197 0.8384510725736618 4.4450697377324095 0.95499463006853946 0.76828771829606468 0.89456958696246136 1.3033262155950058 2.7761545944958916 0.85276229679584503 2.1853772513568392 0.95563149079680343 2.27875498495996 14.667707297950981
leaf_count=522 2010 8704 70 8 108 204 57 25 13 14 20 18 30 17 4 1691 35 12 5 23 14 6 15 6 44 6 16 10 15 90
internal_value=0.00104739 -0.029156 -0.0135333 0.0060125 0.0265623 0.0288712 0.0196545 0.0225381 0.027896 0.0217212 0.0264379 0.0216375 -0.0151618 0.0031633 -0.0165904 -0.0409371 -0.0432468 -0.0484741 -0.00929858 0.0281848 0.0238407 0.0265529 0.0629633 0.0228726 0.0192431 -0.0135369 0.0253357 0.0290842 0 0.0344247
internal_weight=751.961 467.671 235.223 146.308 101.87 98.7652 65.7377 62.8718 55.1872 44.9881 40.2004 36.3971 7.68466 5.62781 4.78772 44.4384 2.91102 2.98869 1.60866 33.4084 28.9633 27.1555 2.2203 24.9352 23.6319 1.80776 20.8558 18.6704 3.04704 15.6233
internal_count=13812 11802 3098 2576 877 769 565 495 423 366 314 294 72 42 52 1699 39 35 17 259 236 216 29 187 181 20 137 121 21 100
is_linear=0
shrinkage=0.05


Tree=228
num_leaves=31
num_cat=0
split_feature=8 9 5 0 10 11 0 0 10 11 6 6 16 12 7 6 6 6 6 6 0 6 0 7 12 12 6 7 6 12
split_gain=458.173 54.4568 16.7409 25.4647 21.595 8.71299 4.66436 4.12866 3.82183 10.9306 3.00511 2.06599 2.05735 3.48078 1.56527 2.43836 2.18703 2.99532 4.89478 1.65627 1.54939 1.34073 2.01264 1.96919 1.76678 2.29287 1.3332 2.17526 1.28002 3.27425
threshold=1.0000000180025095e-35 1.0000000180025095e-35 1.0000000180025095e-35 0.55338898301124584 1.0000000180025095e-35 18.500000000000004 0.084371998906135573 0.6894265115261079 1.0000000180025095e-35 9.5000000000000018 44.500000000000007 22.500000000000004 1.0000000180025095e-35 18.500000000000004 26.500000000000004 69.500000000000014 53.500000000000007 47.500000000000007 43.500000000000007 42.500000000000007 0.72120651602745067 29.500000000000004 0.3520949929952622 7.5000000000000009 7.5000000000000009 10.500000000000002 40.500000000000007 18.500000000000004 43.500000000000007 14.500000000000002
decision_type=2 2 2 2 2 2 2 2 2 2 2 2 2 2 2 2 2 2 2 2 2 2 2 2 2 2 2 2 2 2
left_child=1 2 -1 4 5 11 -2 8 9 10 28 -4 13 -13 16 -16 17 18 19 21 -8 22 23 -14 -23 -26 27 -27 -5 -30
right_child=6 -3 3 7 -6 -7 20 -9 -10 -11 -12 12 14 -15 15 -17 -18 -19 -20 -21 -22 24 -24 -25 25 26 -28 -29 29 -31
leaf_value=-0.045570627248383094 -0.039244874525893036 0.050396395781804486 0.044103283050767932 0.010305154729311643 -0.045820854691363475 -0.044540773965757792 0.050368454941801137 -0.045172207236186743 -0.045476259039078613 -0.043870145425036651 -0.043306971917377084 -0.048731629305620014 0.038562960654199334 0.046931433843121227 -0.038541085192245986 0.062793908250658156 0.051793178343256675 -0.022011735512453071 0.07296312158017465 -0.024020711804294062 -0.044645125344715542 -0.038395545520994875 0.015393336019609728 -0.058463217316736517 0.10469000273144827 0.030230122973389485 0.061854812086619942 -0.017347592950001187 -0.021352057630014031 0.18718967548487747
leaf_weight=195.50322686135769 1.3323283344507206 19.519969742745161 6.6323523912578812 18.322654809802778 22.240017347037792 6.1118796728551379 285.21990507096052 86.833602614700794 21.600570734590292 22.196677904576063 2.5732349548488846 2.9415532276034346 0.55662383884192168 1.2480643354356287 2.5528778731822963 0.64333942160010327 4.7728124447166911 4.48610502667725 3.8920597843825808 2.510744981467723 0.30194524675607581 0.83882728964090247 8.2673171199858171 1.9755215495824812 0.92904790490865607 8.6992694623768312 2.0675481725484124 3.0854171998798838 0.28283930942416091 0.25706660188734531
leaf_count=1513 7 368 104 284 500 244 5511 3174 545 894 54 25 8 18 56 9 61 47 49 19 3 8 93 12 10 114 28 43 5 6
internal_value=0.000376539 -0.0310067 -0.0347071 -0.0256908 -0.00360313 0.0114584 0.0497883 -0.0379141 -0.0281217 -0.0193315 0.00593168 0.0177167 0.0139962 -0.0186388 0.0171606 -0.0153411 0.0197783 0.0154215 0.020741 0.0133161 0.0502349 0.0171301 0.00300754 -0.0345803 0.0264948 0.0307465 0.0247141 0.0173117 0.0131055 0.0838635
internal_weight=738.395 451.541 432.021 236.518 84.4514 62.2114 286.854 152.067 65.233 43.6325 21.4358 56.0995 49.4671 4.18962 45.2775 3.19622 42.0813 37.3085 32.8224 28.9303 285.522 26.4196 10.7995 2.53215 15.6201 14.7813 13.8522 11.7847 18.8626 0.539906
internal_count=13812 8291 7923 6410 1448 948 5521 4962 1788 1243 349 704 600 43 557 65 492 431 384 335 5514 316 113 20 203 195 185 157 295 11
is_linear=0
shrinkage=0.05


Tree=229
num_leaves=31
num_cat=0
split_feature=15 11 8 19 0 11 0 6 6 0 16 0 7 11 11 7 11 0 0 0 7 0 7 7 7 3 0 7 7 7
split_gain=547.463 58.4677 6.82472 5.63643 4.46675 2.83887 7.14533 1.86367 11.174 5.13756 1.70208 1.5434 1.23541 0.697522 0.402869 2.47553 0.879816 0.335133 0.65942 0.285084 1.41286 0.37646 1.03693 0.207072 0.705313 0.182704 0.159618 0.138372 0.132673 0.370368
threshold=1.0000000180025095e-35 15.500000000000002 1.0000000180025095e-35 1.0000000180025095e-35 0.1730034947395325 9.5000000000000018 0.55338898301124584 51.500000000000007 52.500000000000007 0.33245600759983068 1.0000000180025095e-35 0.79545250535011303 22.500000000000004 26.500000000000004 6.5000000000000009 35.500000000000007 4.5000000000000009 0.49558301270008093 0.47544349730014807 0.50457298755645763 30.500000000000004 0.72120651602745067 33.500000000000007 26.500000000000004 27.500000000000004 0.039017001166939742 0.33245600759983068 48.500000000000007 23.500000000000004 27.500000000000004
decision_type=2 2 2 2 2 2 2 2 2 2 2 2 2 2 2 2 2 2 2 2 2 2 2 2 2 2 2 2 2 2
left_child=1 3 17 5 -2 7 12 -1 9 -9 -8 19 -7 -4 15 23 -17 18 26 -11 -21 22 -22 -6 -25 -12 -3 -13 -14 -30
right_child=4 2 13 -5 14 6 10 8 -10 11 25 27 28 -15 -16 16 -18 -19 -20 20 21 -23 -24 24 -26 -27 -28 -29 29 -31
leaf_value=-0.045389753206622904 -0.038979943296645468 0.0083046608854757797 -0.042439121186791648 0.062858339116121653 0.053122469068199001 -0.043999530843349295 -0.040733867935388648 -0.040323266603544038 -0.044286105830743487 0.10382955266650817 0.065795602373567477 -0.023527550722070842 0.037076244494640739 0.027815612027570175 0.050549406007706466 0.037863270737860617 -0.0086848247070771146 0.05070548717946749 -0.01767108503912353 -0.024046784277141384 0.098849935182319437 0.11289963160451864 0 0 0.044670859513632005 0.030502903537908629 0.048785503501518994 0.015080779003068215 -0.035028841812198154 0.030775205482543633
leaf_weight=324.48513749986887 1.2877316325902928 0.75007756054402097 2.5295463083311911 1.1373703256249417 14.987210378050809 14.246657804585993 0.57629827968776126 1.5745084267109621 31.473666982725263 1.2630447745323188 1.0770590994507077 0.31995542347431172 0.23568783327937204 0.24870366975665081 293.5201533138752 1.3743873685598362 2.8990697860717773 18.256825566291809 0.49875303357839573 0.33398718759417523 0.35808054730296113 0.53732105717062939 0.68059591576457024 1.0303208082914341 3.6548723876476288 2.8462043637409806 1.3947734683752058 0.39890226349234581 0.31651708483695984 0.33800916373729706
leaf_count=7809 7 6 160 8 145 860 20 40 818 24 9 6 3 2 3522 9 17 206 5 7 4 6 11 9 33 38 12 5 7 4
internal_value=0.000482045 -0.0380211 0.0379877 -0.0427519 0.0495213 -0.0430966 -0.0238212 -0.0441232 -0.0327699 0.0322429 0.0303866 0.0631276 -0.0403567 -0.033665 0.0499082 0.0416633 0.00566571 0.0478654 0.025296 0.0777124 0.0536476 0.0735483 0.0406731 0.049162 0.0346026 0.0428292 0.0378568 0 0.0114478 0
internal_weight=724.631 405.878 23.6787 382.199 318.754 381.062 19.6364 361.425 36.9401 5.4664 4.49956 3.89189 15.1369 2.77825 317.466 23.9459 4.27346 20.9004 2.6436 3.17303 1.90998 1.576 1.03868 19.6724 4.68519 3.92326 2.14485 0.718858 0.890214 0.654526
internal_count=13812 10070 391 9679 3742 9671 941 8730 921 103 67 63 874 162 3735 213 26 229 23 52 28 21 15 187 42 47 18 11 14 11
is_linear=0
shrinkage=0.05


Tree=230
num_leaves=1
num_cat=0
split_feature=
split_gain=
threshold=
decision_type=
left_child=
right_child=
leaf_value=0
leaf_weight=
leaf_count=17101
internal_value=
internal_weight=
internal_count=
is_linear=0
shrinkage=1


Tree=231
num_leaves=1
num_cat=0
split_feature=
split_gain=
threshold=
decision_type=
left_child=
right_child=
leaf_value=0
leaf_weight=
leaf_count=17101
internal_value=
internal_weight=
internal_count=
is_linear=0
shrinkage=1


Tree=232
num_leaves=1
num_cat=0
split_feature=
split_gain=
threshold=
decision_type=
left_child=
right_child=
leaf_value=0
leaf_weight=
leaf_count=17101
internal_value=
internal_weight=
internal_count=
is_linear=0
shrinkage=1


Tree=233
num_leaves=1
num_cat=0
split_feature=
split_gain=
threshold=
decision_type=
left_child=
right_child=
leaf_value=0
leaf_weight=
leaf_count=17101
internal_value=
internal_weight=
internal_count=
is_linear=0
shrinkage=1


Tree=234
num_leaves=2
num_cat=0
split_feature=0
split_gain=588.277
threshold=0.042222999967634685
decision_type=2
left_child=-1
right_child=-2
leaf_value=0.049939435620849897 -0.045748665852198084
leaf_weight=304.02149575948715 340.3083627326414
leaf_count=513 13299
internal_value=-0.000590557
internal_weight=644.33
internal_count=13812
is_linear=0
shrinkage=0.05


Tree=235
num_leaves=10
num_cat=0
split_feature=12 14 12 6 3 0 0 0 0
split_gain=447.599 117.731 3.38471 6.22025 2.1162 0.0239024 0.255801 0.172811 0.675712
threshold=9.5000000000000018 1.0000000180025095e-35 11.500000000000002 18.500000000000004 0.039980500936508186 0.12768299877643588 0.13101749867200854 0.13456099480390551 0.14423999935388568
decision_type=2 2 2 2 2 2 2 2 2
left_child=1 -1 3 4 -2 -3 -7 -8 -9
right_child=2 5 -4 -5 -6 6 7 8 -10
leaf_value=-0.045493085923972172 0.056938304302890513 0.049862541815868293 -0.045736951494797978 -0.044860966166747084 -0.0056550068784217951 0.046969667493961038 0.036147242432128343 0.036690674751628634 -0.032364117499953118
leaf_weight=36.422887209802866 2.4064653832465401 287.51668415218592 296.49626485165209 8.8428356163203699 2.6163567546755075 3.0631479620933524 0.61474293470382679 0.63309216499328591 0.57060539163649082
leaf_count=981 4 483 12056 251 7 5 1 1 23
internal_value=-0.00152496 0.0391108 -0.0445924 -0.0196075 0.0238839 0.0496786 0.0370569 0.0161746 0.00014888
internal_weight=639.183 328.821 310.362 13.8657 5.02282 292.398 4.88159 1.81844 1.2037
internal_count=13812 1494 12318 262 11 513 30 25 24
is_linear=0
shrinkage=0.05


Tree=236
num_leaves=31
num_cat=0
split_feature=10 7 11 8 0 19 12 7 14 6 7 11 0 0 4 15 14 4 6 6 4 4 4 13 12 7 12 4 4 12
split_gain=409.696 46.7941 67.4164 8.35379 5.69568 4.85959 4.16743 4.07293 12.0696 9.89271 4.22921 2.97419 2.68468 2.67698 2.31361 2.15171 2.10563 1.92853 1.90123 1.85392 1.83218 1.98815 2.80027 1.797 1.3646 1.22812 1.17429 1.38175 1.20744 1.8575
threshold=1.0000000180025095e-35 15.500000000000002 5.5000000000000009 1.0000000180025095e-35 0.6894265115261079 1.0000000180025095e-35 24.500000000000004 7.5000000000000009 1.0000000180025095e-35 22.500000000000004 8.5000000000000018 8.5000000000000018 0.33501599729061132 0.46317449212074285 0.97811451554298412 1.0000000180025095e-35 1.0000000180025095e-35 1.0231050252914431 50.500000000000007 26.500000000000004 1.0223435163497927 0.99444851279258739 1.0085345506668093 1.0000000180025095e-35 10.500000000000002 32.500000000000007 11.500000000000002 0.98145350813865673 1.0311039686203005 16.500000000000004
decision_type=2 2 2 2 2 2 2 2 2 2 2 2 2 2 2 2 2 2 2 2 2 2 2 2 2 2 2 2 2 2
left_child=1 7 3 4 6 -6 13 -1 9 -9 -11 16 -12 18 -14 19 23 20 24 -15 21 -16 -23 -4 -3 -8 -21 -28 -29 -30
right_child=-2 2 11 -5 5 -7 25 8 -10 10 12 -13 14 15 17 -17 -18 -19 -20 26 -22 22 -24 -25 -26 -27 27 28 29 -31
leaf_value=-0.045457978429626192 0.050147247730942195 -0.045449828436300008 0.0076135444757276551 -0.043786549720981061 0.044931595702445176 -0.050536323239438109 -0.03727761298719641 -0.039896412045887612 -0.045558330347942037 0.11197041978462717 -0.046669496598489145 -0.045639265434861229 -0.048588975480190796 -0.032276405461379054 0.06292020837889388 -0.044786674269556931 -0.044264773005238317 -0.039665395541411214 -0.043392861965070244 0.041797966423951796 0.13269746461571361 -0.048397413268487698 0.034607674192641609 -0.044747089688384659 0.021724576936190915 0.020196635341531554 -0.0056100894424642722 0.032625064136221703 -0.050816292102027719 0.030364889552330507
leaf_weight=199.56746206153184 264.36934130638838 0.7868722602725019 6.9172914102673513 4.4431153833866111 33.294875780120492 1.2595941759645928 4.4985705139115444 9.0436657220125216 44.901329774409533 1.2720662131905545 1.2895233165472735 66.652452949434519 0.79737280681729217 1.1060293726623047 3.3375692553818173 0.92802510224282642 5.325476571917533 0.67481274902820665 2.3823226951062679 12.939720533788202 0.45698198676109392 1.2739960215985773 3.5886169634759426 2.0126271788030863 4.2337730703875422 0.974462205544114 3.5507500898093012 15.434718610718848 1.1053506731986993 1.572349604219198
leaf_count=3566 2010 6 106 307 233 18 94 359 3107 12 33 3166 17 12 36 12 307 16 25 77 2 25 31 63 29 9 26 89 9 10
internal_value=0.00104864 -0.0287414 -0.00815611 0.0219521 0.0255338 0.0411715 0.0144587 -0.0418157 -0.0307807 0 0.0282079 -0.0411417 0.0175517 0.0196435 0.0265925 0.0252045 -0.019593 0.0339935 -0.00718034 0.0272831 0.0406935 0.0334269 0.0113159 -0.00399865 0.00953809 -0.0259685 0.0294184 0.0216361 0.0272534 -0.00196952
internal_weight=699.991 435.622 169.418 88.5105 84.0674 34.5545 49.5129 266.203 66.6359 21.7346 12.6909 80.9078 11.4189 44.0399 10.1293 36.6369 14.2554 9.33198 7.40297 35.7089 8.65716 8.20018 4.86261 8.92992 5.02065 5.47303 34.6029 21.6632 18.1124 2.6777
internal_count=13812 11802 4598 956 649 251 398 7204 3638 531 172 3642 160 295 127 235 476 110 60 223 94 92 56 169 35 103 211 134 108 19
is_linear=0
shrinkage=0.05


Tree=237
num_leaves=31
num_cat=0
split_feature=16 5 5 11 10 15 10 7 15 11 6 12 13 7 13 10 12 12 3 4 3 3 1 12 6 12 6 6 6 6
split_gain=274.658 65.8976 82.0183 27.6018 23.4076 21.3322 33.6781 13.9112 8.864 6.26057 5.10114 3.90716 3.698 2.38326 1.96801 1.87711 1.6547 2.59409 1.64411 2.81685 1.54668 3.28703 1.11571 1.07132 0.997755 0.849482 1.9493 1.03111 0.824539 1.27127
threshold=1.0000000180025095e-35 1.0000000180025095e-35 1.5000000000000002 2.5000000000000004 1.0000000180025095e-35 1.0000000180025095e-35 1.0000000180025095e-35 27.500000000000004 1.0000000180025095e-35 18.500000000000004 24.500000000000004 19.500000000000004 1.0000000180025095e-35 10.500000000000002 1.0000000180025095e-35 1.0000000180025095e-35 16.500000000000004 9.5000000000000018 0.039550499990582473 1.0311039686203005 0.040388500317931182 0.040033500641584403 0.089999999850988402 14.500000000000002 28.500000000000004 10.500000000000002 51.500000000000007 53.500000000000007 26.500000000000004 28.500000000000004
decision_type=2 2 2 2 2 2 2 2 2 2 2 2 2 2 2 2 2 2 2 2 2 2 2 2 2 2 2 2 2 2
left_child=3 -2 4 10 8 6 7 9 14 11 -1 16 -13 -12 23 22 17 24 -19 20 21 -20 -5 25 -4 26 -3 -27 -18 -30
right_child=1 2 5 15 -6 -7 -8 -9 -10 -11 13 12 -14 -15 -16 -17 28 18 19 -21 -22 -23 -24 -25 -26 27 -28 -29 29 -31
leaf_value=0.063053643571754817 -0.045375276919187399 0.064941137377154928 0.011406800308440081 0.049768294983320013 -0.045227128229775218 -0.045729362058719449 -0.045588501877867046 -0.038842005091185058 -0.03406180400404657 -0.040177077933533811 0.041514327510960479 0.043373049315427792 -0.041361523700920458 -0.043611178970626607 -0.036413598213560126 -0.031645305985535124 0.029007867228439822 0.063170359049975838 -0.020696655408083624 0.087186619826695844 -0.036370144181413398 0.074551836613554232 -0.024864545781003399 0.04565857751883734 -0.035042078254787716 0.00083585895399404758 -0.014233670309826127 0.058371813598662149 -0.055700657066314635 0
leaf_weight=1.3013071604073037 181.06291627883911 2.7864184528589235 1.9586137793958212 215.21154731884599 8.9290249273180944 78.965246889740229 42.160983370617032 10.803331391885875 3.7917297985404721 3.468791725113987 0.75277533009648223 27.862085796892647 1.2132218685001124 10.624342784285544 0.63910361938178439 0.57501218095421691 0.72400233149528403 3.1284743472933751 1.9167578406631949 1.0650170296430586 1.7210413478314874 1.4853895194828508 0.35684800148010154 71.95940699800849 2.278333880007267 4.6767250783741474 0.89147569239139546 0.88457978889346112 1.7069467529654501 2.4284432046115398
leaf_count=17 1520 27 21 4455 206 3596 1145 257 138 122 12 436 28 220 7 15 10 32 19 12 16 18 2 1360 31 39 6 9 11 25
internal_value=0.000405219 -0.0219152 -0.00657605 0.0451422 0.0311869 -0.0261344 -0.0111674 0.0122852 0.0392567 0.0232774 -0.0261332 0.0280922 0.0395363 -0.0372305 0.0427522 0.0493563 0.00963513 0.0187408 0.0335298 0.0169835 4.2507e-05 0.0204028 0.0496101 0.0434808 -0.0126493 0.0256766 0.0445579 0.0117401 -0.0146197 -0.0239429
internal_weight=687.33 458.508 277.445 228.822 94.5585 182.887 103.921 61.7605 85.6294 50.9571 12.6784 47.4883 29.0753 11.3771 81.8377 216.143 18.413 13.5536 9.31668 6.18821 5.12319 3.40215 215.568 81.1986 4.23695 9.2392 3.67789 5.5613 4.85939 4.13539
internal_count=13812 9091 7571 4721 1792 5779 2183 1038 1586 781 249 659 464 232 1448 4472 195 149 97 65 53 37 4457 1441 52 81 33 48 46 36
is_linear=0
shrinkage=0.05


Tree=238
num_leaves=31
num_cat=0
split_feature=11 8 0 12 16 10 7 19 8 11 0 16 7 17 11 7 6 6 6 0 7 6 10 6 3 12 12 0 12 12
split_gain=402.312 44.2382 32.6249 30.4174 16.407 14.2763 5.97777 5.12095 4.40289 2.62187 1.91352 1.85831 1.75778 1.96441 1.24971 2.73177 1.43483 0.915369 0.759551 0.633397 0.677192 0.593496 4.58392 2.77691 2.23996 0.520334 0.368819 0.337709 0.327125 0.433009
threshold=9.5000000000000018 1.0000000180025095e-35 0.4502789974212647 20.500000000000004 1.0000000180025095e-35 1.0000000180025095e-35 4.5000000000000009 1.0000000180025095e-35 1.0000000180025095e-35 23.500000000000004 0.72120651602745067 1.0000000180025095e-35 16.500000000000004 0.53499999642372142 5.5000000000000009 38.500000000000007 51.500000000000007 52.500000000000007 42.500000000000007 0.865767002105713 44.500000000000007 50.500000000000007 1.0000000180025095e-35 52.500000000000007 0.040515499189496047 16.500000000000004 35.500000000000007 0.28539800643920904 39.500000000000007 12.500000000000002
decision_type=2 2 2 2 2 2 2 2 2 2 2 2 2 2 2 2 2 2 2 2 2 2 2 2 2 2 2 2 2 2
left_child=2 6 12 7 -5 8 -2 21 14 -3 -10 -8 -1 -14 15 16 18 -18 26 20 -17 -4 23 24 -23 -25 -6 -13 29 -15
right_child=1 9 3 4 5 -7 11 -9 10 -11 -12 27 13 28 -16 19 17 -19 -20 -21 -22 22 -24 25 -26 -27 -28 -29 -30 -31
leaf_value=-0.045326340143200541 -0.043655419625286379 -0.045290306694791664 -0.043627489202892139 -0.045073368905244236 0.032375178623956377 -0.044774579134385761 -0.039551682756245952 0.054650816257577832 -0.042232859791990658 0.033625451481873868 0.10966694073777115 0.011028903426295261 0.082517684531727309 -0.015618037008061803 0.039702050648793417 -0.00061847991028263888 0.14066876933328964 0.036449230784335901 -0.0077340601627077987 0.02780044140182621 -0.050592483335186782 0.14210108733749438 -0.044832751713630652 -0.036811973615152128 0 0.019190773468348431 0 0.049581760711095491 -0.0054681308571498232 -0.041762972755519247
leaf_weight=235.37228337582201 1.6113773491233576 13.845657737925645 49.136080427095294 11.397683811374007 10.491553865373135 7.223548896610736 0.4558037668466558 1.3076973930001248 2.5992894936352964 0.99365547299385149 0.1137888729572295 0.96937736682593723 0.3030370008200397 3.6010637115687114 30.337139110080898 1.6546802893280981 0.42518137395381816 0.85113216750323772 1.2492644079029549 0.49999982863664616 1.3721606954932211 0.62122100219130272 9.5315810926258564 0.8924901522696016 0.41994164139032364 0.50329078547656536 0.80579039081931192 277.13163158670068 1.9353531040251244 5.2681990107521415
leaf_count=5311 18 1013 1425 781 152 170 12 10 190 12 1 12 5 99 368 15 3 9 17 5 13 9 254 18 5 5 15 3568 64 233
internal_value=0.000501843 0.0442581 -0.0336447 -0.0134581 0.00935394 0.0202655 0.0487238 -0.0387403 0.0297565 -0.0394816 -0.0304126 0.0492916 -0.044379 -0.0236327 0.0333409 0.0217677 0.0318701 0.0824991 0.0257129 -0.016236 -0.0257658 -0.0409067 -0.0290533 0.0300281 0.0886268 -0.0133428 0.0298856 0.0494694 -0.0277979 -0.0319976
internal_weight=672.921 295.008 377.913 131.434 69.0212 57.6235 280.168 62.4123 50.4 14.8393 2.71308 278.557 246.48 11.1077 47.6869 17.3498 13.8229 1.27631 12.5466 3.52684 3.02684 61.1046 11.9685 2.43694 1.04116 1.39578 11.2973 278.101 10.8046 8.86926
internal_count=13812 4635 9177 3465 1739 958 3610 1726 788 1025 191 3592 5712 401 597 229 196 12 184 33 28 1716 291 37 14 23 167 3580 396 332
is_linear=0
shrinkage=0.05


Tree=239
num_leaves=1
num_cat=0
split_feature=
split_gain=
threshold=
decision_type=
left_child=
right_child=
leaf_value=0
leaf_weight=
leaf_count=17101
internal_value=
internal_weight=
internal_count=
is_linear=0
shrinkage=1


Tree=240
num_leaves=1
num_cat=0
split_feature=
split_gain=
threshold=
decision_type=
left_child=
right_child=
leaf_value=0
leaf_weight=
leaf_count=17101
internal_value=
internal_weight=
internal_count=
is_linear=0
shrinkage=1


Tree=241
num_leaves=1
num_cat=0
split_feature=
split_gain=
threshold=
decision_type=
left_child=
right_child=
leaf_value=0
leaf_weight=
leaf_count=17101
internal_value=
internal_weight=
internal_count=
is_linear=0
shrinkage=1


Tree=242
num_leaves=1
num_cat=0
split_feature=
split_gain=
threshold=
decision_type=
left_child=
right_child=
leaf_value=0
leaf_weight=
leaf_count=17101
internal_value=
internal_weight=
internal_count=
is_linear=0
shrinkage=1


Tree=243
num_leaves=2
num_cat=0
split_feature=0
split_gain=537.381
threshold=0.042222999967634685
decision_type=2
left_child=-1
right_child=-2
leaf_value=0.049436050673193149 -0.045640679688572425
leaf_weight=282.04932129383087 313.92825237195939
leaf_count=513 13299
internal_value=-0.000636016
internal_weight=595.978
internal_count=13812
is_linear=0
shrinkage=0.05


Tree=244
num_leaves=3
num_cat=0
split_feature=11 14
split_gain=305.827 224.216
threshold=2.5000000000000004 1.0000000180025095e-35
decision_type=2 2
left_child=1 -1
right_child=-2 -3
leaf_value=-0.04560236531351998 -0.04562070620765165 0.049278298557030378
leaf_weight=80.383313176222146 236.40355873480439 274.55662385560572
leaf_count=2195 11098 519
internal_value=-0.0015641 0.0277698
internal_weight=591.343 354.94
internal_count=13812 2714
is_linear=0
shrinkage=0.05


Tree=245
num_leaves=31
num_cat=0
split_feature=14 0 12 11 19 7 7 12 16 7 11 12 12 3 12 0 7 11 11 0 0 11 7 0 12 3 7 0 5 3
split_gain=220.228 157.59 84.0901 7.17886 3.81922 3.73335 1.9886 7.17979 4.57321 1.89092 2.4407 2.88384 1.832 1.70583 2.12129 1.33669 1.2161 0.980632 1.17378 0.977913 0.937851 0.928023 1.99884 2.66628 1.78199 1.57717 1.44151 1.08669 0.869732 0.824575
threshold=1.0000000180025095e-35 0.042222999967634685 52.500000000000007 2.5000000000000004 1.0000000180025095e-35 26.500000000000004 15.500000000000002 26.500000000000004 1.0000000180025095e-35 8.5000000000000018 4.5000000000000009 15.500000000000002 43.500000000000007 0.039665499702095992 21.500000000000004 0.55691999197006237 23.500000000000004 6.5000000000000009 7.5000000000000009 0.5889669954776765 0.46317449212074285 1.5000000000000002 20.500000000000004 0.54975599050521862 10.500000000000002 0.040377499535679824 18.500000000000004 0.43528850376605993 1.5000000000000002 0.039119500666856773
decision_type=2 2 2 2 2 2 2 2 2 2 2 2 2 2 2 2 2 2 2 2 2 2 2 2 2 2 2 2 2 2
left_child=1 -1 3 21 5 9 -2 8 -8 13 11 -11 15 -5 -15 -12 20 19 -19 -7 -14 -3 23 24 25 27 -25 -23 -9 -13
right_child=6 2 -4 4 -6 17 7 28 -10 10 12 29 16 14 -16 -17 -18 18 -20 -21 -22 22 -24 26 -26 -27 -28 -29 -30 -31
leaf_value=-0.045475533910705829 -0.045242747944022797 0.047436448850443479 -0.043951352808412558 -0.0036032073722252218 -0.046565828458173669 0.024694433305980427 -0.043041361224376566 -0.020998080386864036 0.030311065977312375 -0.023702767525943306 0 0.0052965614726925014 -0.030214293378908449 0.0044901496283347902 0.11249120719874346 -0.046032516047882895 -0.04158143342258358 -0.024613243440370528 0.033195099349904104 0.046529970058000109 0.037720524399181256 0 0.045475396993033143 -0.039382640964963057 0.039435558275943527 0.031371882391827942 0.020101468690198222 -0.09260676472004678 -0.044537779940976852 0.034221394388510372
leaf_weight=74.95406311750412 148.83179671969265 179.18602996692061 31.60857206210494 0.73458449821919147 1.5503329094499338 7.9683333821594706 3.0450169369578344 5.6152605703100553 6.3515087859705091 2.6886361632496145 3.5700880941003543 3.4094899836927679 0.4281382244080304 0.8055063541978601 1.4127544518560169 2.9819331206381321 0.57484465651214112 1.1952850185334676 2.3319415226578712 30.428508134558797 3.6733068842440844 0.46742046996951747 57.148983769118786 1.9715995676815501 18.879425555467606 1.072035379707813 1.8041269555687904 0.55434545874595642 39.132413736544549 17.349415181204677
leaf_count=502 6105 1489 1560 22 43 62 211 292 73 40 70 38 13 19 18 89 13 17 27 238 46 6 443 21 136 9 12 5 2051 142
internal_value=0.00106827 0.0206228 0.033899 0.0411155 0.0278963 0.0294668 -0.0421282 -0.0334072 0.00581121 0.0177194 0.0141564 0.0233414 -0.00461959 0.0560887 0.0773155 -0.0218948 0.0184898 0.0398243 0.0120884 0.0422043 0.0288886 0.0451906 0.0401639 0.027564 0.0345579 -0.00693663 -0.00988442 -0.0508008 -0.0417487 0.0297586
internal_weight=651.726 448.75 373.796 342.187 81.1031 79.5528 202.976 54.1442 9.39653 37.6287 34.6759 23.4475 11.2283 2.95285 2.21826 6.55202 4.67629 41.9241 3.52723 38.3968 4.10145 261.084 81.8979 24.749 20.9732 2.0938 3.77573 1.02177 44.7477 20.7589
internal_count=13812 5080 4578 3018 897 854 8732 2627 284 510 451 220 231 59 37 159 72 344 44 300 59 2121 632 189 156 20 33 11 2343 180
is_linear=0
shrinkage=0.05


Tree=246
num_leaves=31
num_cat=0
split_feature=8 9 5 0 10 11 0 6 0 6 0 11 10 6 11 3 0 3 11 11 0 12 6 6 6 0 12 12 11 6
split_gain=377.032 44.8768 15.9441 22.3052 21.0227 12.2957 3.83616 1.96206 1.75137 1.44941 1.41512 1.32886 4.79042 1.53469 1.26622 1.19588 2.0835 1.36237 1.19502 1.18588 1.09395 0.9347 0.840472 3.86718 2.34676 1.94289 1.82515 2.49381 3.58783 1.50953
threshold=1.0000000180025095e-35 1.0000000180025095e-35 1.0000000180025095e-35 0.6161324977874757 1.0000000180025095e-35 11.500000000000002 0.084371998906135573 22.500000000000004 0.6894265115261079 69.500000000000014 0.72120651602745067 8.5000000000000018 1.0000000180025095e-35 38.500000000000007 18.500000000000004 0.039574500173330314 0.66134047508239757 0.040273500606417663 23.500000000000004 5.5000000000000009 0.51415500044822704 37.500000000000007 46.500000000000007 43.500000000000007 52.500000000000007 0.42160099744796758 26.500000000000004 16.500000000000004 2.5000000000000004 27.500000000000004
decision_type=2 2 2 2 2 2 2 2 2 2 2 2 2 2 2 2 2 2 2 2 2 2 2 2 2 2 2 2 2 2
left_child=1 2 -1 4 5 7 -2 21 11 22 18 12 13 15 20 19 -17 -18 -8 -5 -7 -4 23 26 -24 -26 27 28 29 -9
right_child=6 -3 3 8 -6 14 10 9 -10 -11 -12 -13 -14 -15 -16 16 17 -19 -20 -21 -22 -23 24 -25 25 -27 -28 -29 -30 -31
leaf_value=-0.045303879356829196 -0.037972709768127215 0.049252037882491939 0.049537076834431745 0.076324108676428457 -0.045539150838716763 0.00060006006467794391 0.049515393806625577 0.032342461522054826 -0.044831241424087433 0.0607600903464139 -0.041639197624288096 -0.04298136478387684 -0.044741599383529507 -0.027305128567652916 -0.044823915195658648 -0.018171015113696686 -0.024940338105008984 0.071503326917828083 -0.00027551357736690495 -0.0031270091335501822 -0.041557568713806226 0.0014418908588851751 -0.025142177694469373 0.060119778501825087 0.047068657138416153 -0.016333496784183176 0.026539471885304162 -0.017499735287447367 0.06906152640941926 -0.005512978186770108
leaf_weight=165.79619360715151 1.1369186639785755 16.918508481234312 5.8668437488377085 1.2493695672601459 26.891223691403866 3.9746043942868701 245.35567426681519 3.3686916977167192 74.195121569558978 1.4733671247959126 0.29828859865665336 12.892558043822644 10.287470482289791 2.6152807157486677 9.5605916790664178 3.4236535485833883 0.34662148915231217 1.312509551644325 1.0092505142092694 0.53126806952059258 2.1990433894097805 1.4854223076254127 5.1514977570623142 4.0712540596723548 3.0291619207710028 1.7533828746527431 10.418345661833881 10.12011034041643 2.4101849421858779 10.419309809803961
leaf_count=1513 7 368 94 19 735 94 5500 30 3174 19 3 604 308 58 452 49 8 24 11 18 107 32 63 58 41 34 163 102 30 94
internal_value=0.000442412 -0.0300795 -0.0336856 -0.0244299 -0.00765653 0.00584797 0.048709 0.0162914 -0.0404027 0.0126962 0.0491441 -0.0300831 -0.0212444 0.00393647 -0.0332269 0.0167802 0.00305471 0.0482399 0.0492911 0.0510547 -0.0140425 0.0406408 0.0110855 0.0142669 -0.00149699 0.0229416 0.00890018 0.00165421 0.0139617 0.00354214
internal_weight=639.562 391.762 374.843 209.047 102.193 75.3018 247.8 59.5676 106.854 52.2153 246.663 32.6587 19.7662 9.4787 15.7342 6.86342 5.08278 1.65913 246.365 1.78064 6.17365 7.35227 50.7419 40.8079 9.93404 4.78254 36.7366 26.3183 16.1982 13.788
internal_count=13812 8291 7923 6410 2148 1413 5521 760 4262 634 5514 1088 484 176 653 118 81 32 5511 37 201 126 615 477 138 75 419 256 154 124
is_linear=0
shrinkage=0.05


Tree=247
num_leaves=31
num_cat=0
split_feature=15 11 0 13 12 0 7 11 6 6 12 0 10 0 12 12 12 7 12 12 6 0 6 6 12 0 0 7 11 12
split_gain=454.516 48.846 5.8375 5.01667 3.71764 3.66747 2.24545 2.76623 2.28289 15.2546 1.49207 5.17251 1.44289 1.43404 1.4228 2.0184 1.12752 1.32147 0.880215 0.634569 0.60663 0.814224 0.596659 0.569603 0.458756 0.641129 0.83749 0.361469 0.338451 0.255588
threshold=1.0000000180025095e-35 15.500000000000002 0.32018549740314489 1.0000000180025095e-35 42.500000000000007 0.1730034947395325 16.500000000000004 9.5000000000000018 51.500000000000007 52.500000000000007 14.500000000000002 0.50457298755645763 1.0000000180025095e-35 0.64821052551269542 23.500000000000004 25.500000000000004 17.500000000000004 34.500000000000007 30.500000000000004 8.5000000000000018 41.500000000000007 0.4322935044765473 31.500000000000004 22.500000000000004 99.500000000000014 0.49558301270008093 0.32319949567317968 23.500000000000004 36.500000000000007 63.500000000000007
decision_type=2 2 2 2 2 2 2 2 2 2 2 2 2 2 2 2 2 2 2 2 2 2 2 2 2 2 2 2 2 2
left_child=1 3 28 6 22 -2 -1 8 23 10 11 19 -6 20 -12 -16 17 -7 -17 -10 -9 -22 -5 -8 25 26 -4 -28 -3 -23
right_child=5 2 24 4 12 16 7 13 9 -11 14 -13 -14 -15 15 18 -18 -19 -20 -21 21 29 -24 -25 -26 -27 27 -29 -30 -31
leaf_value=-0.045435125087269497 -0.037691630709231899 -0.046906196331145823 0.065098805673248758 0 0.053315045965540889 0.042165936470415645 0.00030376213337751228 -0.042939365941144003 0.024586707426852861 -0.045259991856228088 0.14683648550462472 -0.038915076105875496 -0.030171161866291402 0.041349824559858889 -0.029052014733242978 0.13578055839517458 0.049053740684705999 -0.024465886646255573 0.014424472220371321 0.13676118460502892 -0.035121696138246811 0.056117909590480075 -0.043964602969666769 -0.044109287500375488 0.048912357338969085 0.04073374758974152 -0.04870579882159589 0.012436271550246823 0.0079816173094384765 0
leaf_weight=250.00435991212726 1.0995827764272679 1.9108277186751395 0.17444372177124323 1.1093587018549431 2.7116291373968129 1.652465753257274 0.50518903229385514 1.1745833195745938 0.36236722022295287 15.703930498100815 0.75742974132299412 1.2050716318190096 0.48387242481112469 1.537673160433769 0.42656899988651253 0.42266882956027985 272.86422454565763 1.1119711697101591 0.39295488409698009 0.64625677093863487 0.63821009919047333 0.46070949081331491 2.9370386451482773 45.770814744755626 16.239680766128004 1.4870569705963133 0.67675174493342638 0.13787080347537994 0.12261021882295597 0.38534795865416527
leaf_count=7389 7 119 1 6 26 12 9 44 5 521 10 25 8 13 6 3 3715 8 8 9 36 8 55 1492 217 21 31 1 1 6
internal_value=0.000511627 -0.0374738 0.0366588 -0.0421936 -0.000334523 0.0483475 -0.0431238 -0.0347908 -0.0372905 -0.0224288 0.0605852 0.0270736 0.0386242 0.00342389 0.0922466 0.0467749 0.0487224 0.0136999 0.0907347 0.106823 -0.017401 0.00108765 -0.0324962 -0.043517 0.0455389 0.0204333 -0.00643499 -0.0326628 -0.041034 0.034512
internal_weight=625.114 348.385 20.7492 327.636 7.2419 276.728 320.394 70.3898 66.1933 19.9172 4.21332 2.2137 3.1955 4.19652 1.99962 1.24219 275.629 2.76444 0.815624 1.00862 2.65885 1.48427 4.0464 46.276 18.7158 2.47612 0.989066 0.814623 2.03344 0.846057
internal_count=13812 10070 391 9679 95 3742 9584 2195 2088 587 66 39 34 107 27 17 3735 20 11 14 94 50 61 1501 271 54 33 32 120 14
is_linear=0
shrinkage=0.05


Tree=248
num_leaves=1
num_cat=0
split_feature=
split_gain=
threshold=
decision_type=
left_child=
right_child=
leaf_value=0
leaf_weight=
leaf_count=17101
internal_value=
internal_weight=
internal_count=
is_linear=0
shrinkage=1


Tree=249
num_leaves=1
num_cat=0
split_feature=
split_gain=
threshold=
decision_type=
left_child=
right_child=
leaf_value=0
leaf_weight=
leaf_count=17101
internal_value=
internal_weight=
internal_count=
is_linear=0
shrinkage=1


Tree=250
num_leaves=1
num_cat=0
split_feature=
split_gain=
threshold=
decision_type=
left_child=
right_child=
leaf_value=0
leaf_weight=
leaf_count=17101
internal_value=
internal_weight=
internal_count=
is_linear=0
shrinkage=1


Tree=251
num_leaves=1
num_cat=0
split_feature=
split_gain=
threshold=
decision_type=
left_child=
right_child=
leaf_value=0
leaf_weight=
leaf_count=17101
internal_value=
internal_weight=
internal_count=
is_linear=0
shrinkage=1


Tree=252
num_leaves=2
num_cat=0
split_feature=0
split_gain=491.062
threshold=0.042222999967634685
decision_type=2
left_child=-1
right_child=-2
leaf_value=0.048979134313317269 -0.045541826025705313
leaf_weight=261.3210461139679 289.56563912797719
leaf_count=513 13299
internal_value=-0.000694619
internal_weight=550.887
internal_count=13812
is_linear=0
shrinkage=0.05


Tree=253
num_leaves=10
num_cat=0
split_feature=12 14 12 6 4 0 0 0 0
split_gain=373.55 97.7156 3.07093 5.30997 1.68901 0.0410986 0.25501 0.162114 0.561781
threshold=9.5000000000000018 1.0000000180025095e-35 11.500000000000002 18.500000000000004 0.99972799420356762 0.12768299877643588 0.13101749867200854 0.13456099480390551 0.14423999935388568
decision_type=2 2 2 2 2 2 2 2 2
left_child=1 -1 3 4 -2 -3 -7 -8 -9
right_child=2 5 -4 -5 -6 6 7 8 -10
leaf_value=-0.045246593195963254 0.053467674093234475 0.04889404413844381 -0.045529945642719269 -0.044475157309839752 -0.0048644282421926033 0.045547291626524294 0.03360652773554209 0.034157065469672371 -0.031651629786725366
leaf_weight=30.973196735605597 2.2017271202057582 247.12611142545938 252.20108784548938 7.5904346909373999 2.3587440215051174 2.6417410373687735 0.53490138053894032 0.55134063959121682 0.5433547031134367
leaf_count=981 4 483 12056 251 7 5 1 1 23
internal_value=-0.00161506 0.0383581 -0.0443301 -0.0188497 0.0227676 0.0486923 0.0350237 0.013426 0
internal_weight=546.723 282.371 264.352 12.1509 4.56047 251.397 4.27134 1.6296 1.0947
internal_count=13812 1494 12318 262 11 513 30 25 24
is_linear=0
shrinkage=0.05


Tree=254
num_leaves=31
num_cat=0
split_feature=10 7 12 14 0 15 7 7 14 0 3 0 7 3 12 12 3 3 7 3 3 3 0 0 7 3 3 12 13 12
split_gain=339.522 40.0349 52.6469 12.576 5.83124 6.66308 3.57804 3.29164 9.64962 5.83353 3.14146 2.34546 1.85053 1.75714 2.48336 1.49704 1.73592 1.31073 1.27498 1.25986 1.07567 2.64749 1.11168 2.07984 1.01251 0.994694 0.974061 2.23958 0.955516 1.05146
threshold=1.0000000180025095e-35 14.500000000000002 44.500000000000007 1.0000000180025095e-35 0.47751800715923315 1.0000000180025095e-35 36.500000000000007 7.5000000000000009 1.0000000180025095e-35 0.47431950271129614 0.041034501045942313 0.6894265115261079 26.500000000000004 0.040677499026060111 17.500000000000004 11.500000000000002 0.041225500404834754 0.03913450054824353 21.500000000000004 0.039724498987197883 0.039855500683188445 0.040341500192880637 0.28539800643920904 0.34951500594615942 27.500000000000004 0.039245499297976501 0.041758999228477485 54.500000000000007 1.0000000180025095e-35 15.500000000000002
decision_type=2 2 2 2 2 2 2 2 2 2 2 2 2 2 2 2 2 2 2 2 2 2 2 2 2 2 2 2 2 2
left_child=1 7 3 4 18 11 -5 -1 9 10 17 15 -7 -11 -15 -6 25 -9 19 -3 -19 -22 -23 -24 -20 -17 -4 -28 -14 -30
right_child=-2 2 26 6 5 12 -8 8 -10 13 -12 -13 28 14 -16 16 -18 20 24 -21 21 22 23 -25 -26 -27 27 -29 29 -31
leaf_value=-0.045205002773528069 0.049159913403859855 -0.02313236729160285 -0.045177623713402421 -0.041735125194071597 0.03950831227463901 -0.045033005072282611 0.026166907034453853 -0.033219919693483937 -0.045275854384564329 -0.0483769173234464 -0.048922347856634026 0.044391620945132909 0.026054233976795124 0.063671459475810946 -0.039033833632987909 0 -0.016348973229572898 0.067598887126513296 -0.055000219175439069 0.015251278820891804 -0.042952502054605872 -0.026237796344635491 0.10548852970351748 0.020938364729506977 0.0017336735118547335 0.027153606770193406 0.051002336280287219 -0.041297493957178855 0.036200989099739601 -0.043188137094523196
leaf_weight=169.30041365046054 228.77785602211952 3.4386274442076665 61.159422214142978 11.057948982343076 11.250078879296778 3.1776106227189294 2.1818344136700025 0.45465359464287924 34.217919896356761 5.0040259985253206 1.0476179961115111 26.990907184779644 2.3111308086663485 0.92370563931763205 1.2645905269309876 3.8779125623405042 3.2066254615783683 3.0167489219456911 2.1724267788231368 5.3002844788134098 0.95246899686753739 0.3407852761447433 1.2094508539885285 2.2418320514261723 0.94117114692926396 17.084710910916328 0.82218917924910728 2.0355820246040821 0.42979389429092396 1.3814856521785257
leaf_count=3566 2010 35 3373 754 75 102 23 10 2824 221 22 201 27 9 64 33 26 28 26 43 25 10 7 23 7 115 10 111 2 30
internal_value=0.00106929 -0.0279678 -0.00878954 0.0148245 0.0221993 0.0277256 -0.0300582 -0.0417814 -0.0301782 0.000997374 0.0273949 0.0330364 -0.0168356 -0.0322259 0.00302218 0.0241419 0.0166499 0.0381987 -0.00984517 0 0.0433878 0.0258837 0.0451176 0.0541118 -0.0367746 0.0219887 -0.043806 -0.0122256 0.0042669 -0.0208256
internal_weight=607.572 378.794 158.82 94.8025 81.5628 69.7103 13.2398 219.974 50.6738 16.4559 9.26356 62.4102 7.30002 7.19232 2.1883 35.4193 24.1692 8.21594 11.8525 8.73891 7.76129 4.74454 3.79207 3.45128 3.1136 20.9626 64.0172 2.85777 4.12241 1.81128
internal_count=13812 11802 4993 1499 722 611 777 6809 3243 419 125 450 161 294 73 249 174 103 111 78 93 65 40 30 33 148 3494 121 59 32
is_linear=0
shrinkage=0.05


Tree=255
num_leaves=31
num_cat=0
split_feature=8 9 5 0 15 12 0 6 12 6 16 6 6 0 12 6 6 0 15 12 11 6 0 0 11 12 12 0 6 6
split_gain=341.412 40.5676 15.7836 21.2876 10.0883 7.06026 3.49553 3.07123 2.70406 3.04743 2.46012 2.87221 3.40459 2.74908 2.56539 2.35284 2.0397 1.79894 1.78287 1.99059 2.30371 2.04974 1.31761 1.17543 1.15656 1.06442 1.66911 1.48993 1.44813 1.44334
threshold=1.0000000180025095e-35 1.0000000180025095e-35 1.0000000180025095e-35 0.6161324977874757 1.0000000180025095e-35 7.5000000000000009 0.084371998906135573 22.500000000000004 6.5000000000000009 30.500000000000004 1.0000000180025095e-35 46.500000000000007 43.500000000000007 0.48621849715709692 20.500000000000004 42.500000000000007 53.500000000000007 0.6894265115261079 1.0000000180025095e-35 26.500000000000004 7.5000000000000009 38.500000000000007 0.72120651602745067 0.42160099744796758 23.500000000000004 26.500000000000004 16.500000000000004 0.40526299178600317 31.500000000000004 26.500000000000004
decision_type=2 2 2 2 2 2 2 2 2 2 2 2 2 2 2 2 2 2 2 2 2 2 2 2 2 2 2 2 2 2
left_child=1 2 -1 4 5 8 -2 -7 9 -4 14 12 15 16 -9 25 -13 18 19 -5 21 -21 24 -18 -8 26 -12 28 -28 -29
right_child=6 -3 3 17 -6 7 22 10 -10 -11 11 13 -14 -15 -16 -17 23 -19 -20 20 -22 -23 -24 -25 -26 -27 27 29 -30 -31
leaf_value=-0.045180062850434716 -0.037324908706850367 0.048737804431180101 0.056047352648213568 -0.028690046798480886 -0.043931302642354772 0.042459043425405435 0.049061109475192592 -0.041098662342311083 -0.042534660818806004 -0.030072582112462401 0.017386612642230515 -0.020050149043630255 0.058271769679714203 -0.04399748547350224 0.039113826561729632 -0.033247760019083757 0.034426504307161147 -0.044656783224305475 -0.044799705165654791 0.067533525413747422 -0.024735206718237316 -0.031928130875697992 -0.038502392225607383 -0.0082191549516574987 -0.00039352993903981806 0.02664968697472235 -0.084753668175022945 0.048312938300966037 0 -0.011224347421397539
leaf_weight=152.59168333001435 1.0536461621522892 15.706931978464125 1.6195260286331148 14.012414218857886 15.475598605349658 5.52828774601221 227.49155009537935 5.0973558463156214 11.535642309114337 2.4171814061701298 13.491659827530389 5.5964639931917208 3.9574371930211774 4.2959864549338809 1.0879086442291734 2.8061275873333207 4.6509442161768675 68.510647693648934 11.774259276688101 1.8549162149429315 2.4729180298745632 0.55983854830265034 0.29987406730651756 2.1483731921762228 0.98520071804523368 10.360268369317053 1.0626041740179051 1.187809959053993 0.85099851340055455 4.6968038193881512
leaf_count=1513 7 368 13 368 732 94 5500 81 372 53 163 69 61 119 19 29 72 3174 625 21 61 13 3 35 11 144 6 15 7 64
internal_value=0.000498533 -0.0295259 -0.0330689 -0.0236468 -0.00702842 0 0.0482408 0.00702259 -0.0302597 0.00378967 0.0036809 0.00712093 0.0146873 -0.00997802 -0.025797 0.00938263 0.00166966 -0.0399705 -0.0292301 -0.0190827 0.00748111 0.0421333 0.0486728 0.0203033 0.0488259 0.0134126 0.00664277 -0.0112968 -0.0484712 0.000564262
internal_weight=595.181 365.351 349.644 197.052 97.867 82.3914 229.83 66.819 15.5723 4.03671 61.2907 55.1055 38.4137 16.6918 6.18526 34.4563 12.3958 99.185 30.6743 18.9001 4.88767 2.41475 228.777 6.79932 228.477 31.6501 21.2899 7.79822 1.9136 5.88461
internal_count=13812 8291 7923 6410 2148 1416 5521 978 438 66 884 784 489 295 100 428 176 4262 1088 463 95 34 5514 107 5511 399 255 92 13 79
is_linear=0
shrinkage=0.05


Tree=256
num_leaves=31
num_cat=0
split_feature=15 11 0 13 0 19 11 6 6 0 6 10 8 0 11 11 0 7 4 0 11 4 0 11 7 11 0 11 11 7
split_gain=414.307 44.5783 5.37946 4.69183 3.33739 3.27256 3.00316 1.89861 6.73837 3.98407 3.20532 1.63898 1.16236 0.845058 0.742626 0.740072 3.61041 0.758375 0.676397 0.966592 1.36932 0.837186 0.600624 0.560265 2.33482 0.808189 0.549864 0.453132 0.321816 0.265155
threshold=1.0000000180025095e-35 15.500000000000002 0.32018549740314489 1.0000000180025095e-35 0.1730034947395325 1.0000000180025095e-35 5.5000000000000009 50.500000000000007 52.500000000000007 0.33245600759983068 51.500000000000007 1.0000000180025095e-35 1.0000000180025095e-35 0.79545250535011303 11.500000000000002 9.5000000000000018 0.55338898301124584 14.500000000000002 0.97182148694992077 0.4375815093517304 2.5000000000000004 0.99329650402069103 0.85780149698257457 6.5000000000000009 35.500000000000007 4.5000000000000009 0.5433734953403474 26.500000000000004 36.500000000000007 26.500000000000004
decision_type=2 2 2 2 2 2 2 2 2 2 2 2 2 2 2 2 2 2 2 2 2 2 2 2 2 2 2 2 2 2
left_child=1 3 28 5 -2 7 22 15 9 -9 14 26 -4 18 -11 -1 -17 -18 -12 -20 -21 -22 -5 24 29 -26 -8 -14 -3 -6
right_child=4 2 12 6 23 -7 11 8 -10 10 13 -13 27 -15 -16 16 17 -19 19 20 21 -23 -24 -25 25 -27 -28 -29 -30 -31
leaf_value=-0.045319944989205982 -0.037033002563842753 -0.046759644410609091 0.047738200500525824 -0.044420977701412248 0.051158443494526411 0.052011317735817686 0 -0.042184543320988865 -0.044184633781395574 -0.039558289176431553 0.12170100417077881 -0.033970919389844999 -0.032473185589860419 0 0.04108068721246462 -0.045118212592938009 -0.037091156846297532 0.029034286254483951 0.092211271942254924 -0.032069551796012445 0 0.076428709834644934 0.01408452957009316 0.049013416383508 0.035313967770328268 -0.01102030253010366 0.055035835207307406 0.0382884179816812 0.0068213419545168881 0.030597916702599544
leaf_weight=248.78585884813219 1.0191714167594899 1.7905005980283046 16.674847014248375 2.8062820304185148 12.826266653835779 0.77902340143918891 0.60144405812025148 2.6675513824447972 25.371788629330695 1.470633167773485 0.49669735506176982 0.67880330234765995 0.61726598348468442 0.6458672247827052 0.20599838159978379 10.02644839696586 0.37529337219893877 2.4188261479139328 0.88088347204029593 0.58294429630041156 0.58736888319253899 0.95645488798618317 0.32498509436845768 235.60052691400051 1.2696131020784367 2.7554212659597397 2.4634539484977722 0.19389389455318451 0.11865310370922078 4.108024649322032
leaf_count=7658 7 119 225 50 145 6 4 100 888 49 5 14 45 11 2 765 15 37 17 13 8 10 3 3522 9 17 24 1 1 42
internal_value=0.000541766 -0.0372066 0.0360015 -0.0419175 0.047823 -0.0428651 -0.000338631 -0.0431497 -0.0312954 0.0066876 0.0302393 0.028814 0.0448517 0.053829 -0.0250817 -0.0446526 -0.0310655 0.0174503 0.0632686 0.0484042 0.0246882 0.0498086 -0.0365535 0.0481939 0.038555 0.00288455 0.0449332 -0.00772551 -0.0407672 0.0466732
internal_weight=580.101 322.522 19.3952 303.127 257.579 296.252 6.87497 295.473 33.8662 8.4944 5.82685 3.7437 17.486 4.15022 1.67663 261.606 12.8206 2.79412 3.50435 3.00765 2.12677 1.54382 3.13127 256.56 20.9593 4.02503 3.0649 0.81116 1.90915 16.9343
internal_count=13812 10070 391 9679 3742 9584 95 9578 1103 215 115 42 271 64 51 8475 817 52 53 48 31 18 53 3735 213 26 28 46 120 187
is_linear=0
shrinkage=0.05


Tree=257
num_leaves=1
num_cat=0
split_feature=
split_gain=
threshold=
decision_type=
left_child=
right_child=
leaf_value=0
leaf_weight=
leaf_count=17101
internal_value=
internal_weight=
internal_count=
is_linear=0
shrinkage=1


Tree=258
num_leaves=1
num_cat=0
split_feature=
split_gain=
threshold=
decision_type=
left_child=
right_child=
leaf_value=0
leaf_weight=
leaf_count=17101
internal_value=
internal_weight=
internal_count=
is_linear=0
shrinkage=1


Tree=259
num_leaves=1
num_cat=0
split_feature=
split_gain=
threshold=
decision_type=
left_child=
right_child=
leaf_value=0
leaf_weight=
leaf_count=17101
internal_value=
internal_weight=
internal_count=
is_linear=0
shrinkage=1


Tree=260
num_leaves=1
num_cat=0
split_feature=
split_gain=
threshold=
decision_type=
left_child=
right_child=
leaf_value=0
leaf_weight=
leaf_count=17101
internal_value=
internal_weight=
internal_count=
is_linear=0
shrinkage=1


Tree=261
num_leaves=2
num_cat=0
split_feature=0
split_gain=448.819
threshold=0.042222999967634685
decision_type=2
left_child=-1
right_child=-2
leaf_value=0.048567230308989108 -0.045450427321302833
leaf_weight=241.91354867815971 266.85819990839809
leaf_count=513 13299
internal_value=-0.000735817
internal_weight=508.772
internal_count=13812
is_linear=0
shrinkage=0.05


Tree=262
num_leaves=6
num_cat=0
split_feature=12 14 12 6 3
split_gain=341.34 89.0908 2.9299 4.88366 1.51611
threshold=9.5000000000000018 1.0000000180025095e-35 11.500000000000002 18.500000000000004 0.039980500936508186
decision_type=2 2 2 2 2
left_child=1 -1 3 4 -2
right_child=2 -3 -4 -5 -6
leaf_value=-0.045132880666604099 0.051797054463524186 0.048273795538865488 -0.045438276273873847 -0.044286604773086886 -0.0044883801044968879
leaf_weight=28.537807056680322 2.0970393326133472 232.71319208666682 232.37329416163266 7.0345170618966222 2.2773400526493788
leaf_count=981 4 513 12056 251 7
internal_value=-0.00165253 0.038038 -0.0442059 -0.018493 0.0219315
internal_weight=505.033 261.251 243.782 11.4089 4.37438
internal_count=13812 1494 12318 262 11
is_linear=0
shrinkage=0.05


Tree=263
num_leaves=31
num_cat=0
split_feature=10 7 12 14 0 12 7 7 14 6 7 19 12 12 0 6 13 12 6 7 12 6 3 3 3 3 0 4 12 3
split_gain=308.952 37.0739 47.667 11.011 5.37909 3.77362 3.3264 3.31587 9.25392 6.11504 2.76086 2.241 2.21491 2.15539 2.0824 1.83645 2.7975 1.64127 2.39788 2.25866 2.09475 1.72819 1.33808 1.35961 1.27249 1.40152 2.69367 1.38565 1.35927 1.19675
threshold=1.0000000180025095e-35 14.500000000000002 44.500000000000007 1.0000000180025095e-35 0.47751800715923315 11.500000000000002 36.500000000000007 7.5000000000000009 1.0000000180025095e-35 22.500000000000004 8.5000000000000018 1.0000000180025095e-35 23.500000000000004 13.500000000000002 0.69343048334121715 43.500000000000007 1.0000000180025095e-35 20.500000000000004 51.500000000000007 23.500000000000004 43.500000000000007 26.500000000000004 0.040693499147892005 0.039204500615596778 0.040072500705719001 0.040311500430107124 0.55338898301124584 1.0311039686203005 16.500000000000004 0.039479499682784087
decision_type=2 2 2 2 2 2 2 2 2 2 2 2 2 2 2 2 2 2 2 2 2 2 2 2 2 2 2 2 2 2
left_child=1 7 3 4 15 -6 -5 -1 9 -9 -11 14 13 22 17 -3 -17 21 19 20 -19 -7 23 -12 -23 26 -26 -27 -29 -16
right_child=-2 2 -4 6 5 11 -8 8 -10 10 12 -13 -14 -15 29 16 -18 18 -20 -21 -22 24 -24 -25 25 27 -28 28 -30 -31
leaf_value=-0.045081408080620201 0.048726383794293442 0.0094060235626293384 -0.043576126120094448 -0.041289288436276869 0.043079863841692739 -0.044696992180110445 0.024845615100000558 -0.037446186250920548 -0.045160979894495606 0.087604799798059088 -0.047984588543648586 -0.045590808744288391 -0.040818037868485535 0.056441895687322746 0.012658528465900851 -0.044393754049797833 0.046793848301204553 -0.040598444899626461 -0.068647204778534948 0.031337975108720169 0.074548268542404122 0.037428575350188807 -0.052942383981644629 0.031717529270072264 -0.10682513909267094 0.035978370983646202 0.0080654713129077963 -0.049300053471924565 0.027135694881661444 0.043153433789898193
leaf_weight=155.8017392065376 212.46164166554809 5.8047636039555055 59.076637221500278 10.27422452252358 23.005403555929661 0.86584983207286015 2.1572258500382295 6.0975982053205362 31.487276763655245 1.4581671655178059 0.53175069019198318 1.2200163695961226 1.3916341327130792 3.0409597083926201 5.404519377276304 5.0142579302191734 0.87088899686932553 2.9090613964945065 1.2567086555063722 3.5584775283932686 0.33568553254008282 7.9713179469108608 0.80164719745516766 2.6459029484540224 0.59452283382415627 4.6209159195423126 1.6386126391589639 1.0839768424630167 0.97513393312692631 11.150581358000634
leaf_count=3566 2010 43 3494 754 178 13 23 285 2824 12 8 31 54 32 53 63 5 67 13 32 4 47 10 18 6 29 12 9 6 111
internal_value=0.00109094 -0.0275674 -0.0086424 0.0140762 0.0210582 0.0265647 -0.0293072 -0.0414784 -0.0294743 0.00123641 0.0257714 0.0176545 0.0135622 0.0254661 0.0196966 -0.00984478 -0.029508 0.0104686 -0.00774131 0.00361652 -0.0253184 0.0190144 0 0.0157976 0.0228199 0.00892977 -0.0236462 0.0207455 -0.0112063 0.0336342
internal_weight=565.507 353.045 149.789 90.7121 78.2807 66.5908 12.4315 203.257 47.4549 15.9677 9.87006 43.5854 8.41189 7.02026 42.3654 11.6899 5.88515 25.8103 8.05993 6.80322 3.24475 17.7503 3.9793 3.17765 16.8845 8.91316 2.23314 6.68003 2.05911 16.5551
internal_count=13812 11802 4993 1499 722 611 777 6809 3243 419 134 433 122 68 402 111 68 238 116 103 71 122 36 26 109 62 18 44 15 164
is_linear=0
shrinkage=0.05


Tree=264
num_leaves=31
num_cat=0
split_feature=8 5 0 15 11 13 0 0 15 12 6 6 6 0 12 12 6 4 7 4 11 0 12 12 4 6 6 0 6 0
split_gain=309.328 24.5769 31.5787 11.3907 11.0413 4.33707 3.35788 3.1875 3.07854 3.64263 4.58237 2.66423 2.79668 2.19154 1.79379 2.8554 3.13177 1.58207 1.27651 1.5703 1.25615 1.25361 1.16366 1.10083 1.62859 1.22606 1.2878 1.18081 1.61751 1.07056
threshold=1.0000000180025095e-35 1.0000000180025095e-35 0.59200549125671398 1.0000000180025095e-35 2.5000000000000004 1.0000000180025095e-35 0.6894265115261079 0.084371998906135573 1.0000000180025095e-35 9.5000000000000018 31.500000000000004 47.500000000000007 48.500000000000007 0.48621849715709692 7.5000000000000009 6.5000000000000009 30.500000000000004 1.0346699953079226 20.500000000000004 1.0097184777259829 23.500000000000004 0.68298450112342846 52.500000000000007 10.500000000000002 1.008294999599457 26.500000000000004 28.500000000000004 0.36529800295829779 33.500000000000007 0.72120651602745067
decision_type=2 2 2 2 2 2 2 2 2 2 2 2 2 2 2 2 2 2 2 2 2 2 2 2 2 2 2 2 2 2
left_child=1 -1 3 4 14 11 8 -2 9 -4 22 -6 -13 -14 15 16 -3 18 19 23 29 -12 -11 27 25 -25 -27 -16 -29 -9
right_child=7 2 6 -5 5 -7 -8 20 -10 10 21 12 13 -15 17 -17 -18 -19 -20 -21 -22 -23 -24 24 -26 26 -28 28 -30 -31
leaf_value=-0.045062547349257916 -0.036650396512532123 0.064914167720479712 -0.04013735730002517 -0.043268195572717744 0.032978241430410886 -0.043941074331824627 -0.044480317039573274 0.048648088416076596 -0.044803876919304132 0.03545230244588133 -0.031218276178318068 -0.067169590698899967 0.025298000618870643 -0.036868200172663991 -0.011598333872973182 -0.041713914757189566 -0.027540806063783226 0.033521870009105927 -0.026491359695821861 -0.0246966496822804 -0.0026364251634872805 0.053942676362582098 -0.0097759828046950076 0.03903715229695362 0.08569931374269843 -0.060146453790670601 -0.0013627158425731068 0 0.10496948680280822 -0.034574309220983236
leaf_weight=140.36745066940784 0.97659610211849113 1.4474740922450995 8.8541440945118683 11.878509489819406 38.388945063576102 2.1180229596793643 63.176761798560619 210.64530555903912 13.251721138134597 6.528826583176853 7.8697849605232459 1.1119075547903765 7.4341427758336049 1.6002230010926721 0.50959025695920601 9.3244766369462013 2.0805878639221191 2.400904703885316 6.5396617576479903 4.3756828643381587 1.0108778737485398 0.32681471481919278 1.55992473103106 1.2684708833694438 0.44819035381078709 1.0800636857748029 5.3935467079281807 0.50695825368165948 0.88262983039021492 0.25094977766275306
leaf_count=1513 7 12 289 596 675 45 3174 5500 761 79 220 9 110 41 7 324 46 39 151 46 12 10 33 19 5 4 67 6 10 2
internal_value=0.000530893 -0.0289998 -0.0177047 0.00237759 0.00871619 0.0238083 -0.0372701 0.0478104 -0.0251903 -0.0145167 -0.000122039 0.0269518 0.00356337 0.0134563 -0.0122376 -0.0272328 0.00975668 -0.00370992 -0.00834119 0 0.0482403 -0.0266108 0.0261065 0.0108336 0.00204311 -0.00319323 -0.0126966 0.0442436 0.0674825 0.048509
internal_weight=553.609 340.725 200.358 98.79 86.9115 50.6532 101.568 212.884 38.3912 25.1395 16.2854 48.5352 10.1463 9.03437 36.2582 12.8525 3.52806 23.4057 21.0048 14.4651 211.907 8.1966 8.08875 10.0894 8.19027 7.74208 6.47361 1.89918 1.38959 210.896
internal_count=13812 8291 6778 2212 1616 880 4566 5521 1392 631 342 835 160 151 736 382 58 354 315 164 5514 230 112 118 95 90 71 23 16 5502
is_linear=0
shrinkage=0.05


Tree=265
num_leaves=31
num_cat=0
split_feature=15 11 0 13 12 0 7 11 6 6 10 12 0 12 0 7 8 12 12 12 6 0 6 6 11 12 11 12 12 8
split_gain=376.733 40.8332 4.97808 4.44033 3.10574 3.03736 2.40447 2.35507 2.44232 13.6765 1.20747 1.16829 1.11364 1.10883 4.04424 1.10595 1.03783 0.971407 1.67639 0.66862 0.58447 0.697813 0.576341 0.506669 0.414936 0.31629 0.309114 0.278843 0.220078 0.203151
threshold=1.0000000180025095e-35 15.500000000000002 0.32018549740314489 1.0000000180025095e-35 42.500000000000007 0.1730034947395325 16.500000000000004 9.5000000000000018 51.500000000000007 52.500000000000007 1.0000000180025095e-35 17.500000000000004 0.64821052551269542 14.500000000000002 0.50457298755645763 34.500000000000007 1.0000000180025095e-35 23.500000000000004 25.500000000000004 30.500000000000004 41.500000000000007 0.4322935044765473 31.500000000000004 22.500000000000004 26.500000000000004 8.5000000000000018 36.500000000000007 76.500000000000014 63.500000000000007 1.0000000180025095e-35
decision_type=2 2 2 2 2 2 2 2 2 2 2 2 2 2 2 2 2 2 2 2 2 2 2 2 2 2 2 2 2 2
left_child=1 3 26 6 22 -2 -1 8 23 13 -6 15 20 14 25 -7 -4 -15 -19 -20 -9 -22 -5 -8 -18 -10 -3 -14 -23 -13
right_child=5 2 16 4 10 11 7 12 9 -11 -12 29 27 17 -16 -17 24 18 19 -21 21 28 -24 -25 -26 -27 -28 -29 -30 -31
leaf_value=-0.04521659292046263 -0.036346924788854477 -0.04666571125516681 0.047101721162227939 0 0.051555307300715864 0.038327332463781977 0 -0.042171120778002641 0.022408738654532419 -0.044958538475105045 -0.028209751916995152 0.048151470667626477 0.051965260647712508 0.12587256898201124 -0.038062109379546585 -0.023967608072293575 -0.031555761862773431 -0.028234295756087907 0.11862603741360044 0.012706067081895832 -0.033328378906194826 0.052883218104791629 -0.043311188743633863 -0.043599808642077999 0.036918216149131738 0.11019963119570407 0.0059045427838172321 0 0 0.010051845045335793
leaf_weight=212.12995828595012 0.94478091597556968 1.6797158075496579 15.601386409252882 1.0582253113389009 2.4387742355465893 1.5707211047410958 0.45946365594863792 1.0758691327646372 0.3700461871922045 13.448076974600552 0.42869794368743885 234.75960283353925 0.9649560898542402 0.84633926860988173 1.0917779877781866 1.06115947663784 0.57520575821399766 0.40545554459094979 0.46061113476753235 0.4025659654289484 0.56024714373052098 0.46205515507608652 2.5948937553912401 39.43233857024461 0.19319155812263489 0.76598576456308365 0.11554635316133488 0.45004992932081223 0.37720712460577488 0.74277669191360374
leaf_count=7389 7 119 225 6 26 12 9 44 5 521 8 3709 8 10 25 8 45 6 3 8 36 8 55 1492 1 9 1 5 6 6
internal_value=0.000545384 -0.0369105 0.0354393 -0.0416292 -7.50704e-05 0.0473099 -0.0426006 -0.0334481 -0.0359914 -0.0198852 0.0373964 0.0476779 0.00296635 0.0558971 0.0260343 0.0114222 0.0442677 0.0825002 0.0428293 0.0808665 -0.0157705 0.00264932 -0.0310328 -0.0429817 -0.00631338 0.0897747 -0.040511 0.0379219 0.0329808 0.0480568
internal_weight=537.468 298.389 18.165 280.224 6.52059 239.079 273.703 61.573 57.6827 17.7909 2.86747 238.134 3.89038 4.34278 2.22781 2.63188 16.3698 2.11497 1.26863 0.863177 2.47538 1.39951 3.65312 39.8918 0.768397 1.13603 1.79526 1.41501 0.839262 235.502
internal_count=13812 10070 391 9679 95 3742 9584 2195 2088 587 34 3735 107 66 39 20 271 27 17 11 94 50 61 1501 46 14 120 13 14 3715
is_linear=0
shrinkage=0.05


Tree=266
num_leaves=1
num_cat=0
split_feature=
split_gain=
threshold=
decision_type=
left_child=
right_child=
leaf_value=0
leaf_weight=
leaf_count=17101
internal_value=
internal_weight=
internal_count=
is_linear=0
shrinkage=1


Tree=267
num_leaves=1
num_cat=0
split_feature=
split_gain=
threshold=
decision_type=
left_child=
right_child=
leaf_value=0
leaf_weight=
leaf_count=17101
internal_value=
internal_weight=
internal_count=
is_linear=0
shrinkage=1


Tree=268
num_leaves=1
num_cat=0
split_feature=
split_gain=
threshold=
decision_type=
left_child=
right_child=
leaf_value=0
leaf_weight=
leaf_count=17101
internal_value=
internal_weight=
internal_count=
is_linear=0
shrinkage=1


Tree=269
num_leaves=1
num_cat=0
split_feature=
split_gain=
threshold=
decision_type=
left_child=
right_child=
leaf_value=0
leaf_weight=
leaf_count=17101
internal_value=
internal_weight=
internal_count=
is_linear=0
shrinkage=1


Tree=270
num_leaves=2
num_cat=0
split_feature=0
split_gain=408.926
threshold=0.042222999967634685
decision_type=2
left_child=-1
right_child=-2
leaf_value=0.048191002195831528 -0.045364569761608915
leaf_weight=223.62541726231575 244.28586305771023
leaf_count=513 13138
internal_value=-0.000640812
internal_weight=467.911
internal_count=13651
is_linear=0
shrinkage=0.05


Tree=271
num_leaves=3
num_cat=0
split_feature=7 0
split_gain=244.436 164.26
threshold=1.5000000000000002 0.042222999967634685
decision_type=2 2
left_child=1 -1
right_child=-2 -3
leaf_value=-0.045200201426764473 -0.045388133585898528 0.048202862376779537
leaf_weight=59.587608367204666 186.32276977412403 222.05568949878216
leaf_count=513 12633 505
internal_value=-0.00096297 0.0284147
internal_weight=467.966 281.643
internal_count=13651 1018
is_linear=0
shrinkage=0.05


Tree=272
num_leaves=31
num_cat=0
split_feature=10 7 11 14 15 5 7 13 4 12 7 14 12 12 7 7 11 12 7 4 12 12 11 7 4 12 12 12 12 4
split_gain=273.595 42.2139 47.5492 11.2503 4.35203 2.92647 2.92612 2.83088 2.57796 2.04282 1.86627 5.69128 3.68759 1.67005 1.46436 1.32309 2.10595 1.77993 1.9126 1.22713 2.39242 1.64785 3.62225 1.18055 1.152 0.979186 2.27281 2.0554 0.962744 0.885495
threshold=1.0000000180025095e-35 14.500000000000002 8.5000000000000018 1.0000000180025095e-35 1.0000000180025095e-35 1.5000000000000002 26.500000000000004 1.0000000180025095e-35 0.94581550359725963 11.500000000000002 7.5000000000000009 1.0000000180025095e-35 23.500000000000004 23.500000000000004 18.500000000000004 27.500000000000004 6.5000000000000009 13.500000000000002 17.500000000000004 1.0408474802970888 44.500000000000007 43.500000000000007 4.5000000000000009 8.5000000000000018 1.024592459201813 15.500000000000002 34.500000000000007 40.500000000000007 19.500000000000004 1.0215885043144228
decision_type=2 2 2 2 2 2 2 2 2 2 2 2 2 2 2 2 2 2 2 2 2 2 2 2 2 2 2 2 2 2
left_child=1 10 3 4 5 8 -6 -5 -3 -7 -1 12 24 -9 -10 17 -17 18 -11 20 21 22 -19 -14 29 -8 -27 -28 -26 -12
right_child=-2 2 -4 7 6 9 25 13 14 15 11 -13 23 -15 -16 16 -18 19 -20 -21 -22 -23 -24 -25 28 26 27 -29 -30 -31
leaf_value=-0.044956730312176903 0.048482787375278155 0.14570129186979414 -0.045213920909881147 -0.044844084897260175 -0.044992745742637785 0.042264300995294733 0.048960707822515714 0.054708950756041035 0.013409720152389235 -0.081225895352368377 0.017705868687612942 -0.045051511622964446 0.019418129106404058 -0.014884954086958016 -0.026971136014541999 0.038943918383902987 -0.035601368204770507 0.023293016837448631 0.0018470278332439511 0.059548531204074454 -0.050070061743854671 0.073167086783569965 -0.060999257278882259 -0.044165447121083515 -0.048005574278891211 -0.044909081048794521 0.067616819292294281 -0.032826275787650898 0.031561223612895893 0.086687170240616174
leaf_weight=144.03479910176247 192.86665815860033 0.19068866968154807 49.896986160427332 8.5119213480502349 3.6150169130414707 22.659607715904713 1.2887797504663465 1.1454352736473077 4.4775392012670618 0.77116793021560015 6.2399789337068778 28.878484722226858 0.67043248843401571 2.568471915088594 4.177976543083787 14.910398863255974 0.86513445526361543 15.091128189116729 2.8540859222412109 1.8661594986915577 1.130601419135927 1.363486275076865 1.2684678230434645 5.2232203697785735 1.0527213104069231 1.5288776755332949 1.3768693692982199 0.62669269368052472 0.40741878189146508 0.4756329022347926
leaf_count=3544 1971 1 3292 743 135 186 6 5 39 8 75 2814 18 83 52 114 5 107 19 10 14 5 22 291 19 26 12 27 4 4
internal_value=0.0011996 -0.0264958 -0.00591449 0.0153051 0.0221648 0.0261841 -0.0112811 -0.0290266 -0.000183838 0.0299734 -0.0421079 -0.0323555 -0.00580896 0.00613973 -0.00559629 0.0228195 0.0343424 0.0150382 -0.0161882 0.0207934 0.0163997 0.0211776 0.0161226 -0.035895 0.0154466 0.013381 0 0.0337554 -0.0219995 0.0245253
internal_weight=522.035 329.168 142.185 92.2885 80.0627 71.6264 8.43624 12.2258 8.8462 62.7802 186.983 42.9479 14.0694 3.71391 8.65552 40.1206 15.7755 24.3451 3.62525 20.7198 18.8537 17.7231 16.3596 5.89365 8.17575 4.82122 3.53244 2.00356 1.46014 6.71561
internal_count=13651 11680 4911 1619 788 582 206 831 92 490 6769 3225 411 88 91 304 119 185 27 158 148 134 129 309 102 71 65 39 23 79
is_linear=0
shrinkage=0.05


Tree=273
num_leaves=31
num_cat=0
split_feature=8 9 5 0 10 15 0 15 10 6 0 13 6 6 4 6 6 6 11 11 11 3 6 3 11 11 3 6 11 3
split_gain=284.163 34.0041 14.2193 19.1071 14.5307 9.82685 3.25133 2.88483 7.70018 3.03418 2.46776 2.22045 1.79146 2.00876 1.66367 2.08376 2.2397 1.70378 1.45439 1.44007 1.41492 1.36428 1.25897 1.09825 0.933741 1.19234 0.878258 1.34976 0.957611 1.19999
threshold=1.0000000180025095e-35 1.0000000180025095e-35 1.0000000180025095e-35 0.55338898301124584 1.0000000180025095e-35 1.0000000180025095e-35 0.67963299155235302 1.0000000180025095e-35 1.0000000180025095e-35 31.500000000000004 0.081884998828172698 1.0000000180025095e-35 22.500000000000004 52.500000000000007 0.96036151051521312 47.500000000000007 43.500000000000007 42.500000000000007 23.500000000000004 6.5000000000000009 15.500000000000002 0.038778999820351608 20.500000000000004 0.038267500698566444 3.5000000000000004 9.5000000000000018 0.041969500482082374 40.500000000000007 2.5000000000000004 0.039204500615596778
decision_type=2 2 2 2 2 2 2 2 2 2 2 2 2 2 2 2 2 2 2 2 2 2 2 2 2 2 2 2 2 2
left_child=1 2 -1 4 5 11 7 8 9 19 -2 12 -4 14 -14 16 17 26 -12 -5 -15 23 -21 -11 -23 -26 27 28 29 -16
right_child=10 -3 3 6 -6 -7 -8 -9 -10 21 18 -13 13 20 15 -17 -18 -19 -20 22 -22 24 -24 -25 25 -27 -28 -29 -30 -31
leaf_value=-0.045104458956309629 -0.034545820773967853 0.048004212045250697 0.053965746013646426 0.034853003922867075 -0.04508708257347474 -0.041678770207819515 -0.044034946747256117 -0.044788153833981777 -0.044761913572260344 -0.01796846178572966 0.048136432077867004 -0.042449204252321904 -0.040062870597017394 0.060023262930718135 0.041471165370949171 -0.014325620318261243 0.058701757543057592 -0.027325658993663217 -0.011613070227329908 0.051369298946442168 -0.02843629694147215 -0.04387838656203788 -0.023146061976324586 0.096923104089253934 0.022513467488605058 -0.041599453988206664 -0.02519212383437669 0.070710639594698296 0.029144320522723741 -0.00086252309632932247
leaf_weight=130.45288950763643 0.77600850164890189 13.531735461205242 4.045621193945407 7.2069806791842002 14.970314303413032 7.4591813664883366 60.215086182579398 13.859351665712891 13.574974440038206 0.23650723323225875 194.93185000494123 1.2391810249537218 1.2236041091382492 3.9025561846792689 1.9204112365842032 4.5250929892063132 3.5228005293756715 1.9379738830029953 0.85322091728448768 0.62023145705461535 0.36936809681355942 3.5499774925410748 2.3642729613929987 0.33200081437826157 1.5956534445285799 1.140328127890825 0.86539857462048431 1.3018980249762524 10.110495971515773 8.5504576787352544
leaf_count=1530 6 361 75 75 484 398 3240 849 499 6 5493 20 11 51 18 41 45 15 10 11 8 72 32 7 18 45 7 17 131 76
internal_value=0.000316628 -0.0291363 -0.0326346 -0.0230513 -0.0018829 0.0107711 -0.0363225 -0.0256942 -0.0167717 0.00535853 0.0474766 0.0199514 0.0219944 0.0183486 0.013988 0.0162765 0.0213953 0.0156546 0.0478447 0.0227984 0.0507555 -0.0198078 -0.00487613 0.0461092 -0.027181 -0.00296967 0.0196385 0.0217454 0.0180793 0.00674756
internal_weight=511.185 314.624 301.093 170.64 65.9444 50.974 104.695 44.4803 30.6209 17.046 196.561 43.5149 42.2757 38.2301 33.9581 32.7345 28.2094 24.6866 195.785 10.1915 4.27192 6.85447 2.9845 0.568508 6.28596 2.73598 22.7487 21.8833 20.5814 10.4709
internal_count=13651 8142 7781 6251 1397 913 4854 1614 765 266 5509 515 495 420 361 350 309 264 5503 118 59 148 43 13 135 63 249 242 225 94
is_linear=0
shrinkage=0.05


Tree=274
num_leaves=31
num_cat=0
split_feature=15 11 8 1 13 12 12 12 11 5 11 3 13 11 12 12 5 17 17 5 11 8 12 12 12 12 12 12 12 12
split_gain=338.533 35.1751 6.7321 3.58207 2.44216 3.09365 1.97609 0.749972 0.597336 1.36378 0.569299 0.537347 0.408643 0.370231 0.769474 0.662855 0.306854 0.292253 0.638117 0.226965 0.216218 0.208078 0.119025 0.756093 0.315677 0.118561 0.0659045 0.162672 0.113275 0.129008
threshold=1.0000000180025095e-35 13.500000000000002 1.0000000180025095e-35 0.089999999850988402 1.0000000180025095e-35 42.500000000000007 17.500000000000004 166.50000000000003 9.5000000000000018 1.5000000000000002 20.500000000000004 0.040704499930143363 1.0000000180025095e-35 6.5000000000000009 34.500000000000007 39.500000000000007 1.5000000000000002 0.46500000357627874 0.45499999821186071 1.5000000000000002 5.5000000000000009 1.0000000180025095e-35 37.500000000000007 38.500000000000007 35.500000000000007 15.500000000000002 60.500000000000007 51.500000000000007 52.500000000000007 57.500000000000007
decision_type=2 2 2 2 2 2 2 2 2 2 2 2 2 2 2 2 2 2 2 2 2 2 2 2 2 2 2 2 2 2
left_child=1 4 10 6 8 20 25 -4 17 -10 11 16 -13 14 -8 22 -3 18 -1 -19 -6 -15 24 -24 -16 -2 27 -11 -29 -30
right_child=3 2 7 -5 5 -7 13 -9 9 26 -12 12 -14 21 15 -17 -18 19 -20 -21 -22 -23 23 -25 -26 -27 -28 28 29 -31
leaf_value=-0.035137960768630676 -0.0048724167484542856 0.004289908267427262 -0.042679966753090222 -0.037622626643575137 -0.043937862280847124 0.040765405200672296 0.045409637634739458 0.035580699217917462 -0.04048849626751521 -0.016037384967678613 0.047869301216099933 -0.031033276092673947 0.027469733424653434 0.048292271155027135 0 0.043972428498964357 0.038818905055239661 -0.044747492955958146 0.037920578681120573 -0.039701411023991176 -0.0037001089897502428 0.0097479273381086175 0.030176516385508653 -0.051789465649177413 0.037205304378473407 0.013995369340350748 -0.0060878923862183404 0.047761247543674196 -0.016736478293372874 0.019130075403805645
leaf_weight=0.83093441231176257 1.4142682030796998 1.2060845047235549 3.196243553422391 1.1256886869668949 2.5566048640757795 1.9384611360728738 11.136279065161945 0.19225832819938649 6.9587019123136979 0.2199533283710482 10.405892182141541 0.61356775276362885 0.36623541638255119 197.36387529224157 1.7309269681572912 1.6640031412243841 3.9159197267144918 174.53592209285125 0.29935660399496444 63.716880267485976 0.72934059426188458 0.73386441916227241 0.41270625591278065 0.45792865008115768 0.66651992127299298 1.3366875723004339 1.7787512959912417 0.20680119376629591 0.23257851228117943 0.53452878445386887
leaf_count=32 10 12 304 9 51 21 129 1 630 18 168 8 6 3449 12 24 53 5613 8 2947 10 6 6 5 9 11 61 3 23 12
internal_value=-6.61802e-05 -0.0370217 0.0267443 0.0464199 -0.0420342 -0.00689194 0.0468962 -0.0359136 -0.0427475 -0.0285246 0.0400458 0.0253409 -0.00401646 0.0474389 0.037755 0.0189187 0.0318837 -0.0433045 -0.0102149 -0.0434362 -0.0368565 0.0481797 0.00375087 -0.00867797 0.0104332 0.00271096 0 0.00857463 0.0197648 0.00181337
internal_weight=492.478 274.435 19.8962 218.043 254.539 5.22441 216.917 3.3885 249.314 9.93132 16.5077 6.10181 0.979803 214.166 16.0684 4.93208 5.122 239.383 1.13029 238.253 3.28595 198.098 3.26808 0.870635 2.39745 2.75096 2.97261 1.19386 0.973908 0.767107
internal_count=13651 9981 552 3670 9429 82 3661 305 9347 747 247 79 14 3640 185 56 65 8600 40 8560 61 3455 32 11 21 21 117 56 38 35
is_linear=0
shrinkage=0.05


Tree=275
num_leaves=1
num_cat=0
split_feature=
split_gain=
threshold=
decision_type=
left_child=
right_child=
leaf_value=0
leaf_weight=
leaf_count=17101
internal_value=
internal_weight=
internal_count=
is_linear=0
shrinkage=1


Tree=276
num_leaves=1
num_cat=0
split_feature=
split_gain=
threshold=
decision_type=
left_child=
right_child=
leaf_value=0
leaf_weight=
leaf_count=17101
internal_value=
internal_weight=
internal_count=
is_linear=0
shrinkage=1


Tree=277
num_leaves=1
num_cat=0
split_feature=
split_gain=
threshold=
decision_type=
left_child=
right_child=
leaf_value=0
leaf_weight=
leaf_count=17101
internal_value=
internal_weight=
internal_count=
is_linear=0
shrinkage=1


Tree=278
num_leaves=1
num_cat=0
split_feature=
split_gain=
threshold=
decision_type=
left_child=
right_child=
leaf_value=0
leaf_weight=
leaf_count=17101
internal_value=
internal_weight=
internal_count=
is_linear=0
shrinkage=1


Tree=279
num_leaves=2
num_cat=0
split_feature=0
split_gain=373.883
threshold=0.042222999967634685
decision_type=2
left_child=-1
right_child=-2
leaf_value=0.047851010447085202 -0.045286549470480629
leaf_weight=206.62847149372101 224.95541832782328
leaf_count=513 13138
internal_value=-0.000682947
internal_weight=431.584
internal_count=13651
is_linear=0
shrinkage=0.05


Tree=280
num_leaves=8
num_cat=0
split_feature=12 14 12 6 0 0 0
split_gain=288.794 72.1025 2.82541 4.29821 0.156476 0.536121 0.44707
threshold=9.5000000000000018 1.0000000180025095e-35 11.500000000000002 18.500000000000004 0.12768299877643588 0.13723200559616092 0.14423999935388568
decision_type=2 2 2 2 2 2 2
left_child=1 -1 3 -2 -3 -6 -7
right_child=2 4 -4 -5 5 6 -8
leaf_value=-0.044891998424535284 0.024155612533707783 0.047758612971252425 -0.045275766633271236 -0.043800851413365746 0.041836285514226489 0.030990685658786099 -0.030660018391537411
leaf_weight=23.436214209534228 3.7485574409365636 199.49035985022783 195.8116796463728 5.5999992126598954 2.621195755898952 0.46341475844383229 0.51333509106189013
leaf_count=957 11 493 11920 237 7 1 25
internal_value=-0.00100439 0.0378956 -0.0439771 -0.0160554 0.0474912 0.0304224 0
internal_weight=431.685 226.525 205.16 9.34856 203.088 3.59795 0.97675
internal_count=13651 1483 12168 248 526 33 26
is_linear=0
shrinkage=0.05


Tree=281
num_leaves=31
num_cat=0
split_feature=10 0 11 11 6 0 0 12 11 6 16 14 12 6 6 12 12 12 12 6 0 0 6 3 0 3 0 0 14 12
split_gain=248.432 34.1421 50.4721 7.80511 6.78489 3.93215 3.13693 3.90752 1.99055 1.94747 2.25898 2.12077 1.70405 2.02024 1.91675 2.85761 1.18921 2.11511 2.17537 1.87143 2.11404 1.75373 1.16448 1.10793 1.09859 1.03475 0.939482 0.918822 2.92863 1.5953
threshold=1.0000000180025095e-35 0.38483300805091863 3.5000000000000004 8.5000000000000018 33.500000000000007 0.65787699818611156 0.67963299155235302 51.500000000000007 6.5000000000000009 22.500000000000004 1.0000000180025095e-35 1.0000000180025095e-35 38.500000000000007 24.500000000000004 25.500000000000004 39.500000000000007 8.5000000000000018 13.500000000000002 14.500000000000002 49.500000000000007 0.43528850376605993 0.44015999138355261 35.500000000000007 0.038417499512434013 0.46841099858284002 0.038311500102281577 0.83564898371696483 0.29483050107955938 1.0000000180025095e-35 11.500000000000002
decision_type=2 2 2 2 2 2 2 2 2 2 2 2 2 2 2 2 2 2 2 2 2 2 2 2 2 2 2 2 2 2
left_child=1 27 5 4 12 9 7 -6 26 -3 11 -11 -4 -14 -15 -16 -12 19 -19 20 -18 -20 -22 25 -24 -7 -8 -1 29 -29
right_child=-2 2 3 -5 6 23 8 -9 -10 10 16 -13 13 14 15 -17 17 18 21 -21 22 -23 24 -25 -26 -27 -28 28 -30 -31
leaf_value=-0.044453826271850176 0.048120639564848348 -0.047086275185018359 -0.043910098674616024 -0.045152678386221015 -0.026413831038957721 0.035103718440113639 0.041360038948848626 0.067493952335835342 -0.044815830380817538 0.050063502418399478 0.037098328216856699 -0.033559484693510111 -0.042852793704486608 0.062774003890597091 0.11145853861383229 -0.041877115667243565 0.036959121778202479 0.068124301783222971 -0.054676493098551396 -0.079294177250996703 -0.036460444549666661 0.016011706528881519 -0.03619733564795255 0.04538619864344208 0.020932023016633508 -0.05301953631598956 -0.00050776868764043236 -0.054081799763960547 -0.044512616420324384 0.012871650824101952
leaf_weight=134.21606691274792 178.46731521934271 1.0549070257693518 15.245887546800079 53.819943573325872 8.2798626590520161 0.62394785881042725 7.1245130449533427 1.1584201073274005 0.7414836101233967 7.2556452304124823 3.9531067088246372 0.70231488440185774 2.5715821431949726 1.2122179511934521 0.26023369468748558 1.6418279288336632 2.3364932425320148 1.8970746994018579 0.81248276866972347 0.79353706538677293 3.610316701233387 13.976389676332472 1.1088797450065615 20.557917227037251 2.5869811698794365 0.50362478941679001 1.3554778434336183 1.006900321692229 11.906400425359607 4.431229772977531
leaf_count=3666 1971 60 1352 3894 305 6 55 16 25 49 28 72 197 14 10 109 12 11 15 6 32 106 8 194 17 5 13 10 1317 76
internal_value=0.0012214 -0.0260555 -0.00951911 -0.0327171 -0.0156153 0.0254753 0.006074 -0.013777 0.0268579 0.0159315 0.0178783 0.0417381 -0.0351251 -0.0103534 0.0154254 -0.0138815 0.0114935 0.0074553 0.0185599 -0.00983235 -0.00284762 0.0114512 -0.01658 0.0427346 0.00197208 -0.00129576 0.034157 -0.0429369 -0.0307245 0
internal_weight=485.213 306.746 155.185 93.4115 39.5915 61.7736 18.6598 9.43828 9.22147 40.0881 39.0332 7.95796 20.9317 5.68586 3.11428 1.90206 31.0753 27.1222 16.6859 10.4362 9.64267 14.7889 7.30618 21.6855 3.69586 1.12757 8.47999 151.561 17.3445 5.43813
internal_count=13651 11680 6611 5990 2096 621 414 321 93 416 356 121 1682 330 133 119 235 207 132 75 69 121 57 205 25 11 68 5069 1403 86
is_linear=0
shrinkage=0.05


Tree=282
num_leaves=31
num_cat=0
split_feature=8 5 0 10 15 0 15 10 7 0 11 11 16 11 11 11 0 7 11 7 11 0 3 3 0 3 3 0 3 7
split_gain=257.648 21.6529 27.5142 17.5389 10.9585 4.28823 3.55565 8.58371 2.50953 2.25477 1.42118 1.30934 1.98696 1.65702 1.79254 1.30279 1.28713 0.983275 0.954291 0.87939 0.84178 0.928691 0.808764 0.981922 1.79435 1.6748 0.803916 1.09222 1.86123 0.780628
threshold=1.0000000180025095e-35 1.0000000180025095e-35 0.55338898301124584 1.0000000180025095e-35 1.0000000180025095e-35 0.67963299155235302 1.0000000180025095e-35 1.0000000180025095e-35 25.500000000000004 0.081884998828172698 23.500000000000004 2.5000000000000004 1.0000000180025095e-35 7.5000000000000009 8.5000000000000018 19.500000000000004 0.5694749951362611 40.500000000000007 9.5000000000000018 12.500000000000002 3.5000000000000004 0.45352399349212652 0.041481500491499908 0.040220499038696296 0.51415500044822704 0.040033500641584403 0.038267500698566444 0.199524000287056 0.041758999228477485 19.500000000000004
decision_type=2 2 2 2 2 2 2 2 2 2 2 2 2 2 2 2 2 2 2 2 2 2 2 2 2 2 2 2 2 2
left_child=1 -1 3 4 11 6 7 8 16 -2 17 12 -3 20 26 29 -4 -11 -18 -20 21 -13 23 25 -25 -14 -15 -28 -29 -16
right_child=9 2 5 -5 -6 -7 -8 -9 -10 10 -12 13 22 14 15 -17 18 -19 19 -21 -22 -23 -24 24 -26 -27 27 28 -30 -31
leaf_value=-0.045008437455742317 -0.033744446553637002 -0.025985369733485766 -0.010408138300816317 -0.044929821170660987 -0.04126200490225599 -0.043838250754151348 -0.044649126497935905 -0.044617427673441359 -0.025038810665638934 0.047940781490682781 -0.011650419579823721 0.040754752165923863 0.018900420845893721 -0.089447581467872739 0.047719242487167829 -0.033125648063313834 0.032791078303276086 -0.028508131184359711 0.065569138166065008 -0.022110284812467476 0.042943600008873928 0.0080846655215424893 0.063853321148922587 0.010361403156931246 -0.076095050689244367 0.10055940020730479 -0.054630454487467117 0.046198933542038502 -0.052740144424800309 0
leaf_weight=119.87434754520655 0.72056055068969627 2.57430423796177 2.6839362457394627 13.781268576160072 6.9046811060979953 55.581503885798156 12.764715736731885 12.481474446132781 3.9926274605095378 179.96523847058415 0.84024162963032623 4.1672251708805579 7.5334130302071554 0.28246080875396584 3.6301435679197311 0.61798135004937638 9.6042361333966237 0.27870623022317786 0.23675448261201282 1.5194158609956501 18.553227163851261 5.5622375532984734 0.98483254760503847 4.6253255084156981 0.587089143693447 0.64462998136878003 0.79251844808459315 1.2800420634448526 0.60034409165382374 1.0971492417156694
leaf_count=1530 6 28 37 484 398 3240 849 499 102 5490 10 64 69 1 59 21 122 3 4 38 429 56 14 40 4 8 5 25 2 14
internal_value=0.000349323 -0.0286535 -0.0172781 0.00567021 0.017346 -0.0345446 -0.0224215 -0.0128457 0.00898922 0.0471017 0.0474695 0.0250614 0.0129392 0.0304908 0.00985422 0.0273504 0.0191251 0.0477791 0.0265686 -0.00470056 0.0363152 0.0228585 0.0203866 0.0163694 0 0.0270782 -0.0200135 -0.00791173 0.0110182 0.0368144
internal_weight=474.763 292.958 173.084 74.2189 60.4376 98.8647 43.2832 30.5184 18.037 181.805 181.084 53.5329 16.9496 36.5833 8.30064 5.34527 14.0443 180.244 11.3604 1.75617 28.2827 9.72946 14.3753 13.3905 5.21241 8.17804 2.95537 2.6729 1.88039 4.72729
internal_count=13651 8142 6612 1721 1237 4891 1651 802 303 5509 5503 839 163 676 127 94 201 5493 164 42 549 120 135 121 44 77 33 32 27 73
is_linear=0
shrinkage=0.05


Tree=283
num_leaves=31
num_cat=0
split_feature=15 11 8 3 7 10 11 7 12 17 7 12 12 13 19 3 13 12 11 7 11 19 7 11 7 12 12 12 12 12
split_gain=307.783 32.1917 6.02893 3.26036 3.01156 4.21794 2.31661 2.12207 1.91289 1.16861 1.15328 0.936047 0.713452 0.683214 0.655941 0.643714 0.683215 0.62303 0.591502 0.717569 0.567685 0.544367 0.455478 0.438863 2.49698 0.503152 1.48055 0.410051 0.375175 0.306524
threshold=1.0000000180025095e-35 13.500000000000002 1.0000000180025095e-35 0.051914999261498458 16.500000000000004 1.0000000180025095e-35 6.5000000000000009 36.500000000000007 17.500000000000004 0.46500000357627874 18.500000000000004 45.500000000000007 166.50000000000003 1.0000000180025095e-35 1.0000000180025095e-35 0.03913450054824353 1.0000000180025095e-35 42.500000000000007 20.500000000000004 13.500000000000002 11.500000000000002 1.0000000180025095e-35 19.500000000000004 6.5000000000000009 42.500000000000007 38.500000000000007 39.500000000000007 31.500000000000004 15.500000000000002 88.500000000000014
decision_type=2 2 2 2 2 2 2 2 2 2 2 2 2 2 2 2 2 2 2 2 2 2 2 2 2 2 2 2 2 2
left_child=1 4 18 8 13 6 9 11 10 -6 -2 -8 -4 -1 -11 -13 20 -15 19 29 21 -17 -22 24 25 -10 -27 -26 -12 -3
right_child=3 2 12 -5 5 -7 7 -9 23 14 28 15 -14 17 -16 16 -18 -19 -20 -21 22 -23 -24 -25 27 26 -28 -29 -30 -31
leaf_value=-0.045214415552186631 0.055371432922746114 0.012878815981405098 -0.042372870255618984 -0.036984697531069546 0.071373743339855217 -0.045066876308398618 -0.034896832256332437 0.06978950076580992 0.050045376016171518 -0.028464419493722994 -0.035957430651163212 0.038566769178708694 0.034128818474638743 -0.033778425691034918 0.041975888646471345 -0.03773069560762865 0.041433141367188057 0.037052740401009171 0.047436782423770307 0.032651001672462397 -0.023332227789439434 0.024908227317779256 0.039001391524149609 0.047823424243819114 0.0067397645474989859 -0.049592313894772304 0.042775795705534803 -0.031513255419828239 0.0022984930468828517 -0.032715733603841245
leaf_weight=178.08083528932184 0.68693444877862875 0.51481851004064327 2.9528856733813877 1.0420518517494191 0.1839124495163621 27.951120564714074 1.7527957409620274 1.0188995599746702 10.818915072828529 20.252236229367558 0.99710817635059334 1.1011260524392126 0.19095739722251881 0.62690553069114574 0.19460172951221366 1.9408326111733925 0.57839460670948017 0.43039959296584129 9.6610279008746129 4.7503198385238647 0.29045422840863455 0.24517375975847233 0.65951461251825094 183.15469903126359 1.4974961131811135 0.46799098700284858 1.4679565466940401 0.99601808935403813 0.99841310083866119 0.59526276588439941
leaf_count=7215 5 7 304 9 5 1086 107 11 143 836 8 27 1 8 1 94 6 4 168 65 16 2 11 3455 9 5 23 5 8 7
internal_value=-5.51133e-05 -0.0367021 0.0262262 0.0459623 -0.041724 -0.0312053 -0.0171875 0.00584998 0.0464352 -0.0258883 0.00238968 -0.0042166 -0.0352759 -0.044975 -0.0273496 0.00641627 -0.00256514 0 0.0391495 0.0240823 -0.0132549 -0.0277359 0.0147737 0.047004 0.0365883 0.0455348 0.016652 -0.00723819 -0.0152346 -0.00812168
internal_weight=456.1 253.972 18.6653 202.128 235.307 56.1691 28.2179 7.58719 201.086 20.6308 2.68246 6.56829 3.14384 179.138 20.4468 4.8155 3.71437 1.05731 15.5214 5.8604 3.13598 2.18601 0.949969 198.403 15.2484 12.7549 1.93595 2.49351 1.99552 1.11008
internal_count=13651 9981 552 3670 9429 2202 1116 274 3661 842 21 263 305 7227 837 156 129 12 247 79 123 96 27 3640 185 171 28 14 16 14
is_linear=0
shrinkage=0.05


Tree=284
num_leaves=1
num_cat=0
split_feature=
split_gain=
threshold=
decision_type=
left_child=
right_child=
leaf_value=0
leaf_weight=
leaf_count=17101
internal_value=
internal_weight=
internal_count=
is_linear=0
shrinkage=1


Tree=285
num_leaves=1
num_cat=0
split_feature=
split_gain=
threshold=
decision_type=
left_child=
right_child=
leaf_value=0
leaf_weight=
leaf_count=17101
internal_value=
internal_weight=
internal_count=
is_linear=0
shrinkage=1


Tree=286
num_leaves=1
num_cat=0
split_feature=
split_gain=
threshold=
decision_type=
left_child=
right_child=
leaf_value=0
leaf_weight=
leaf_count=17101
internal_value=
internal_weight=
internal_count=
is_linear=0
shrinkage=1


Tree=287
num_leaves=1
num_cat=0
split_feature=
split_gain=
threshold=
decision_type=
left_child=
right_child=
leaf_value=0
leaf_weight=
leaf_count=17101
internal_value=
internal_weight=
internal_count=
is_linear=0
shrinkage=1


Tree=288
num_leaves=2
num_cat=0
split_feature=0
split_gain=341.992
threshold=0.042222999967634685
decision_type=2
left_child=-1
right_child=-2
leaf_value=0.047543560384744013 -0.045214855286849764
leaf_weight=190.80383783578873 207.13681749254465
leaf_count=513 13138
internal_value=-0.000725892
internal_weight=397.941
internal_count=13651
is_linear=0
shrinkage=0.05


Tree=289
num_leaves=8
num_cat=0
split_feature=12 14 12 7 0 0 0
split_gain=263.992 65.8125 2.7061 3.40042 0.14177 0.48445 0.393973
threshold=9.5000000000000018 1.0000000180025095e-35 11.500000000000002 3.5000000000000004 0.12768299877643588 0.13723200559616092 0.14423999935388568
decision_type=2 2 2 2 2 2 2
left_child=1 -1 3 -2 -3 -6 -7
right_child=2 4 -4 -5 5 6 -8
leaf_value=-0.044790114380904821 0.017791955335628679 0.047443511958899613 -0.045203605972916963 -0.043518705843358284 0.041108144068390487 0.029815360026453758 -0.029641996802139366
leaf_weight=21.571257161907852 3.9318304881453496 184.16860550642014 180.26903374586254 4.8699608994647861 2.4386842623353 0.43477389216423024 0.47991505824029446
leaf_count=957 10 493 11920 238 7 1 25
internal_value=-0.00104975 0.0376437 -0.0438645 -0.0156769 0.0471718 0.0298593 0
internal_weight=398.164 209.093 189.071 8.80179 187.522 3.35337 0.914689
internal_count=13651 1483 12168 248 526 33 26
is_linear=0
shrinkage=0.05


Tree=290
num_leaves=31
num_cat=0
split_feature=10 14 0 11 16 0 19 11 12 11 0 3 3 12 12 11 12 0 0 3 11 12 12 0 4 3 12 3 0 12
split_gain=225.212 32.2218 35.7557 26.8966 3.5926 3.26666 3.90096 3.76144 3.70044 2.08689 1.85751 1.34353 1.30017 1.21867 1.88259 1.32731 1.13092 1.0127 1.09834 0.797381 0.778643 2.98913 0.681731 1.19677 0.949535 1.15057 1.26242 1.29273 1.13786 0.732402
threshold=1.0000000180025095e-35 1.0000000180025095e-35 0.15401049703359607 8.5000000000000018 1.0000000180025095e-35 0.67963299155235302 1.0000000180025095e-35 7.5000000000000009 24.500000000000004 6.5000000000000009 0.4153714925050736 0.038417499512434013 0.038311500102281577 13.500000000000002 14.500000000000002 2.5000000000000004 10.500000000000002 0.56029951572418224 0.56652751564979564 0.041758999228477485 4.5000000000000009 34.500000000000007 8.5000000000000018 0.42891350388526922 0.97528898715972911 0.041149500757455833 10.500000000000002 0.040377499535679824 0.59525501728057872 11.500000000000002
decision_type=2 2 2 2 2 2 2 2 2 2 2 2 2 2 2 2 2 2 2 2 2 2 2 2 2 2 2 2 2 2
left_child=1 2 -1 4 16 7 9 8 13 11 -9 12 -7 15 -15 22 -4 -10 -19 -12 -13 -22 23 -6 29 26 27 28 -26 -24
right_child=-2 -3 3 -5 5 6 -8 10 17 -11 19 20 -14 14 -16 -17 -18 18 -20 -21 21 -23 24 -25 25 -27 -28 -29 -30 -31
leaf_value=-0.045008203727909285 0.04778686119584187 -0.04375530566149996 -0.0076753013616315899 -0.04483506110350808 -0.024952080134413544 0.021543244767788395 -0.045018299471955431 0.12300423986596754 -0.049182873761924838 -0.017140127922548206 0 0.047425284964616045 -0.074799708691616076 0.063503289334353438 0.012296985110708545 -0.062569647550778928 0.047878333398913703 0.059426009512647565 -0.020046271122522472 0.066739975260981715 -0.024811807332098812 0.057139901027713463 0 0.03330400849045035 -0.083244833877796132 -0.035373146237523141 0.019968436741699767 0.016662754945342528 0 -0.072906344175732218
leaf_weight=49.602008163928986 164.8524734377861 131.50505067268386 0.80070105567574401 20.457434008829296 0.98051757365465775 1.0410442054271793 1.5136184953153122 0.85100635513663236 3.4007656630128613 1.6276064123958338 1.0319843776524065 15.884346459060909 0.39243109524250019 1.9890954531729246 18.149349085986614 0.71012659277766843 11.600052760913966 0.37870358955115113 3.3679268853738904 0.64721748232841481 1.8579681161791075 2.351157059893012 0.61031889170408138 3.5730140581727028 0.87672015838324868 1.6331959236413229 7.0681056752800941 1.1403345018625257 0.60493705421686172 0.70341145899146795
leaf_count=518 1971 8630 9 1533 9 12 54 6 109 46 28 155 4 14 184 14 103 5 59 2 33 19 5 27 9 22 50 7 4 10
internal_value=0.00123632 -0.0255528 -0.0100435 0.00641534 0.0188784 0.0144753 0.0292728 0.00667559 0.00316858 0.034517 0.064904 0.0387151 -0.00472907 0.00948483 0.0178905 0 0.0438586 -0.0294243 -0.00937744 0.0273904 0.04207 0.0200686 0.00291235 0.0194186 -0.00274858 0.00163844 0.0086848 -0.0195118 -0.0498074 -0.0415392
internal_weight=451.203 286.35 154.845 105.243 84.7857 72.3849 24.6682 47.7167 45.1865 23.1546 2.53021 21.5269 1.43348 38.0391 20.1384 17.9007 12.4008 7.1474 3.74663 1.6792 20.0935 4.20913 17.1906 4.55353 12.637 11.3233 9.6901 2.62199 1.48166 1.31373
internal_count=13651 11680 3050 2532 999 887 323 564 528 269 36 223 16 355 198 157 112 173 64 30 207 52 143 36 107 92 70 20 13 15
is_linear=0
shrinkage=0.05


Tree=291
num_leaves=31
num_cat=0
split_feature=16 5 0 14 10 15 0 14 10 15 6 6 7 6 6 6 6 3 12 3 3 12 3 3 11 12 12 3 0 0
split_gain=152.889 42.7688 52.5417 22.858 21.9365 12.1223 5.75381 4.12026 3.99704 8.66106 3.04383 2.72554 1.93239 1.64573 2.69044 2.14817 1.47804 1.65501 1.30401 1.09417 1.40353 1.1728 1.0586 1.4484 1.03179 1.02463 1.3298 0.947542 1.03494 1.94198
threshold=1.0000000180025095e-35 1.0000000180025095e-35 0.5433734953403474 1.0000000180025095e-35 1.0000000180025095e-35 1.0000000180025095e-35 0.65439599752426159 1.0000000180025095e-35 1.0000000180025095e-35 1.0000000180025095e-35 24.500000000000004 31.500000000000004 20.500000000000004 52.500000000000007 47.500000000000007 43.500000000000007 42.500000000000007 0.038417499512434013 164.50000000000003 0.038778999820351608 0.038267500698566444 25.500000000000004 0.039562501013278968 0.040665499866008765 9.5000000000000018 42.500000000000007 44.500000000000007 0.039501499384641654 0.34951500594615942 0.33854450285434728
decision_type=2 2 2 2 2 2 2 2 2 2 2 2 2 2 2 2 2 2 2 2 2 2 2 2 2 2 2 2 2 2
left_child=3 -2 4 10 5 7 8 13 9 11 -1 25 18 14 15 16 17 -3 -9 20 -13 -21 -16 -24 -23 -4 -27 -19 29 -29
right_child=1 2 6 -5 -6 -7 -8 12 -10 -11 -12 19 -14 -15 22 -17 -18 27 -20 21 -22 24 23 -25 -26 26 -28 28 -30 -31
leaf_value=0.048724657339790985 -0.044787581084405004 -0.036769973814592669 0.040221060676274817 0.047765534758941103 -0.044697267157704119 -0.037957310924039263 -0.042488944077236718 0.047806076980259474 -0.044271355066211354 -0.044411169495110113 -0.04032844613126798 -0.016336825697683872 -0.0042481599831889543 0.053442889186018111 0.019618586040954896 0.060753143464808729 -0.025533501926599696 0.043053812357754101 -0.032912318502842 -0.044071718849957531 0.11091099450328729 0.030943781613811939 -0.053254027713467003 0.01781101069362339 -0.033568263551714182 -0.045856706703471369 0.025913846120119152 0.011863452925064032 0.023973664824389302 -0.080901640337462555
leaf_weight=0.94123583287000556 110.74899228848517 1.0234029106795919 7.8203067947179097 135.34493664465845 11.180523831397293 6.0258577056229106 56.459575024433434 42.541672030463815 9.2240275144577009 9.1320269508287328 8.8382208459079248 0.31672358512878318 1.7246751599013794 3.5259567517787209 1.0951807014644135 3.2900047786533824 1.7032998949289311 5.2129886411130455 0.3671890702098598 2.4884155690670013 0.28987307474017143 1.4046244360506537 2.3969852849841122 0.82064692862331856 0.92861211579293002 0.80556181818246875 2.0597038958221674 2.2921285703778262 10.546632265672086 0.62212014198303212
leaf_count=12 1538 11 118 4440 423 364 3508 1369 403 647 243 8 35 51 11 43 12 63 8 46 6 17 17 10 39 6 45 30 126 2
internal_value=0.000381899 -0.0202141 -0.0054838 0.0424162 0.0206085 0.0294887 -0.032611 0.0348628 -0.0162107 -0.00562674 -0.0308449 0.0161831 0.04483 0.0209381 0.0166446 0.0230952 0.0168177 0.020843 0.0469242 -0.0118686 0.0444854 -0.0207341 -0.0188381 -0.0336315 0.00288918 0.0308749 0.00318358 0.0244458 0.0166064 -0.00830781
internal_weight=441.172 296.048 185.299 145.124 94.3693 83.1887 90.9295 77.1629 34.4699 25.2458 9.77946 16.1138 44.6335 32.5293 29.0034 24.6906 21.4006 19.6973 42.9089 5.42825 0.606597 4.82165 4.31281 3.21763 2.33324 10.6856 2.86527 18.6739 13.4609 2.91425
internal_count=13651 8956 7418 4695 2575 2152 4843 1788 1335 932 255 285 1412 376 325 287 244 232 1377 116 14 102 38 27 56 169 51 221 158 32
is_linear=0
shrinkage=0.05


Tree=292
num_leaves=31
num_cat=0
split_feature=15 11 8 0 19 13 12 12 6 6 0 6 12 6 0 11 0 12 11 4 12 12 12 0 11 6 6 12 12 0
split_gain=280.06 29.5134 5.39633 2.97117 2.61952 2.10915 2.55309 1.78956 1.70638 4.76087 3.06922 2.81704 1.94534 1.58999 1.43645 1.42554 1.10001 0.678508 0.644238 0.506007 0.499811 0.689264 0.477256 0.566143 0.466829 2.02531 0.71084 0.541698 1.34058 0.46628
threshold=1.0000000180025095e-35 13.500000000000002 1.0000000180025095e-35 0.20250499993562701 1.0000000180025095e-35 1.0000000180025095e-35 42.500000000000007 17.500000000000004 49.500000000000007 52.500000000000007 0.33245600759983068 51.500000000000007 35.500000000000007 41.500000000000007 0.44015999138355261 2.5000000000000004 0.52108150720596325 166.50000000000003 21.500000000000004 1.056940019130707 23.500000000000004 15.500000000000002 73.500000000000014 0.53383100032806408 6.5000000000000009 54.500000000000007 63.500000000000007 38.500000000000007 39.500000000000007 0.75920850038528453
decision_type=2 2 2 2 2 2 2 2 2 2 2 2 2 2 2 2 2 2 2 2 2 2 2 2 2 2 2 2 2 2
left_child=1 4 16 -2 5 8 -7 13 22 10 -10 12 -12 -5 -13 -16 18 -4 -3 -18 21 -17 29 -24 25 27 -27 -9 -29 -1
right_child=3 2 17 7 -6 6 -8 24 9 -11 11 14 -14 -15 15 20 19 -19 -20 -21 -22 -23 23 -25 -26 26 -28 28 -30 -31
leaf_value=-0.044968222593808949 -0.036317732644884741 -0.0069494168497902633 -0.042054809526829148 0.052872909329004326 0.048460757428535416 -0.035706711288235354 0.038674255575772996 0.049527622440304842 -0.041720237562175931 -0.044404313127392736 -0.040594863561768217 0.11362848209372781 0.061173130415423965 -0.024451503365430304 -0.03104375290855968 0.013611900912743936 0.046774339637918737 0.032748866285048063 0.040129094596258408 -0.0069309938323629822 0.013413793696629095 0.11427722551857172 -0.034957946988164408 0.027997884811818849 0.047493847990803348 -0.017092254295218261 0.039856062678698373 -0.046746898265804901 0.041744256669521106 -0.028408147940818231
leaf_weight=179.31807795865461 0.96485624462366004 1.9037004392594128 2.7277588099241252 0.95219501852989141 0.67754416540264983 2.9580037239938965 1.7204051725566385 9.9293305911123735 2.5652247462421673 16.782676813192666 1.8730019871145489 0.7431387230753902 0.49365931190550316 1.6634227931499479 0.55440837517380748 0.46076044999062993 11.489484626799818 0.18943451344966877 0.95516053214669216 0.26381497457623559 0.84150925651192665 0.49954914301633835 0.75014556851237901 0.45986801106482744 169.21649261564016 2.0974825248122211 0.61805346608161915 0.48107204213738342 1.3119338639080522 6.738710079342126
leaf_count=7937 9 22 304 8 6 61 20 140 117 833 79 12 11 13 17 8 207 1 14 4 9 4 63 9 3455 12 6 5 22 243
internal_value=-3.42555e-05 -0.0363913 0.0257267 0.0455596 -0.0414317 -0.0417579 -0.00707107 0.0460298 -0.0424958 -0.0293157 0.001758 0.0234438 -0.0157207 0.00276706 0.054469 0.0299084 0.0382668 -0.0346157 0.00791456 0.0450987 0.0519382 0.0765322 -0.044199 -0.00690392 0.0466169 0.0357387 -0.00139979 0.044704 0.0141451 -0.0444109
internal_weight=422.201 234.966 17.5294 187.235 217.437 216.759 4.67841 186.27 212.081 24.8139 8.03125 5.46603 2.36666 2.61562 3.09937 2.35623 14.6122 2.91719 2.85886 11.7533 1.80182 0.96031 187.267 1.21001 183.654 14.4379 2.71554 11.7223 1.79301 186.057
internal_count=13651 9981 552 3670 9429 9423 81 3661 9342 1090 257 140 90 21 50 38 247 305 36 211 21 12 8252 72 3640 185 18 167 27 8180
is_linear=0
shrinkage=0.05


Tree=293
num_leaves=1
num_cat=0
split_feature=
split_gain=
threshold=
decision_type=
left_child=
right_child=
leaf_value=0
leaf_weight=
leaf_count=17101
internal_value=
internal_weight=
internal_count=
is_linear=0
shrinkage=1


Tree=294
num_leaves=1
num_cat=0
split_feature=
split_gain=
threshold=
decision_type=
left_child=
right_child=
leaf_value=0
leaf_weight=
leaf_count=17101
internal_value=
internal_weight=
internal_count=
is_linear=0
shrinkage=1


Tree=295
num_leaves=1
num_cat=0
split_feature=
split_gain=
threshold=
decision_type=
left_child=
right_child=
leaf_value=0
leaf_weight=
leaf_count=17101
internal_value=
internal_weight=
internal_count=
is_linear=0
shrinkage=1


Tree=296
num_leaves=1
num_cat=0
split_feature=
split_gain=
threshold=
decision_type=
left_child=
right_child=
leaf_value=0
leaf_weight=
leaf_count=17101
internal_value=
internal_weight=
internal_count=
is_linear=0
shrinkage=1


Tree=297
num_leaves=2
num_cat=0
split_feature=1
split_gain=312.901
threshold=0.089999999850988402
decision_type=2
left_child=-1
right_child=-2
leaf_value=-0.04514844695133749 0.047263918835682178
leaf_weight=190.69116698438302 176.07918855547905
leaf_count=13138 513
internal_value=-0.00076868
internal_weight=366.77
internal_count=13651
is_linear=0
shrinkage=0.05


Tree=298
num_leaves=8
num_cat=0
split_feature=12 14 12 6 0 0 0
split_gain=241.372 60.0938 2.60711 3.64124 0.128559 0.437456 0.346197
threshold=9.5000000000000018 1.0000000180025095e-35 11.500000000000002 18.500000000000004 0.12768299877643588 0.13723200559616092 0.14423999935388568
decision_type=2 2 2 2 2 2 2
left_child=1 -1 3 -2 -3 -6 -7
right_child=2 4 -4 -5 5 6 -8
leaf_value=-0.044690023161108823 0.022357870124832938 0.047156308474341491 -0.045136726100891443 -0.043397553239579535 0.040381295002280215 0.028636066713661135 -0.028598648927926164
leaf_weight=19.850004897452891 3.4887630157172662 169.94038084149361 165.92551979189739 4.8200422869995236 2.2690178528428073 0.40808531641960133 0.44879631698131561
leaf_count=957 11 493 11920 237 7 1 25
internal_value=-0.00109108 0.0374136 -0.04375 -0.0152555 0.0468798 0.0293 0
internal_weight=367.151 192.916 174.234 8.30881 173.066 3.1259 0.856882
internal_count=13651 1483 12168 248 526 33 26
is_linear=0
shrinkage=0.05


Tree=299
num_leaves=31
num_cat=0
split_feature=10 14 0 12 15 0 11 12 6 6 0 6 6 12 3 0 0 0 11 0 12 12 11 6 6 4 3 3 3 3
split_gain=204.484 30.2538 32.9077 24.2972 4.17294 3.89842 4.2731 3.67926 2.3666 1.77025 2.40915 1.68071 1.65477 1.52625 1.13027 1.02644 0.879539 3.18552 0.878959 0.876842 0.868319 0.85715 2.16171 3.27818 0.926426 0.891508 1.30573 0.819299 0.718504 0.682548
threshold=1.0000000180025095e-35 1.0000000180025095e-35 0.15401049703359607 52.500000000000007 1.0000000180025095e-35 0.67963299155235302 7.5000000000000009 24.500000000000004 22.500000000000004 51.500000000000007 0.50148800015449535 25.500000000000004 41.500000000000007 43.500000000000007 0.039885500445961959 0.65787699818611156 0.83898451924324047 0.84157100319862377 4.5000000000000009 0.64821052551269542 31.500000000000004 16.500000000000004 2.5000000000000004 49.500000000000007 27.500000000000004 0.98505401611328136 0.039176499471068389 0.038417499512434013 0.038528500124812133 0.038311500102281577
decision_type=2 2 2 2 2 2 2 2 2 2 2 2 2 2 2 2 2 2 2 2 2 2 2 2 2 2 2 2 2 2
left_child=1 2 -1 4 5 6 7 8 -4 21 -11 13 16 -9 -8 -14 -6 -18 27 28 -20 22 24 -24 -10 26 -26 29 -13 -7
right_child=-2 -3 3 -5 12 18 14 11 9 10 -12 19 15 -15 -16 -17 17 -19 20 -21 -22 -23 23 -25 25 -27 -28 -29 -30 -31
leaf_value=-0.04492792427143244 0.047487546077175952 -0.043550137682819602 -0.048962175722958419 -0.044849394653154462 -0.045099860287562112 0.035259400349587827 0.13070094489475861 -0.030547422530390167 -0.0051220568976950848 -0.045699026920575751 0.029411799996212191 0.0085573580684719912 -0.037659497698017755 0.075232360811137225 0.042866337186062579 0.024413970516299129 0.15331845443702644 -0.03645508441254626 -0.031215666625843561 0 0.02772308783371627 0.032244037192498819 -0.059884400421954288 0.045193401483873706 0.024744207340053042 0.032323864409278508 -0.022174531690036664 0.046562644462109858 -0.056399359448841314 -0.034472291161342733
leaf_weight=45.54852541256696 152.29557876288891 121.20311758620664 1.2213389817625273 18.774824185296893 3.7598173562437278 0.65655537694693211 0.79608327895402853 0.49020084179937728 2.6059984993189635 2.3112514279782763 1.7537792250514028 0.30877211317420039 0.72081520315259728 0.61630624532699585 1.3320086663588879 2.8447249000892043 0.18249968625605084 0.89802809152752161 0.70112914592027609 0.98625686764717091 2.2078206464648247 13.236287645995615 2.0034504197537895 1.0089238882064817 4.1355129368603256 13.353170083835719 2.1001545861363411 17.590709052979946 3.4411929631605744 0.54442952573299408
leaf_count=518 1971 8630 42 1520 159 7 4 28 27 30 14 5 21 2 10 27 2 46 5 6 14 100 38 7 29 100 16 188 80 5
internal_value=0.0012506 -0.025079 -0.0097053 0.00622437 0.0180473 0.0218958 0.0142318 0.0110465 0.0161036 0.0182009 -0.0121653 -0.0255956 -0.0148329 0.0255782 0.0823592 0.009816 -0.0338333 0.0016342 0.0397768 -0.0388667 0.0112904 0.0215648 0.0156543 -0.0227633 0.0211715 0.0249317 0.00805235 0.0438387 -0.0496688 0
internal_weight=419.629 267.334 146.131 100.582 81.8072 73.4013 51.7007 49.5726 43.7299 42.5085 4.06503 5.84273 8.40589 1.10651 2.12809 3.56554 4.84035 1.08053 21.7006 4.73622 2.90895 38.4435 25.2072 3.01237 22.1948 19.5888 6.23567 18.7917 3.74997 1.20098
internal_count=13651 11680 3050 2532 1012 757 538 524 403 361 44 121 255 30 14 48 207 48 219 91 19 317 217 45 172 145 45 200 85 12
is_linear=0
shrinkage=0.05


Tree=300
num_leaves=31
num_cat=0
split_feature=8 9 7 0 10 13 0 11 10 11 0 13 11 11 7 11 11 7 7 0 11 11 7 3 3 3 0 3 0 3
split_gain=212.122 25.5637 13.1373 15.3629 11.0764 5.81414 3.17562 2.56817 2.5464 4.8441 1.86507 1.66069 1.28164 1.21505 1.13703 0.941349 1.82593 0.932276 0.864728 0.854149 0.847633 0.938155 0.813245 0.791263 0.75538 0.611709 1.29262 1.01989 0.869372 1.472
threshold=1.0000000180025095e-35 1.0000000180025095e-35 2.5000000000000004 0.55338898301124584 1.0000000180025095e-35 1.0000000180025095e-35 0.67963299155235302 7.5000000000000009 1.0000000180025095e-35 9.5000000000000018 0.081884998828172698 1.0000000180025095e-35 23.500000000000004 2.5000000000000004 25.500000000000004 8.5000000000000018 18.500000000000004 40.500000000000007 17.500000000000004 0.5694749951362611 4.5000000000000009 6.5000000000000009 7.5000000000000009 0.041481500491499908 0.042682500556111343 0.040515499189496047 0.5107959806919099 0.040652500465512283 0.43528850376605993 0.040033500641584403
decision_type=2 2 2 2 2 2 2 2 2 2 2 2 2 2 2 2 2 2 2 2 2 2 2 2 2 2 2 2 2 2
left_child=1 2 -1 4 5 7 8 13 9 11 -2 14 17 22 19 18 -17 -12 -9 -5 -16 -22 -4 25 -11 28 27 -27 -24 -30
right_child=10 -3 3 6 -6 -7 -8 15 -10 24 12 -13 -14 -15 20 16 -18 -19 -20 -21 21 -23 23 -25 -26 26 -28 -29 29 -31
leaf_value=-0.044830456304123162 -0.031907665862384124 0.046943704662247149 0.050388091846274331 -0.011451426652626495 -0.044624946710993346 -0.044389860745866427 -0.043449502025304565 -0.053856446280778209 -0.044334019661373195 -0.041482890674866574 0.047360751015970558 -0.040783299793326483 -0.01104105820022791 0.031438427178761864 -0.032969999955582648 0.019685647645603523 -0.040164835672038719 -0.027237874920120048 0.00054907983177033875 0.023572136765267843 0.075925616859258083 -0.024195738432481073 -0.0051909771748154723 0.050674218040221403 0.04417921419764706 -0.030938202084839342 -0.070669267579497222 0.022514581324892036 0.011337346953699534 0.080287865590740248
leaf_weight=101.20297214575112 0.61497173458337684 10.855291817337273 1.1998823620378996 1.8808773439377535 11.670524543151258 4.3567393124103537 47.369008826091886 1.6586700417101368 10.553976751863955 11.091890765354034 153.56949405558407 1.7606181129813201 0.77683308348059554 16.796953100711107 2.2103729825466885 4.3495912840589881 1.6738007217645643 0.27494733780622382 0.94457740522921074 8.947476049885152 0.35307892225682724 0.30629158206284046 4.1938234418630547 0.93583251535892564 0.12932837381959039 1.3552803173661243 0.64785348251461972 2.1830713786184788 5.1590331494808197 0.88989833742380131
leaf_count=1530 6 361 19 26 484 249 3240 11 499 803 5490 93 10 265 53 98 114 3 12 124 5 5 30 13 6 11 7 20 54 10
internal_value=0.000416559 -0.0276493 -0.0310087 -0.0211411 -0.00122764 0.0096655 -0.0347199 0.0154853 -0.0233936 -0.0147887 0.0464811 0.00309146 0.0468456 0.0218023 0.00934776 -0.00834153 0.00185333 0.0471773 -0.032976 0.0169819 -0.0173763 0.025771 0.0116011 0.00794253 -0.0396724 0.00449719 -0.0108421 0.000378919 0.011294 0.023435
internal_weight=409.913 254.677 243.821 142.618 58.0155 46.345 84.6029 41.9883 37.2339 26.6799 155.236 15.4587 154.621 33.3616 13.6981 8.62664 6.02339 153.844 2.60325 10.8284 2.86974 0.659371 16.5647 15.3648 11.2212 14.429 4.18621 3.53835 10.2428 6.04893
internal_count=13651 8142 7781 6251 1397 913 4854 664 1614 1115 5509 306 5503 429 213 235 212 5493 23 150 63 10 164 145 809 132 38 31 94 64
is_linear=0
shrinkage=0.05


Tree=301
num_leaves=31
num_cat=0
split_feature=15 11 8 7 10 6 6 11 12 0 6 12 6 7 11 4 0 12 11 12 7 11 12 0 11 7 12 12 7 12
split_gain=254.674 27.0866 4.84086 3.17502 4.1512 4.61094 7.32549 3.88232 3.58703 2.70686 2.23576 1.78464 1.47278 1.18841 1.40181 1.22901 1.05335 1.03759 0.674851 0.637695 0.615188 0.586688 0.532089 0.541246 0.516536 2.24054 0.529008 1.27361 0.434502 0.702642
threshold=1.0000000180025095e-35 13.500000000000002 1.0000000180025095e-35 16.500000000000004 1.0000000180025095e-35 51.500000000000007 52.500000000000007 5.5000000000000009 13.500000000000002 0.20250499993562701 24.500000000000004 17.500000000000004 41.500000000000007 20.500000000000004 9.5000000000000018 1.0359035134315493 0.52108150720596325 15.500000000000002 5.5000000000000009 166.50000000000003 11.500000000000002 21.500000000000004 43.500000000000007 0.60435798764228832 6.5000000000000009 42.500000000000007 38.500000000000007 39.500000000000007 19.500000000000004 92.500000000000014
decision_type=2 2 2 2 2 2 2 2 2 2 2 2 2 2 2 2 2 2 2 2 2 2 2 2 2 2 2 2 2 2
left_child=1 3 16 -1 5 7 8 -5 -7 -2 -9 12 -11 -12 15 -15 21 -10 -19 -4 -18 28 -8 -24 25 26 -13 -28 29 -3
right_child=9 2 19 4 -6 6 22 10 17 11 13 24 -14 14 -16 -17 20 18 -20 -21 -22 -23 23 -25 -26 -27 27 -29 -30 -31
leaf_value=-0.044807497551877129 -0.035620611226877617 0.0030082338599662357 -0.041716045189913578 -0.042532372605349061 -0.044864283689043619 0.20765848949020255 -0.041083681042221432 0.057244712884144414 -0.021305074184923761 0.051433527247457991 -0.036467838753699494 0.049016163335493843 -0.024131356751745492 -0.036043966843904832 0.050751328611215153 0.048950962692609686 0 0.081983870203808026 0 0.031021580215544756 0.047221895795675879 0.039286933743042068 -0.029480048716635406 0.039231470711299808 0.047189355782380281 -0.0071156682866487676 -0.044602756094480819 0.041306178146137636 0.023922103378510796 -0.061711996635131917
leaf_weight=151.52646542992443 0.89367388188838859 0.75782859884202769 2.5189561289735134 13.119653865695005 23.729247091338038 0.43131093680858557 2.0134105752222244 1.411881019361316 0.27790541574358973 0.91277047246694509 2.4902590694837272 9.4922739677131158 1.6390292048454282 1.6557882782071836 1.1557286530733106 0.43000141344964493 0.54395368322729964 1.3318141791969536 0.44586473517119873 0.18712593615055073 10.42122522741556 0.90037352964282025 0.48545481450855721 0.44857142120599747 156.30116800218821 2.4030615538358679 0.49135393649339576 1.2852125838398931 0.5593518204987048 0.5670880526304245
leaf_count=7227 9 10 304 623 1086 4 143 14 5 8 172 143 13 61 20 7 8 14 6 1 203 14 43 4 3455 14 5 23 6 6
internal_value=-2.04697e-05 -0.0360739 0.0252884 -0.0411338 -0.0297027 -0.0153889 0.0247167 -0.0264588 0.0867276 0.0451445 0.00255043 0.0456122 0.00193273 -0.0108154 0.00789713 -0.0147963 0.0374747 0.0505775 0.065014 -0.0339781 0.0445117 0.00744907 -0.0270931 0 0.0462371 0.0347234 0.0440694 0.0137708 -0.00645765 -0.0235711
internal_weight=390.828 217.409 16.4559 200.953 49.4269 25.6976 5.43433 20.2633 2.4869 173.419 7.14366 172.525 2.5518 5.73178 3.24152 2.08579 13.7498 2.05558 1.77768 2.70608 10.9652 2.78464 2.94744 0.934026 169.973 13.6719 11.2688 1.77657 1.88427 1.32492
internal_count=13651 9981 552 9429 2202 1116 219 897 29 3670 274 3661 21 260 88 68 247 25 20 305 211 36 190 47 3640 185 171 28 22 16
is_linear=0
shrinkage=0.05


Tree=302
num_leaves=1
num_cat=0
split_feature=
split_gain=
threshold=
decision_type=
left_child=
right_child=
leaf_value=0
leaf_weight=
leaf_count=17101
internal_value=
internal_weight=
internal_count=
is_linear=0
shrinkage=1


Tree=303
num_leaves=1
num_cat=0
split_feature=
split_gain=
threshold=
decision_type=
left_child=
right_child=
leaf_value=0
leaf_weight=
leaf_count=17101
internal_value=
internal_weight=
internal_count=
is_linear=0
shrinkage=1


Tree=304
num_leaves=1
num_cat=0
split_feature=
split_gain=
threshold=
decision_type=
left_child=
right_child=
leaf_value=0
leaf_weight=
leaf_count=17101
internal_value=
internal_weight=
internal_count=
is_linear=0
shrinkage=1


Tree=305
num_leaves=1
num_cat=0
split_feature=
split_gain=
threshold=
decision_type=
left_child=
right_child=
leaf_value=0
leaf_weight=
leaf_count=17101
internal_value=
internal_weight=
internal_count=
is_linear=0
shrinkage=1


Tree=306
num_leaves=2
num_cat=0
split_feature=0
split_gain=286.312
threshold=0.042222999967634685
decision_type=2
left_child=-1
right_child=-2
leaf_value=0.047008755880293233 -0.045086817878297852
leaf_weight=162.36541420221329 175.51044201944023
leaf_count=513 13138
internal_value=-0.000814907
internal_weight=337.876
internal_count=13651
is_linear=0
shrinkage=0.05


Tree=307
num_leaves=3
num_cat=0
split_feature=7 0
split_gain=172.398 114.035
threshold=1.5000000000000002 0.042222999967634685
decision_type=2 2
left_child=1 -1
right_child=-2 -3
leaf_value=-0.044880482776759836 -0.045108168417183715 0.047003910706106322
leaf_weight=42.549088895320892 134.35653523914516 161.49636207520962
leaf_count=513 12633 505
internal_value=-0.00113305 0.0278064
internal_weight=338.402 204.045
internal_count=13651 1018
is_linear=0
shrinkage=0.05


Tree=308
num_leaves=31
num_cat=0
split_feature=10 7 11 14 12 7 0 7 14 6 19 0 6 6 12 12 0 7 11 12 6 11 7 11 3 0 12 3 6 6
split_gain=185.446 31.8859 33.2965 6.37014 3.02665 2.55077 2.36607 2.06381 5.23135 3.24795 1.78075 1.82748 1.55485 1.90296 1.86751 2.91405 1.65717 1.53148 1.48498 1.23826 1.19913 1.10797 1.01566 2.70029 1.27098 0.999448 0.973902 1.10744 0.958834 0.951391
threshold=1.0000000180025095e-35 14.500000000000002 8.5000000000000018 1.0000000180025095e-35 11.500000000000002 36.500000000000007 0.46841099858284002 7.5000000000000009 1.0000000180025095e-35 22.500000000000004 1.0000000180025095e-35 0.67963299155235302 43.500000000000007 34.500000000000007 13.500000000000002 17.500000000000004 0.65118700265884411 8.5000000000000018 6.5000000000000009 21.500000000000004 38.500000000000007 4.5000000000000009 26.500000000000004 4.5000000000000009 0.038386998698115356 0.38822498917579656 13.500000000000002 0.040693499147892005 28.500000000000004 35.500000000000007
decision_type=2 2 2 2 2 2 2 2 2 2 2 2 2 2 2 2 2 2 2 2 2 2 2 2 2 2 2 2 2 2
left_child=1 7 3 4 6 -5 20 -1 9 -9 11 12 13 16 -14 -16 -6 -11 22 26 -3 -7 23 -13 -24 -17 27 -19 -8 -15
right_child=-2 2 -4 5 10 21 28 8 -10 17 -12 18 14 29 15 25 -18 19 -20 -21 -22 -23 24 -25 -26 -27 -28 -29 -30 -31
leaf_value=-0.044522618941096631 0.047210210172173639 0.013758537102242339 -0.044871804826984739 -0.03874975189946242 0.0041767586851348074 -0.038898052240353767 0.0061847214972058284 -0.04087035891608818 -0.044656027704268485 0.063346736795165351 -0.044041924962036107 0.037831418577388115 -0.061080350599907289 0.062943480632983481 0.030272432086438456 0.012928539318532771 -0.07444323631896653 0.012630052498406086 -0.016277949219461543 -0.03934407868476815 -0.062889728593827771 0.040101986306838214 -0.018360730024432805 -0.058717676648402578 0.046998663648159522 -0.035723210574808387 0.039672975850800367 -0.05071758460255367 0.043894983117497337 0.020988540832357995
leaf_weight=103.05162729788572 140.47949522733688 1.0121128186583543 35.768938165158033 7.3580762981437129 9.3083413336426055 0.43961414322257075 2.2606873735785511 3.8258809475228182 20.69482589373365 1.2409773264080266 1.2654662635177363 2.2426139600574966 1.367374513298272 1.7771458849310864 4.2206343263387662 1.1559816785156725 0.61950712744146663 2.9579645283520226 1.4725863654166449 1.1995908245444296 0.75780124962329853 1.7307985015213487 0.64325761795043845 0.93241420667618502 8.940188976004718 4.2994191003963351 2.2096720850095153 0.78687505237758149 16.952939137816429 9.0953178377822024
leaf_count=3544 1971 6 3292 803 104 8 21 274 2814 11 50 25 15 11 36 16 19 25 42 60 6 20 7 25 92 58 30 11 172 83
internal_value=0.00126426 -0.0245847 -0.00497668 0.0133229 0.0187087 -0.0245698 0.0346001 -0.0409176 -0.0293792 -0.00295133 0.0115013 0.0132272 0.00632767 0.014444 -0.00850323 -1.30173e-05 -0.000924033 0.0140186 0.028165 0.00401738 -0.0179933 0.0208899 0.0337702 0.00702389 0.041951 -0.0244669 0.0140843 -0.000353177 0.0397719 0.0288131
internal_weight=390.068 249.589 113.621 77.8523 68.3238 9.52849 20.9835 135.967 32.9158 12.221 47.3402 46.0748 31.8437 20.8003 11.0434 9.67604 9.92785 8.39508 14.2311 7.1541 1.76991 2.17041 12.7585 3.17503 9.58345 5.4554 5.95451 3.74484 19.2136 10.8725
internal_count=13651 11680 4911 1619 788 831 205 6769 3225 411 583 533 342 217 125 110 123 137 191 126 12 28 149 50 99 74 66 36 193 94
is_linear=0
shrinkage=0.05


Tree=309
num_leaves=31
num_cat=0
split_feature=16 7 0 11 7 0 15 12 6 15 12 12 12 13 3 0 11 7 4 12 6 6 12 12 13 6 12 12 15 12
split_gain=125.635 37.117 42.9612 14.9336 7.61487 5.30289 3.69309 3.7644 4.35595 3.6757 4.39585 2.76315 2.1712 2.75006 1.51847 1.50568 1.44205 1.26518 1.21022 1.1958 1.62718 3.23541 1.33194 1.16775 1.09586 1.05853 1.00906 0.865488 1.15528 1.13629
threshold=1.0000000180025095e-35 2.5000000000000004 0.5433734953403474 2.5000000000000004 16.500000000000004 0.66134047508239757 1.0000000180025095e-35 9.5000000000000018 31.500000000000004 1.0000000180025095e-35 17.500000000000004 9.5000000000000018 9.5000000000000018 1.0000000180025095e-35 0.037604499608278281 0.52108150720596325 19.500000000000004 22.500000000000004 1.0373885035514834 7.5000000000000009 29.500000000000004 27.500000000000004 6.5000000000000009 42.500000000000007 1.0000000180025095e-35 31.500000000000004 44.500000000000007 17.500000000000004 1.0000000180025095e-35 10.500000000000002
decision_type=2 2 2 2 2 2 2 2 2 2 2 2 2 2 2 2 2 2 2 2 2 2 2 2 2 2 2 2 2 2
left_child=3 -2 4 11 9 6 7 -4 23 10 15 17 -6 16 -12 19 18 -1 27 22 21 -21 25 -9 -16 -3 -25 29 -29 -14
right_child=1 2 5 -5 12 -7 -8 8 -10 -11 14 -13 13 -15 24 -17 -18 -19 -20 20 -22 -23 -24 26 -26 -27 -28 28 -30 -31
leaf_value=0.050093338553667578 -0.044604435562160337 0.060527792477390624 -0.03784983974916048 0.046299391450597457 -0.039352822395246553 -0.04238410227352591 -0.044178980380118076 0.038584454343483919 -0.021928484465703505 -0.033463604252824942 -0.037155877441075409 -0.04135188179866052 0.06085021617286912 -0.042650987510335824 0.042637512507664586 -0.042215968616871463 -0.040521295885533576 -0.030570443815143528 -0.028943295791699443 0.047211293378987211 0.050755443176332585 -0.036482904864291565 -0.040124744056280102 -0.04411665332977939 -0.029450250030224417 -0.019382826741695225 0.018984576555431051 0.030145992060089555 -0.032791766875598219 -0.00081806390338744423
leaf_weight=1.4201094228774298 93.464385190978646 0.74626295268535436 6.4773034565150764 116.19637718051672 3.2098593693226602 46.649484195746481 8.3746066475287062 7.1870049703866261 7.5289756422862402 2.0117007074877611 0.47859103791415591 5.9207403790205717 0.70657986775041948 2.7146752476692191 40.922942213714123 1.3045856878161419 1.2095554852858175 0.55363891460001458 1.4350414173677553 2.1044968962669373 3.088942589238286 2.3065371476113796 1.8148083537817001 0.78487309627234969 0.38608126156031985 0.61159162037074566 2.1208601724356413 10.249676289036866 0.62860209960490543 8.3240159843116981
leaf_count=30 1538 7 308 4450 135 3425 696 121 237 120 7 186 12 166 1411 33 78 29 26 42 52 17 99 6 7 7 50 203 32 121
internal_value=0.00045942 -0.0194853 -0.00506618 0.0417635 0.0197331 -0.0315285 -0.0156983 -0.00545279 0.0063198 0.0304614 0.0330037 -0.0241171 -0.00113712 0.00365638 0.0406636 0.00574954 0.00961461 0.0246729 0.0128647 0.0124143 0.023439 0.00250047 -0.0120396 0.0278914 0.0417735 0.0222449 0 0.0162577 0.0257881 0.00407303
internal_weight=380.933 256.842 163.378 124.091 84.2545 79.1231 32.4736 24.099 17.6217 55.7765 53.7648 7.89449 28.478 25.2681 41.7876 11.9772 22.5535 1.97375 21.3439 10.6726 7.49998 4.41103 3.17266 10.0927 41.309 1.35785 2.90573 19.9089 10.8783 9.0306
internal_count=13651 8956 7418 4695 2575 4843 1418 722 414 1802 1682 245 773 638 1425 257 472 59 394 224 111 59 113 177 1418 14 56 368 235 133
is_linear=0
shrinkage=0.05


Tree=310
num_leaves=31
num_cat=0
split_feature=15 11 0 7 10 0 16 11 0 12 0 12 16 7 0 13 11 12 7 7 3 13 0 11 0 0 11 7 12 12
split_gain=231.691 24.6786 4.14219 3.20911 4.04997 2.46643 2.45018 2.01981 2.00547 2.38905 2.00237 1.79941 1.44973 1.13125 1.09069 0.945274 0.917164 1.21092 0.880761 0.83575 0.691148 0.669682 0.648981 0.67643 0.619842 0.60358 0.58148 2.18901 0.533736 1.15238
threshold=1.0000000180025095e-35 13.500000000000002 0.32018549740314489 16.500000000000004 1.0000000180025095e-35 0.20250499993562701 1.0000000180025095e-35 4.5000000000000009 0.42891350388526922 12.500000000000002 0.75920850038528453 17.500000000000004 1.0000000180025095e-35 36.500000000000007 0.75920850038528453 1.0000000180025095e-35 9.5000000000000018 36.500000000000007 18.500000000000004 20.500000000000004 0.040341500192880637 1.0000000180025095e-35 0.52108150720596325 19.500000000000004 0.8800565004348756 0.32319949567317968 6.5000000000000009 42.500000000000007 38.500000000000007 39.500000000000007
decision_type=2 2 2 2 2 2 2 2 2 2 2 2 2 2 2 2 2 2 2 2 2 2 2 2 2 2 2 2 2 2
left_child=1 3 -3 21 6 -2 -5 8 9 -8 15 18 -4 -10 -15 16 17 20 -7 -18 -9 -1 23 25 -16 -14 27 28 -13 -30
right_child=5 2 12 4 -6 11 7 10 13 -11 -12 26 22 14 24 -17 19 -19 -20 -21 -22 -23 -24 -25 -26 -27 -28 -29 29 -31
leaf_value=-0.044999304033283553 -0.034891646286294618 -0.041790723949117814 -0.033923178898235096 -0.043615632094279849 -0.04476083531228052 0.049567158346483287 0.10766184135808687 -0.025378728114209666 -0.036335964168578552 -0.02950024805680998 0.059971029771540445 0.048539715435503041 0.060947153575901948 0.041787850276352061 -0.038562117652480493 0.036675602964756304 -0.023696072244302077 -0.04532654676869248 -0.014539869444164322 0.04213235749125336 0.051520204375988379 0 0.044493637818363581 0.043604002289808493 0.036635310149655168 -0.017299536004266144 0.046914073878757533 -0.0076271489842567016 -0.041226757976547464 0.040541397965425538
leaf_weight=138.42518550157547 0.82802330702543159 1.8951775538735081 0.58407315332442244 5.5776837724261012 21.797116423025727 0.62779865786433164 0.54662298690527922 0.34433095529675428 7.5557637633755785 0.47535213688388467 1.6737071834504602 8.8654724806547147 0.1798735707998288 0.96020116284489665 1.2676848769187925 1.2690199166536329 0.60013210354372848 2.3360251905396581 1.8682174161076543 1.1488631935790179 0.56236841296777129 0.92006844282150169 10.136515826918183 1.0569971902295945 0.19301490485668171 1.5422981278970835 144.31845559552312 2.3888944759964934 0.50664108246564765 1.1977851390838621
leaf_count=7215 9 205 55 537 1086 5 11 25 284 26 17 143 1 16 47 14 26 77 16 15 20 12 216 16 1 59 3455 14 5 23
internal_value=-1.20842e-05 -0.0357871 0.0247158 -0.0408417 -0.029003 0.044736 -0.0146616 -0.00568476 -0.0196635 0.042464 0.0130737 0.0452015 0.0346587 -0.0268821 0.000911339 0 -0.0101224 -0.0261965 0.000946561 0.0167806 0.01773 -0.0447166 0.0383811 0.013579 -0.0237112 -0.00348677 0.0458711 0.0336021 0.043373 0.0125271
internal_weight=361.649 201.048 15.3949 185.653 46.3079 160.601 24.5108 18.9331 10.9986 1.02198 7.93445 159.773 13.4998 9.97666 2.4209 6.26074 4.99172 3.24272 2.49602 1.749 0.906699 139.345 12.9157 2.77917 1.4607 1.72217 157.277 12.9588 10.5699 1.70443
internal_count=13651 9981 552 9429 2202 3670 1116 579 385 37 194 3661 347 348 64 177 163 122 21 41 45 7227 292 76 48 60 3640 185 171 28
is_linear=0
shrinkage=0.05


Tree=311
num_leaves=1
num_cat=0
split_feature=
split_gain=
threshold=
decision_type=
left_child=
right_child=
leaf_value=0
leaf_weight=
leaf_count=17101
internal_value=
internal_weight=
internal_count=
is_linear=0
shrinkage=1


Tree=312
num_leaves=1
num_cat=0
split_feature=
split_gain=
threshold=
decision_type=
left_child=
right_child=
leaf_value=0
leaf_weight=
leaf_count=17101
internal_value=
internal_weight=
internal_count=
is_linear=0
shrinkage=1


Tree=313
num_leaves=1
num_cat=0
split_feature=
split_gain=
threshold=
decision_type=
left_child=
right_child=
leaf_value=0
leaf_weight=
leaf_count=17101
internal_value=
internal_weight=
internal_count=
is_linear=0
shrinkage=1


Tree=314
num_leaves=1
num_cat=0
split_feature=
split_gain=
threshold=
decision_type=
left_child=
right_child=
leaf_value=0
leaf_weight=
leaf_count=17101
internal_value=
internal_weight=
internal_count=
is_linear=0
shrinkage=1


Tree=315
num_leaves=2
num_cat=0
split_feature=0
split_gain=258.927
threshold=0.042222999967634685
decision_type=2
left_child=-1
right_child=-2
leaf_value=0.046771807139480683 -0.045034925733778035
leaf_weight=144.63911172747612 163.51143459975719
leaf_count=496 13224
internal_value=-0.00192544
internal_weight=308.151
internal_count=13720
is_linear=0
shrinkage=0.05


Tree=316
num_leaves=5
num_cat=0
split_feature=12 14 12 6
split_gain=207.228 51.0858 1.37308 2.0795
threshold=9.5000000000000018 1.0000000180025095e-35 11.500000000000002 18.500000000000004
decision_type=2 2 2 2
left_child=1 -1 3 -2
right_child=2 -3 -4 -5
leaf_value=-0.044519779128076142 0.011745809808959382 0.046436401106177715 -0.045022640974310323 -0.042894840100366448
leaf_weight=17.040129483677447 2.7537541463971129 152.48561833053827 139.74748355150223 4.0262390039861202
leaf_count=971 10 544 11960 235
internal_value=-0.000371103 0.0372435 -0.0439193 -0.0201272
internal_weight=316.053 169.526 146.527 6.77999
internal_count=13720 1515 12205 245
is_linear=0
shrinkage=0.05


Tree=317
num_leaves=31
num_cat=0
split_feature=14 0 12 11 6 12 7 6 0 11 8 19 0 12 11 7 0 7 11 12 6 6 11 3 0 3 6 7 12 7
split_gain=106.82 68.7254 35.9303 5.20698 2.87369 1.92742 1.88915 1.75806 1.44491 2.55147 2.96084 1.40966 1.42854 1.51933 1.20194 1.52175 1.63442 1.25401 0.912699 0.845535 2.63899 1.1783 0.837387 1.21406 0.80735 0.751225 0.737918 0.880443 0.732266 0.729962
threshold=1.0000000180025095e-35 0.042222999967634685 52.500000000000007 2.5000000000000004 23.500000000000004 13.500000000000002 8.5000000000000018 42.500000000000007 0.26321250200271612 9.5000000000000018 1.0000000180025095e-35 1.0000000180025095e-35 0.6894265115261079 51.500000000000007 1.5000000000000002 20.500000000000004 0.53685399889945995 18.500000000000004 6.5000000000000009 6.5000000000000009 30.500000000000004 24.500000000000004 4.5000000000000009 0.039081498980522163 0.45967900753021246 0.038386998698115356 28.500000000000004 11.500000000000002 43.500000000000007 25.500000000000004
decision_type=2 2 2 2 2 2 2 2 2 2 2 2 2 2 2 2 2 2 2 2 2 2 2 2 2 2 2 2 2 2
left_child=1 -1 3 14 -5 -6 -7 -2 -9 10 -10 12 13 22 19 16 26 -18 25 20 21 -3 23 29 -17 -14 -16 -28 -20 -8
right_child=7 2 -4 4 5 6 11 8 9 -11 -12 -13 18 -15 15 24 17 -19 28 -21 -22 -23 -24 -25 -26 -27 27 -29 -30 -31
leaf_value=-0.044761064214731243 -0.044172778110911311 0.0043828732483580171 -0.04235576782096636 -0.022801908001286474 -0.06044445473650091 0.0796135332894361 -0.027125980698257474 -0.043768322680406369 0.027501158229077272 -0.043003057291240619 -0.041174373477446846 -0.041458625780676779 -0.0033720039977865116 0.078382815028015002 0.049661198958963496 0.0061577898703138552 -0.042199722428428892 0.014759285942849249 -0.031793837344569816 0.044854673166345158 0.041578867696375296 -0.066564729551971444 0.0017490598137313502 0.025611969571114987 0.041398252784317725 0.042579610168592533 -0.035208968488989412 0.024007880500598877 0.024886765664415521 0.020029869567902356
leaf_weight=36.871074818074703 88.542669657617807 1.9784392304718488 16.236611147411168 3.2843283228576174 0.53843728639185329 1.5440093697980035 1.8697544485330682 7.3934645294211832 4.6552366404794139 4.5558741907589138 2.2217732723802328 0.6826856229454269 0.71732909791171806 0.93756554368883271 3.2630890551954534 2.1141378805041304 1.545198438689112 2.0975221544504166 0.7475057309493417 86.303772896528244 8.9656107276678068 0.66860997676849354 8.9602325763553363 18.128152575343847 30.294434571638703 15.081485893577335 0.51569908298551936 10.253136921674011 1.520471761934459 1.2166532482951877
leaf_count=486 7342 17 1521 136 9 25 30 548 81 481 300 24 8 5 35 24 21 18 18 1338 123 7 174 198 401 210 13 84 29 14
internal_value=0.000716278 0.0182665 0.0288938 0.0346288 0.0212675 0.0241884 0.0252876 -0.0411152 -0.0263134 -0.0143104 0.0043252 0.0233493 0.0244327 0.0175243 0.0395633 0.0326566 0.0200792 -0.00854808 0.0358923 0.0430081 0.0285917 -0.0134882 0.0152155 0.0206338 0.0392792 0.0401706 0.0278726 0.0204142 0.00354009 -0.00692288
internal_weight=363.705 256.336 219.465 203.228 55.2286 51.9443 51.4058 107.369 18.8263 11.4329 6.87701 49.8618 49.1792 31.1124 148 50.0832 17.6746 3.64272 18.0668 97.9164 11.6127 2.64705 30.1748 21.2146 32.4086 15.7988 14.0319 10.7688 2.26798 3.08641
internal_count=13720 4968 4482 2961 880 744 735 8752 1410 862 381 710 686 421 2081 596 171 39 265 1485 147 24 416 242 425 218 132 97 47 44
is_linear=0
shrinkage=0.05


Tree=318
num_leaves=31
num_cat=0
split_feature=8 9 5 0 10 13 12 0 6 6 12 12 6 0 0 4 4 6 6 0 11 4 4 0 7 0 12 12 12 4
split_gain=174.743 19.9474 12.7468 11.8531 12.7149 10.6406 5.8182 1.83717 1.38316 1.91228 3.20957 3.08694 1.83647 1.65266 1.55121 1.14749 1.59529 1.13735 2.19773 1.07476 0.898141 0.835681 0.963927 0.798286 0.759932 0.756441 0.731192 0.720776 3.038 0.655113
threshold=1.0000000180025095e-35 1.0000000180025095e-35 1.0000000180025095e-35 0.68298450112342846 1.0000000180025095e-35 1.0000000180025095e-35 103.50000000000001 0.081884998828172698 26.500000000000004 28.500000000000004 11.500000000000002 6.5000000000000009 30.500000000000004 0.49558301270008093 0.53148499131202709 1.0094594955444338 1.010608494281769 47.500000000000007 43.500000000000007 0.52828252315521251 13.500000000000002 1.0280259847640993 1.0223435163497927 0.666804999113083 26.500000000000004 0.72120651602745067 166.50000000000003 10.500000000000002 9.5000000000000018 1.0231050252914431
decision_type=2 2 2 2 2 2 2 2 2 2 2 2 2 2 2 2 2 2 2 2 2 2 2 2 2 2 2 2 2 2
left_child=1 2 -1 4 5 6 8 -2 15 11 27 -10 -12 -14 -13 20 -17 18 23 -20 -4 22 -18 -15 -25 26 -9 28 -11 -24
right_child=7 -3 3 -5 -6 -7 -8 25 9 10 12 14 13 17 -16 16 21 -19 19 -21 -22 -23 29 24 -26 -27 -28 -29 -30 -31
leaf_value=-0.044431343873531676 -0.031764501548627616 0.04615281969834046 0.045689693111534251 -0.041930454965555933 -0.04474149537313335 -0.044976539665265325 -0.043289246383113017 0.046889052607442028 0.10954611254206448 -0.026988658329950135 0.066373398401216435 -0.044404541171779839 0.028088307223900738 -0.0056433952476765215 0.00037531325221004208 -0.061289553263720424 0.024439568312720844 -0.039802268135729374 0 0.099612324838732502 -0.025023750704370719 0.045990948706308724 -0.084548235056446763 0.090684744844431467 -0.0095076705850834341 -0.016252310721290932 -0.024200469360098752 -0.042738010096568323 0.078019943111031123 0
leaf_weight=85.092084974050522 0.61272341758012672 8.9760165661573392 7.0369306523352844 39.96678129862994 19.339405352249742 10.526003272272645 4.6723703891038886 132.08286772295833 0.37423169240355392 3.2174756322056051 2.1287752389907864 3.5210693636909127 15.430096196010711 7.4262593826279026 3.6835819389671087 0.57447400782257307 1.6734216399490836 1.2892054375261057 0.38461392279714324 0.79227070137858391 0.32423014380037773 1.7635048292577264 0.31805952172726382 0.34203024487942446 0.16196399554610252 0.31546833366155524 0.21319449320435424 1.9260483887046573 0.76269517093896855 0.63963222689926624
leaf_count=1514 7 354 144 3231 992 808 398 5531 4 41 36 26 227 117 35 7 40 44 5 15 21 44 3 8 5 3 2 36 10 12
internal_value=0.000821597 -0.0262932 -0.0293845 -0.0193373 -0.00901962 0.000974945 0.00939924 0.0460978 0.0141423 0.00954428 0.01469 -0.012687 0.0218394 0.017734 -0.0211334 0.0289921 0.00885977 0.00176866 0.00856488 0.0694949 0.0416113 0.0203019 0.000199499 -0.000607568 0.0539653 0.0465189 0.0467185 -0.0181172 -0.00422208 -0.0357352
internal_weight=355.567 222.343 213.367 128.275 88.3083 68.9689 58.4429 133.224 53.7706 41.4403 33.8614 7.57888 27.9552 25.8264 7.20465 12.3303 4.96909 10.3963 9.10714 1.17688 7.36116 4.39462 2.63111 7.93025 0.503994 132.612 132.296 5.90622 3.98017 0.957692
internal_count=13720 8177 7823 6309 3078 2086 1278 5543 880 609 544 65 457 421 61 271 106 194 150 20 165 99 55 130 13 5536 5533 87 51 15
is_linear=0
shrinkage=0.05


Tree=319
num_leaves=31
num_cat=0
split_feature=15 11 7 0 6 6 6 16 11 13 0 11 11 7 11 8 0 8 3 6 3 0 11 3 7 13 11 11 0 0
split_gain=213.532 20.8786 4.2418 3.30609 2.82574 2.65709 9.36832 2.36477 1.61228 1.51519 1.45965 1.19246 0.990078 2.74836 0.955991 0.932294 0.920719 0.82919 0.720525 0.678999 0.658281 0.604668 0.536212 0.384033 0.362594 0.3253 0.39535 0.322979 0.273794 1.23799
threshold=1.0000000180025095e-35 14.500000000000002 16.500000000000004 0.32018549740314489 22.500000000000004 51.500000000000007 52.500000000000007 1.0000000180025095e-35 6.5000000000000009 1.0000000180025095e-35 0.1730034947395325 6.5000000000000009 6.5000000000000009 35.500000000000007 4.5000000000000009 1.0000000180025095e-35 0.55338898301124584 1.0000000180025095e-35 0.041911499574780471 54.500000000000007 0.041453499346971519 0.4566935002803803 3.5000000000000004 0.041149500757455833 42.500000000000007 1.0000000180025095e-35 10.500000000000002 26.500000000000004 0.62537801265716564 0.61843499541282665
decision_type=2 2 2 2 2 2 2 2 2 2 2 2 2 2 2 2 2 2 2 2 2 2 2 2 2 2 2 2 2 2
left_child=1 2 9 -3 -4 8 7 -7 -6 -1 -2 -8 13 -12 24 18 -10 -14 -5 -16 28 -11 -9 -24 -15 26 -13 -17 29 -18
right_child=10 3 4 15 5 6 11 22 16 21 12 25 17 14 19 27 20 -19 -20 -21 -22 -23 23 -25 -26 -27 -28 -29 -30 -31
leaf_value=-0.044838202414473491 -0.029544567148067837 -0.040407240463820493 0.040180919365766267 0.043878290423952283 -0.042337264770827582 -0.031066462416282095 -0.044036311639232162 0.089145889761138533 -0.041256163247439068 -0.02743202799478351 0.043353123510947111 -0.033838825682261056 0.046854934550872758 0 0.0050532243804805137 -0.031490200834400087 -0.0072602366013552579 -0.019893305222790141 -0.014576838666920675 -0.045001407113107746 0.044556486221928947 0.041058123820845387 0.0055302956167750661 0.069475987283761184 0.050728118467010308 0.036451021725865881 0.018926033534842686 0.027728026413894043 -0.017475924832369854 0.12730965934049879
leaf_weight=128.57168322522193 0.51164795458316703 1.4366878480650473 1.4127354603260744 9.7313164845108933 24.291440390516076 0.54282442666590158 7.9038300602696818 2.0473119672387843 1.6494863489642728 0.3942210730165232 11.396490424871443 0.71083756582811453 134.19721448421478 0.5524331629276269 0.87123959511518512 0.58600077684968788 0.94269682234153218 0.31067110598087211 0.3785140737891205 1.4817258939146993 0.64997499203309406 0.65685670077800751 0.83806663379073121 0.42074151337146759 0.63252279162406921 0.41694224253296841 0.42301811976358294 0.18147297203540802 2.23513397667557 0.095848924946039915
leaf_count=7323 6 147 20 209 1367 22 475 27 135 9 188 55 3489 6 8 71 46 3 6 7 8 7 10 3 4 4 14 1 46 4
internal_value=0.000454716 -0.0352367 -0.0396969 0.0272688 -0.0260161 -0.028386 -0.00920162 0.0551592 -0.0367058 -0.0443399 0.0448761 -0.0362291 0.045184 0.0314343 -0.00572094 0.0369497 -0.010965 0.046649 0.0410787 -0.0249787 0.00123541 0.0108747 0.0712808 0.0341232 0.027596 0.000789885 -0.0101626 -0.0101416 -0.0069495 0.0108588
internal_weight=336.472 186.518 174.204 12.314 44.5809 43.1682 13.3036 3.84894 29.8646 129.623 149.954 9.45463 149.442 14.9344 3.53792 10.8773 5.57314 134.508 10.1098 2.35297 3.92365 1.05108 3.30612 1.25881 1.18496 1.5508 1.13386 0.767474 3.27368 1.03855
internal_count=13720 10009 9575 434 2236 2216 610 62 1606 7339 3711 548 3705 213 25 287 239 3492 215 15 104 16 40 13 10 73 69 72 96 50
is_linear=0
shrinkage=0.05


Tree=320
num_leaves=1
num_cat=0
split_feature=
split_gain=
threshold=
decision_type=
left_child=
right_child=
leaf_value=0
leaf_weight=
leaf_count=17101
internal_value=
internal_weight=
internal_count=
is_linear=0
shrinkage=1


Tree=321
num_leaves=1
num_cat=0
split_feature=
split_gain=
threshold=
decision_type=
left_child=
right_child=
leaf_value=0
leaf_weight=
leaf_count=17101
internal_value=
internal_weight=
internal_count=
is_linear=0
shrinkage=1


Tree=322
num_leaves=1
num_cat=0
split_feature=
split_gain=
threshold=
decision_type=
left_child=
right_child=
leaf_value=0
leaf_weight=
leaf_count=17101
internal_value=
internal_weight=
internal_count=
is_linear=0
shrinkage=1


Tree=323
num_leaves=1
num_cat=0
split_feature=
split_gain=
threshold=
decision_type=
left_child=
right_child=
leaf_value=0
leaf_weight=
leaf_count=17101
internal_value=
internal_weight=
internal_count=
is_linear=0
shrinkage=1


Tree=324
num_leaves=2
num_cat=0
split_feature=1
split_gain=237.139
threshold=0.089999999850988402
decision_type=2
left_child=-1
right_child=-2
leaf_value=-0.04498215928904177 0.046559173708978968
leaf_weight=150.60782297374681 133.23421704769135
leaf_count=13224 496
internal_value=-0.00199418
internal_weight=283.842
internal_count=13720
is_linear=0
shrinkage=0.05


Tree=325
num_leaves=6
num_cat=0
split_feature=12 5 0 12 6
split_gain=189.543 45.1829 3.23111 1.33436 1.927
threshold=9.5000000000000018 1.0000000180025095e-35 0.042222999967634685 11.500000000000002 18.500000000000004
decision_type=2 2 2 2 2
left_child=1 2 -1 4 -2
right_child=3 -3 -4 -5 -6
leaf_value=-0.036640994680541682 0.01120535420534946 -0.04450822157645043 0.046550166134377756 -0.044969122615063063 -0.042665219194218972
leaf_weight=1.0405126363039006 2.6618369482457629 15.194226866587995 139.97221839427948 128.68302754964679 3.7327129929326475
leaf_count=15 10 983 517 11960 235
internal_value=-0.000449438 0.0370289 0.0458753 -0.0438226 -0.0196436
internal_weight=291.285 156.207 141.013 135.078 6.39455
internal_count=13720 1515 532 12205 245
is_linear=0
shrinkage=0.05


Tree=326
num_leaves=31
num_cat=0
split_feature=14 0 12 11 6 16 6 0 11 0 12 7 12 12 12 6 0 12 6 0 11 6 12 6 0 3 7 6 0 6
split_gain=96.9977 61.961 32.2628 5.19017 3.23241 2.07248 1.70421 1.62551 1.53625 1.37281 2.98702 1.25672 1.34396 1.26805 1.37451 1.73962 1.20166 1.13593 1.18924 1.02618 0.88366 1.25625 0.86826 2.44307 1.27155 0.863118 1.20559 0.821879 1.47756 1.00057
threshold=1.0000000180025095e-35 0.042222999967634685 52.500000000000007 1.5000000000000002 22.500000000000004 1.0000000180025095e-35 42.500000000000007 0.6894265115261079 6.5000000000000009 0.3716260045766831 26.500000000000004 8.5000000000000018 51.500000000000007 24.500000000000004 13.500000000000002 27.500000000000004 0.666804999113083 14.500000000000002 26.500000000000004 0.8800565004348756 5.5000000000000009 29.500000000000004 6.5000000000000009 30.500000000000004 0.61323800683021557 0.041128499433398254 26.500000000000004 28.500000000000004 0.54043349623680126 35.500000000000007
decision_type=2 2 2 2 2 2 2 2 2 2 2 2 2 2 2 2 2 2 2 2 2 2 2 2 2 2 2 2 2 2
left_child=1 -1 3 22 -5 -6 -2 11 19 -8 -11 20 13 14 15 -13 27 -16 -19 -9 21 -7 23 24 -3 26 -15 -17 29 -29
right_child=6 2 -4 4 5 7 9 8 -10 10 -12 12 -14 25 17 16 -18 18 -20 -21 -22 -23 -24 -25 -26 -27 -28 28 -30 -31
leaf_value=-0.044689778808397446 -0.044046297453408413 -0.047712527702087781 -0.042071914106052349 -0.022217216396449153 0.045723444228942194 0.056137342721846818 -0.039311558775684735 0.039849761244626046 -0.0053321288836490665 0.028985725340125959 -0.032261252529368498 -0.047709308947164783 0.075617414252013362 -0.0046655157067253192 0.054513142864307321 0.049072090923805239 -0.052877930740336192 -0.036584038505388973 0.024588322731311826 -0.027358692747357211 0.10755170830362769 -0.030106008063012193 0.04445220920235491 0.040799838913522422 0.018190337072733334 -0.029576185281535744 0.030154960865155823 -0.038024957528781878 0.039723232439076418 0.0074062356873766944
leaf_weight=33.832205705344677 81.447340176440775 1.2816100716590875 15.00798482634127 3.2146174497902384 13.881386786699293 1.2515647746622556 9.1554223480634409 23.67754862643779 1.9550085505470622 2.9352103197015804 5.4790889420546591 1.1814362555742253 0.93493339885026117 6.61720287427306 3.465820616111162 1.6595258824527235 0.53134030848741609 0.67154240235686558 24.098648640327156 0.4270351268351068 0.59896754566580046 0.45561301428824652 79.795769225805998 8.3650251775979978 1.3402634002268312 1.7292473083361972 3.7002108469605446 1.3860727772116641 3.0105480886995792 6.3613318428397179
leaf_count=486 7342 12 1521 136 179 12 831 359 57 64 515 18 5 141 39 7 7 17 272 4 7 23 1338 123 12 33 50 13 38 59
internal_value=0.000721104 0.0178877 0.028176 0.0337239 0.02574 0.027392 -0.0408882 0.0242416 0.0348688 -0.0257987 -0.0102194 0.0192996 0.0175896 0.0163639 0.0204372 0.00714889 0.0128645 0.026862 0.0225884 0.0383444 0.0558242 0.0299616 0.0424965 0.0275686 -0.0127564 0.00157688 0.00751204 0.016477 0.0105828 -0.000465594
internal_weight=339.45 240.432 206.6 191.592 100.81 97.595 99.0171 83.7136 26.0596 17.5697 8.4143 57.654 55.3479 54.4129 42.3663 14.1303 12.9488 28.236 24.7702 24.1046 2.30615 1.70718 90.7827 10.9869 2.62187 12.0467 10.3174 12.4175 10.758 7.7474
internal_count=13720 4968 4482 2961 1476 1340 8752 1161 420 1410 579 741 699 694 470 142 124 328 289 363 42 35 1485 147 24 224 191 117 110 72
is_linear=0
shrinkage=0.05


Tree=327
num_leaves=31
num_cat=0
split_feature=16 5 0 14 10 15 15 10 14 0 12 3 3 3 12 7 4 0 0 12 0 12 12 12 12 7 12 0 0 0
split_gain=102.245 33.0089 32.4843 15.5772 14.4657 9.65048 6.14522 8.77087 4.85632 4.76436 1.33447 1.29609 1.74568 1.48689 1.23723 1.18878 1.13282 1.09707 1.72077 1.41834 1.61811 1.57006 1.33904 0.978874 1.15576 1.03536 0.978188 0.844534 1.17764 0.838262
threshold=1.0000000180025095e-35 1.0000000180025095e-35 0.5433734953403474 1.0000000180025095e-35 1.0000000180025095e-35 1.0000000180025095e-35 1.0000000180025095e-35 1.0000000180025095e-35 1.0000000180025095e-35 0.71205550432205211 103.50000000000001 0.039501499384641654 0.037744499742984779 0.039686501026153571 166.50000000000003 15.500000000000002 0.99813547730445873 0.28539800643920904 0.3520949929952622 15.500000000000002 0.42160099744796758 18.500000000000004 17.500000000000004 9.5000000000000018 12.500000000000002 23.500000000000004 18.500000000000004 0.53148499131202709 0.44297200441360479 0.3559699952602387
decision_type=2 2 2 2 2 2 2 2 2 2 2 2 2 2 2 2 2 2 2 2 2 2 2 2 2 2 2 2 2 2
left_child=3 -2 4 15 5 8 7 9 11 10 23 12 -3 29 -10 -1 -15 -18 22 20 -20 -21 -19 -4 -25 26 -26 28 -22 -13
right_child=1 2 6 -5 -6 -7 -8 -9 14 -11 -12 13 -14 16 -16 -17 17 18 19 21 27 -23 -24 24 25 -27 -28 -29 -30 -31
leaf_value=0 -0.044217258979218507 -0.050896984813289282 -0.01271034025680502 0.046791163509874306 -0.044130796408780114 -0.040276405130753846 -0.044734568229558652 -0.044424460894123073 0.045637322733756265 -0.039088206400916384 -0.034682867980961998 -0.067415630468050478 0.038852908261095387 0.051612973513786978 -0.031434660675463959 -0.042440814150541961 0.046027011720855437 0.010326783118463025 0.040086232781742913 0.097361832346402943 -0.046329157232498301 0.018812948523350553 -0.059195820487722019 0.064627238345614971 0 -0.0015969953068599872 0.035765644563191416 -0.07313968768891152 0.0083475950895450565 -0.0046531052322864629
leaf_weight=2.3381592705845824 78.649908642284572 0.44934256002307105 1.8960990365594721 98.088812315836549 8.054393698461352 4.9121895115822545 31.880322800949216 15.183209508657454 33.345131760463119 4.9276324827224007 1.0820607496425498 0.68196219950914683 7.9706022515892982 1.8448749110102678 0.3860945338383307 4.8745819106698036 1.7992194835096587 0.963787361979484 1.5439040549099425 0.72993125766515721 1.2927278801798818 4.5143199162557721 1.5567704811692236 1.5279519706964482 2.6226460412144643 4.2355544483289114 7.5222015101462603 0.51311668753623951 2.9862473700195551 2.3967516794800758
leaf_count=30 1522 4 35 4435 405 388 3316 932 1446 262 70 3 112 23 11 207 38 11 19 8 8 64 10 23 22 85 168 2 33 28
internal_value=0.000887363 -0.0180943 -0.00404575 0.0415564 0.0186243 0.0261974 -0.0283979 -0.0148345 0.0315174 0.00392896 0.0155626 0.0162518 0.0329352 0.00914182 0.044517 -0.0286164 0.0148846 0.0100146 0.00477563 0.0132622 -0.00197427 0.0322987 -0.0313248 0.0190721 0.0232283 0.0180684 0.0267023 -0.0170897 -0.00770983 -0.021812
internal_weight=330.771 225.469 146.819 105.302 75.9414 67.887 70.8777 38.9974 62.9748 23.8141 18.8865 29.2436 8.41994 20.8236 33.7312 7.21274 17.7449 15.9 14.1008 11.5802 6.336 5.24425 2.52056 17.8045 15.9084 14.3804 10.1448 4.79209 4.27898 3.07871
internal_count=13720 9048 7526 4672 2613 2208 4913 1597 1820 665 403 363 116 247 1457 237 216 193 155 134 62 72 21 333 298 275 190 43 41 31
is_linear=0
shrinkage=0.05


Tree=328
num_leaves=31
num_cat=0
split_feature=15 12 7 10 6 6 11 0 12 13 12 0 13 7 7 11 7 11 0 6 0 12 12 12 12 12 12 0 7 6
split_gain=194.693 19.1512 5.13137 5.00649 5.47336 5.45728 3.37419 2.91887 2.08361 1.62045 1.51855 1.33754 1.30089 1.29238 1.18279 0.991609 2.52098 0.873263 0.853394 0.63779 0.591356 0.462901 2.44077 0.455138 1.18032 0.450213 0.580376 0.340831 0.331813 0.265174
threshold=1.0000000180025095e-35 103.50000000000001 16.500000000000004 1.0000000180025095e-35 51.500000000000007 52.500000000000007 4.5000000000000009 0.70352801680564891 23.500000000000004 1.0000000180025095e-35 43.500000000000007 0.1730034947395325 1.0000000180025095e-35 8.5000000000000018 36.500000000000007 6.5000000000000009 35.500000000000007 4.5000000000000009 0.4469559937715531 54.500000000000007 0.4566935002803803 13.500000000000002 14.500000000000002 38.500000000000007 39.500000000000007 31.500000000000004 46.500000000000007 0.72120651602745067 42.500000000000007 28.500000000000004
decision_type=2 2 2 2 2 2 2 2 2 2 2 2 2 2 2 2 2 2 2 2 2 2 2 2 2 2 2 2 2 2
left_child=1 2 9 4 6 8 -4 12 21 27 -7 -2 14 -3 29 16 23 28 -12 -19 -11 -6 -23 -13 -25 -9 -27 -1 -18 -8
right_child=11 13 3 -5 5 10 7 25 -10 20 18 15 -14 -15 -16 -17 17 19 -20 -21 -22 22 -24 24 -26 26 -28 -29 -30 -31
leaf_value=-0.04462323685791774 -0.028562370604436928 -0.038746219773198684 -0.044492437827536542 -0.04280879795531578 0.15040111223781727 -0.040926296550687309 -0.0055023553340074792 0.083465184187888439 0.016173720044199306 -0.026765404126155797 -0.026363698573253894 0.047638549718977893 0.027965893516332024 0.044785972740404169 0.069399812829925231 0.046423594381399945 0 0.0053809265087217274 0.04888495110522622 -0.04337190976803508 0.040463386103086862 -0.025453185109565624 0.11232451994360149 -0.040603005973976508 0.040727938930537139 -0.014332125156242458 0.039741767248260229 0 0.049535339890528933 -0.039927435324155131
leaf_weight=119.83006163593382 0.47661424428224464 0.35377137036994 8.8617079127579981 19.065468524582684 0.72745711356401388 1.955218503251672 1.0838958569802324 0.54634342528879676 1.1355738062411544 0.37955294176936039 0.39676105091348279 9.0001240968704206 1.0404101163148878 7.6336268004961312 0.16849943995475758 124.14215978980064 0.54289174079894953 0.86583573371171985 1.0159523487091062 1.4424259848892687 0.7052370123565197 0.35402361676096894 0.87979829497635365 0.50896214321255584 1.321446932852268 0.47016162984073195 1.6569425249472258 0.23209418542683025 0.61829362064599991 4.378132819198072
leaf_count=7487 6 28 487 1099 5 159 59 5 16 9 43 154 16 193 1 3492 6 8 12 7 9 7 9 5 29 7 27 7 4 324
internal_value=0.000492927 -0.034901 -0.0385834 -0.023567 -0.00838239 0.0305079 -0.0225563 -0.00097292 0.0775554 -0.0439395 -0.0123 0.0445665 -0.0191684 0.0400346 -0.0290865 0.0448748 0.0308532 -0.00487425 0.0241003 -0.0235443 0.0124471 0.108161 0.0700986 0.0426954 0.0145912 0.0416808 0.0254377 -0.0445005 0.0271986 -0.0342168
internal_weight=311.789 172.871 164.883 43.7363 24.6709 6.46478 18.2061 9.34439 3.09685 121.147 3.36793 138.919 6.67094 7.9874 5.63053 138.442 14.3 3.46945 1.41271 2.30826 1.08479 1.96128 1.23382 10.8305 1.83041 2.67345 2.1271 120.062 1.16119 5.46203
internal_count=13720 10009 9788 2276 1177 251 926 439 37 7512 214 3711 400 221 384 3705 213 25 55 15 18 21 16 188 34 39 34 7494 10 383
is_linear=0
shrinkage=0.05


Tree=329
num_leaves=1
num_cat=0
split_feature=
split_gain=
threshold=
decision_type=
left_child=
right_child=
leaf_value=0
leaf_weight=
leaf_count=17101
internal_value=
internal_weight=
internal_count=
is_linear=0
shrinkage=1


Tree=330
num_leaves=1
num_cat=0
split_feature=
split_gain=
threshold=
decision_type=
left_child=
right_child=
leaf_value=0
leaf_weight=
leaf_count=17101
internal_value=
internal_weight=
internal_count=
is_linear=0
shrinkage=1


Tree=331
num_leaves=1
num_cat=0
split_feature=
split_gain=
threshold=
decision_type=
left_child=
right_child=
leaf_value=0
leaf_weight=
leaf_count=17101
internal_value=
internal_weight=
internal_count=
is_linear=0
shrinkage=1


Tree=332
num_leaves=1
num_cat=0
split_feature=
split_gain=
threshold=
decision_type=
left_child=
right_child=
leaf_value=0
leaf_weight=
leaf_count=17101
internal_value=
internal_weight=
internal_count=
is_linear=0
shrinkage=1


Tree=333
num_leaves=2
num_cat=0
split_feature=0
split_gain=217.239
threshold=0.042222999967634685
decision_type=2
left_child=-1
right_child=-2
leaf_value=0.046364985176811493 -0.044932774761893404
leaf_weight=122.68792821466923 138.70892796199769
leaf_count=496 13224
internal_value=-0.00206125
internal_weight=261.397
internal_count=13720
is_linear=0
shrinkage=0.05


Tree=334
num_leaves=8
num_cat=0
split_feature=12 14 12 6 0 0 0
split_gain=173.443 42.8678 1.29572 1.78571 0.234425 0.373318 0.133568
threshold=9.5000000000000018 1.0000000180025095e-35 11.500000000000002 18.500000000000004 0.12768299877643588 0.13456099480390551 0.16091050207614901
decision_type=2 2 2 2 2 2 2
left_child=1 -1 3 -2 -3 -6 -7
right_child=2 4 -4 -5 5 6 -8
leaf_value=-0.044330755164749283 0.010689153089277481 0.046300501871065922 -0.044918999817722773 -0.042428094661694282 0.038150151762386626 0.010750954743953552 -0.024961114707450258
leaf_weight=14.482066700235007 2.5717920856550327 127.59256975352764 118.49109639599919 3.4627728294581175 1.049916386604308 0.3404739350080489 0.36041334085166454
leaf_count=971 10 513 11960 235 4 2 25
internal_value=-0.000527796 0.0368448 -0.0437277 -0.0191705 0.0459996 0.0200521 -0.00219371
internal_weight=268.351 143.825 124.526 6.03456 129.343 1.7508 0.700887
internal_count=13720 1515 12205 245 544 31 27
is_linear=0
shrinkage=0.05


Tree=335
num_leaves=31
num_cat=0
split_feature=10 14 7 11 6 6 15 6 6 6 7 6 7 7 7 3 3 11 7 12 12 4 3 11 3 7 3 6 3 11
split_gain=144.539 22.3052 21.2408 15.0178 2.5451 2.42903 2.10839 1.61191 2.25246 2.15531 1.60832 1.58216 1.45542 1.30333 1.28608 1.11365 1.10466 1.41506 1.34466 1.0217 1.30165 0.966272 0.938577 0.934127 0.852178 0.848051 1.61735 0.846184 0.78436 0.776312
threshold=1.0000000180025095e-35 1.0000000180025095e-35 5.5000000000000009 8.5000000000000018 22.500000000000004 43.500000000000007 1.0000000180025095e-35 45.500000000000007 51.500000000000007 52.500000000000007 35.500000000000007 41.500000000000007 27.500000000000004 36.500000000000007 37.500000000000007 0.039501499384641654 0.038386998698115356 3.5000000000000004 20.500000000000004 38.500000000000007 39.500000000000007 0.99022850394248974 0.039655499160289771 2.5000000000000004 0.039001500234007842 16.500000000000004 0.03913450054824353 61.500000000000007 0.040200499817729003 1.5000000000000002
decision_type=2 2 2 2 2 2 2 2 2 2 2 2 2 2 2 2 2 2 2 2 2 2 2 2 2 2 2 2 2 2
left_child=1 2 -1 4 -4 6 12 10 -9 -10 23 19 15 -3 29 16 -6 18 24 -8 -21 -17 -23 28 -18 -26 -27 -16 -7 -11
right_child=-2 13 3 -5 5 7 11 8 9 14 -12 -13 -14 -15 27 21 17 -19 -20 20 -22 22 -24 -25 25 26 -28 -29 -30 -31
leaf_value=-0.044701168263201807 0.046297820633970699 -0.044414562535206453 -0.028580214276491319 -0.044352330054689096 0.038536695449791776 0.0057677554204656756 -0.05232642560447396 0.031127358285849741 -0.038825755027937531 0.026250344635494999 0.02458068227309582 0.035423757525003007 0.046112843931794642 -0.012477858204610748 0.044540676791443072 0.055858329702976765 -0.038687880353219989 -0.050205156282355792 0.036130090859981714 0.073586264643863697 -0.03247050366922679 -0.044312043289567747 0.023522001691356709 -0.074112499626246095 0.033264112818257613 0.025959174704619808 -0.055093267633831794 -0.0090030035096433734 -0.0561785884837534 -0.02892565032104303
leaf_weight=31.483221703208983 112.32915645092726 85.05704755615443 3.3803232535719863 13.673941661603747 2.007003152742981 1.1900947168469458 1.9653435116633766 6.1842078827321521 3.3902970980852825 0.71054551750421557 0.97884845733642567 1.0701321475207803 6.7903757095336905 3.8755553085356942 2.5902781682088976 2.5621221177279976 1.4782394869253019 1.190141470171511 2.4744771383702755 0.36281748581677664 0.63327697012573481 0.38268082682043569 22.505105108954012 1.4179654093459246 1.4865508703514936 1.0718474537134173 1.1151389628648756 0.78013666626065958 0.65324068162590254 2.1836986634880304
leaf_count=510 1974 8470 129 1539 14 13 71 67 30 4 15 11 95 259 29 16 21 23 30 9 43 10 216 26 14 6 11 12 10 43
internal_value=0.000733615 -0.0242625 -0.00972088 0.00333233 0.0126944 0.0148851 0.0210831 6.75697e-05 0.0076679 -0.00701088 -0.0266941 -0.0124346 0.0243584 -0.0430945 0.00976055 0.0200329 0.00591684 -0.00129705 0.00623935 -0.0319539 0.00478712 0.0257938 0.0219825 -0.0438447 -0.00758016 0.00430615 -0.0137849 0.0308041 -0.0153731 -0.0132856
internal_weight=316.974 204.645 115.712 84.2288 70.5549 67.1746 47.0953 20.0793 15.8392 9.65496 4.24015 4.03157 43.0637 88.9326 6.26466 36.2733 10.8234 8.8164 7.62625 2.96144 0.996094 25.4499 22.8878 3.2613 5.15178 3.67354 2.18699 3.37041 1.84334 2.89424
internal_count=13720 11746 3017 2507 968 839 590 249 185 118 64 134 456 8729 88 361 119 105 82 123 52 242 226 49 52 31 17 41 23 47
is_linear=0
shrinkage=0.05


Tree=336
num_leaves=31
num_cat=0
split_feature=8 5 15 10 0 13 11 12 6 0 6 6 6 3 3 3 3 6 12 3 0 11 11 7 4 3 12 6 6 6
split_gain=143.305 16.6883 17.8335 23.611 6.30082 4.15294 2.44475 2.44907 1.72746 1.52439 1.35061 2.51181 1.66129 1.13681 1.16365 1.00492 1.25079 1.17355 1.17012 1.13738 1.00017 0.998473 2.28385 1.11745 1.09666 1.18455 0.981489 1.7111 1.56222 1.57855
threshold=1.0000000180025095e-35 1.0000000180025095e-35 1.0000000180025095e-35 1.0000000180025095e-35 0.73145151138305675 1.0000000180025095e-35 3.5000000000000004 103.50000000000001 26.500000000000004 0.081884998828172698 43.500000000000007 46.500000000000007 41.500000000000007 0.040677499026060111 0.040981499478220947 0.041380500420928008 0.039081498980522163 40.500000000000007 19.500000000000004 0.038386998698115356 0.3559699952602387 7.5000000000000009 8.5000000000000018 27.500000000000004 1.008294999599457 0.040479499846696861 10.500000000000002 28.500000000000004 28.500000000000004 30.500000000000004
decision_type=2 2 2 2 2 2 2 2 2 2 2 2 2 2 2 2 2 2 2 2 2 2 2 2 2 2 2 2 2 2
left_child=1 -1 3 4 5 6 8 21 13 -2 12 -12 15 -3 -15 16 19 18 26 -10 -13 24 -23 -24 -8 -26 27 -18 -28 -30
right_child=9 2 -4 -5 -6 -7 7 -9 10 -11 11 20 -14 14 -16 -17 17 -19 -20 -21 -22 22 23 -25 25 -27 28 -29 29 -31
leaf_value=-0.044230208125070128 -0.029757199067809565 0.048518359434721041 -0.044746192515555609 -0.044688765761838591 -0.043355049052030303 -0.044240918665325972 0.053378409506754244 -0.037628031464653683 -0.016026556306685261 0.046078454185369461 0.063603200229733522 0.043927026376050587 -0.041759533074199773 -0.041376579772724145 0.040396053832578063 0.037543539915666731 0.088796191752913339 0.065989176584506842 0.044954807404783269 0.052448202172077345 -0.011464005229794662 -0.015958974882672762 0.045202676397488338 -0.033887197063338391 -0.012515940223929012 0.0350146268775356 -0.047149229464156298 -0.0094731682506493803 0.054353435061983715 -0.016518911077988564
leaf_weight=71.789473131299019 0.52293439209461112 4.2188662048429277 33.657221672125161 23.715831059031188 4.4065782986581317 2.4540603607892981 9.8289627600461333 1.0779461106285442 0.70513911359013137 112.7060413248837 2.425648668780922 0.95123438350856293 2.20366671308875 0.78848705440759637 0.75058555789291859 1.8169563692063082 0.47734172083437032 0.40565857663750726 0.73763724975287992 1.7455497216433284 3.4913476314395666 2.8310528937727204 4.8051732601597905 0.34591158106923092 1.3946684766560773 6.6909517552703619 3.7155673187226039 1.5832040440291164 0.82468895986676205 4.7500421479344368
leaf_count=1514 7 70 3702 1470 263 82 303 61 8 5536 43 17 29 7 16 21 6 7 9 25 45 39 88 6 30 193 20 27 12 64
internal_value=0.00094226 -0.0250617 -0.0137882 -0.00200642 0.0134333 0.0176803 0.0204311 0.031564 0.0106979 0.0456581 0.00489298 0.0237716 -0.00177036 0.0353609 0 0.00340695 -0.000632909 -0.00741727 -0.010812 0.0309297 1.40283e-06 0.0347701 0.0185396 0.0383952 0.0415812 0.0261526 -0.0152336 0.0140337 -0.0223378 -0.00438037
internal_weight=307.818 194.589 122.8 89.1428 65.4269 61.0203 58.5663 26.9747 31.5916 113.229 25.8337 6.86823 18.9655 5.75794 1.53907 16.7618 14.9448 12.4941 12.0885 2.45069 4.44258 25.8967 7.98214 5.15108 17.9146 8.08562 11.3508 2.06055 9.2903 5.57473
internal_count=13720 8177 6663 2961 1491 1228 1146 720 426 5543 333 105 228 93 23 199 178 145 138 33 62 659 133 94 526 223 129 33 96 76
is_linear=0
shrinkage=0.05


Tree=337
num_leaves=31
num_cat=0
split_feature=15 12 13 6 6 11 16 12 1 10 11 6 8 5 3 12 12 11 11 5 12 11 11 11 12 3 12 12 6 12
split_gain=177.165 17.4147 4.24931 3.27715 8.39672 2.8928 1.79213 1.29126 1.2261 1.1605 0.993947 1.7275 0.828012 0.732274 0.708106 0.707463 0.984718 0.690108 0.673087 1.35214 1.09476 0.642837 1.57212 1.28414 0.527284 0.411345 0.383911 0.562843 0.376663 0.29982
threshold=1.0000000180025095e-35 103.50000000000001 1.0000000180025095e-35 51.500000000000007 52.500000000000007 5.5000000000000009 1.0000000180025095e-35 66.500000000000014 0.089999999850988402 1.0000000180025095e-35 6.5000000000000009 41.500000000000007 1.0000000180025095e-35 1.5000000000000002 0.040033500641584403 38.500000000000007 39.500000000000007 3.5000000000000004 6.5000000000000009 1.5000000000000002 38.500000000000007 2.5000000000000004 4.5000000000000009 5.5000000000000009 35.500000000000007 0.040283499285578735 87.500000000000014 88.500000000000014 54.500000000000007 49.500000000000007
decision_type=2 2 2 2 2 2 2 2 2 2 2 2 2 2 2 2 2 2 2 2 2 2 2 2 2 2 2 2 2 2
left_child=1 2 3 18 6 -4 -5 -6 10 -7 11 15 -12 -3 17 -2 -17 -8 -1 26 24 -13 -23 28 -21 -16 -20 -28 -24 -22
right_child=8 13 5 4 7 9 14 -9 -10 -11 12 21 -14 -15 25 16 -18 -19 19 20 29 22 23 -25 -26 -27 27 -29 -30 -31
leaf_value=-0.04410112465393673 0.051270792892069011 0 -0.041647740462783578 -0.032053066055068496 -0.04422447345876112 0.049245053534297707 0.091266753637781292 0.019865770085211159 -0.027550172203709186 -0.027784103923629684 0.046439940419746958 -0.035497021077650175 -0.020908796551696866 0.045498629093602888 -0.019991587356443716 -0.038504699552274174 0.038654349641143587 0.016089266342467778 -0.04454240159785805 -0.0099048761613202887 -0.036566422114972116 0.050732439571319593 0 0.038899068484637818 0.066521501859569593 0.033678935490583713 0.050472052585022104 -0.032276072697874296 -0.044096015416738465 -0.011671304302739514
leaf_weight=110.55665636621416 6.8729457743465883 0.98423599591478605 1.7650836026296008 0.60083220247179525 11.183132897131141 2.6677094027400021 1.4951118519529707 0.67758395522832948 0.44431592524051566 0.43721518665552128 114.13202563300729 0.63189768791198631 0.30298877507448096 6.4550259821116924 0.26661633420735587 0.5196266397833823 1.0163537599146364 0.65868890145793546 12.67437594756484 0.1703553912229826 2.3280135872773826 1.7178484834730623 0.67529407888650972 0.85954513028264035 0.47686867788434029 1.4420266496017573 0.20205115526914674 0.51210184255614877 1.3698954991996286 4.6725580375641584
leaf_count=6467 131 46 51 41 823 42 19 39 6 15 3489 6 3 175 9 5 24 7 1703 29 183 20 6 14 34 28 4 61 7 233
internal_value=0.00052947 -0.0345222 -0.0381805 -0.0396981 -0.0178772 0.00677935 0.0394296 -0.0400096 0.0442525 0.0363097 0.0445618 0.0302434 0.0461999 0.0394595 0.0523394 0.0442831 0.0087369 0.072228 -0.0423514 -0.0327541 -0.0146867 0.00643389 0.0138548 -0.00725307 0.0410805 0.0218974 -0.0425185 0 -0.0298896 -0.0210526
internal_weight=288.769 160.226 152.787 147.917 16.324 4.87001 4.46328 11.8607 128.543 3.10492 128.098 13.6634 114.435 7.43926 3.86244 8.40893 1.53598 2.1538 131.593 21.0363 7.6478 5.25448 4.62258 2.90473 0.647224 1.70864 13.3885 0.714153 2.04519 7.00057
internal_count=13720 10009 9788 9680 966 108 104 862 3711 57 3705 213 3492 221 63 160 29 26 8714 2247 479 53 47 27 63 37 1768 65 13 416
is_linear=0
shrinkage=0.05


Tree=338
num_leaves=1
num_cat=0
split_feature=
split_gain=
threshold=
decision_type=
left_child=
right_child=
leaf_value=0
leaf_weight=
leaf_count=17101
internal_value=
internal_weight=
internal_count=
is_linear=0
shrinkage=1


Tree=339
num_leaves=1
num_cat=0
split_feature=
split_gain=
threshold=
decision_type=
left_child=
right_child=
leaf_value=0
leaf_weight=
leaf_count=17101
internal_value=
internal_weight=
internal_count=
is_linear=0
shrinkage=1


Tree=340
num_leaves=1
num_cat=0
split_feature=
split_gain=
threshold=
decision_type=
left_child=
right_child=
leaf_value=0
leaf_weight=
leaf_count=17101
internal_value=
internal_weight=
internal_count=
is_linear=0
shrinkage=1


Tree=341
num_leaves=1
num_cat=0
split_feature=
split_gain=
threshold=
decision_type=
left_child=
right_child=
leaf_value=0
leaf_weight=
leaf_count=17101
internal_value=
internal_weight=
internal_count=
is_linear=0
shrinkage=1


Tree=342
num_leaves=2
num_cat=0
split_feature=0
split_gain=198.952
threshold=0.042222999967634685
decision_type=2
left_child=-1
right_child=-2
leaf_value=0.046187234462659738 -0.044886115215417355
leaf_weight=112.93813735246658 127.61078640958294
leaf_count=496 13224
internal_value=-0.00210482
internal_weight=240.549
internal_count=13720
is_linear=0
shrinkage=0.05


Tree=343
num_leaves=8
num_cat=0
split_feature=12 14 12 6 0 0 0
split_gain=158.652 39.2404 1.25663 1.65482 0.21819 0.337389 0.114906
threshold=9.5000000000000018 1.0000000180025095e-35 11.500000000000002 18.500000000000004 0.12768299877643588 0.13456099480390551 0.16091050207614901
decision_type=2 2 2 2 2 2 2
left_child=1 -1 3 -2 -3 -6 -7
right_child=2 4 -4 -5 5 6 -8
leaf_value=-0.044235031797258059 0.010191596779949408 0.046117495526598218 -0.044871272204853915 -0.042184857861350511 0.037402829615972417 0.00977406644322165 -0.023831091712147572
leaf_weight=13.331188274547456 2.4836937962099901 117.40550388395786 108.97559059783816 3.214988115709275 0.9736645221710194 0.32549631223082542 0.33801828604191542
leaf_count=971 10 513 11960 235 4 2 25
internal_value=-0.000582897 0.0366775 -0.0436323 -0.0187129 0.0458101 0.019502 -0.00167597
internal_weight=247.048 132.374 114.674 5.69868 119.043 1.63718 0.663515
internal_count=13720 1515 12205 245 544 31 27
is_linear=0
shrinkage=0.05


Tree=344
num_leaves=31
num_cat=0
split_feature=10 14 7 11 15 11 11 7 7 3 7 3 3 7 4 3 3 3 4 12 3 12 7 3 3 12 12 3 3 4
split_gain=131.088 21.0102 19.5924 13.579 2.12719 1.66753 2.33647 1.64461 1.41148 1.34884 1.33171 1.30165 1.30056 1.28002 1.1859 1.40401 0.936888 0.773358 0.857367 0.709895 0.926029 0.801891 0.816043 0.952738 0.716115 0.651385 0.785838 0.880613 0.669841 0.652356
threshold=1.0000000180025095e-35 1.0000000180025095e-35 5.5000000000000009 8.5000000000000018 1.0000000180025095e-35 7.5000000000000009 4.5000000000000009 26.500000000000004 22.500000000000004 0.039432499557733543 36.500000000000007 0.039610499516129501 0.039310500025749213 8.5000000000000018 0.96219998598098766 0.038311500102281577 0.040571499615907676 0.039067499339580543 1.0180439949035647 22.500000000000004 0.041351500898599632 8.5000000000000018 17.500000000000004 0.040341500192880637 0.041638500988483436 11.500000000000002 13.500000000000002 0.040210500359535224 0.039232499897480018 0.9713684916496278
decision_type=2 2 2 2 2 2 2 2 2 2 2 2 2 2 2 2 2 2 2 2 2 2 2 2 2 2 2 2 2 2
left_child=1 2 -1 4 5 6 8 -6 9 12 -3 -9 -4 -8 15 -10 -13 -15 -19 20 21 22 23 -11 -22 -16 27 -27 29 -28
right_child=-2 10 3 -5 7 -7 13 11 14 19 -12 16 -14 17 25 -17 -18 18 -20 -21 24 -23 -24 -25 -26 26 28 -29 -30 -31
leaf_value=-0.044634438763563766 0.046073017831979673 -0.044321250927783232 -0.00053863497003074439 -0.044246455832918363 -0.043492095338381671 0.056082537783991915 0.062942830340445816 0.040580915680803305 0.03641419746350185 -0.061313901406512085 -0.011498783502645795 -0.045200194494152718 -0.065422484084407359 0.0131835501437997 0.041266766320958569 -0.047598926335943703 0.014435983104194791 -0.046736181609617976 -0.0017958998347541639 -0.016138613819838485 -0.046573288618637416 0.025962452344630873 0.037628809715470335 0.0032639212724180685 0.0083737784696311605 0.03236262113491295 0.033775501568126774 -0.039999075312188354 0.031347343180619901 -0.017081704037659861
leaf_weight=28.89030249370262 103.48821916989982 78.155094389803708 6.3260652255266931 12.566043416969476 2.7378921015188089 2.3587851589545599 0.36642176751047273 1.5519213369116189 0.72283131629228847 0.73884889110923868 3.7378298966214052 1.2532706754282119 0.80795897636562575 1.075690137222409 7.9573844820261028 1.066370155662298 1.0387070216238496 2.9366142293438315 2.0157328136265278 1.4429150698706497 0.81651629041880314 15.444733310490845 0.78729577362537373 1.3647175766527651 1.3205628702417014 0.55215407535433658 0.90428176522254888 0.94586677849292755 10.179292680695651 1.5632833912968633
leaf_count=510 1974 8470 74 1539 160 18 6 24 8 8 259 25 12 18 116 11 20 59 29 30 12 143 8 10 18 8 10 11 116 14
internal_value=0.000736303 -0.0237332 -0.00935754 0.00322705 0.0120895 0.0150135 0.0132052 -0.0143852 0.0166987 0.00897996 -0.0429 0.00565601 -0.00938098 -0.0147605 0.025799 -0.0108804 -0.0166096 -0.0212498 -0.0298316 0.0151994 0.0177189 0.021443 -0.00109149 -0.0189023 -0.0115283 0.0290291 0.0215522 -0.00984236 0.0257112 0.000198011
internal_weight=295.114 191.625 109.732 80.8422 68.2761 61.6943 59.3355 6.58179 52.9411 29.0496 81.8929 3.8439 7.13402 6.39446 23.8915 1.7892 2.29198 6.02804 4.95235 21.9156 20.4727 18.3356 2.89086 2.10357 2.13708 22.1023 14.1449 1.49802 12.6469 2.46757
internal_count=13720 11746 3017 2507 968 739 721 229 609 315 8729 69 86 112 294 19 45 106 88 229 199 169 26 18 30 275 159 19 140 24
is_linear=0
shrinkage=0.05


Tree=345
num_leaves=31
num_cat=0
split_feature=16 5 15 14 14 12 0 0 6 12 6 12 12 12 12 6 12 3 12 4 11 0 0 3 6 3 3 3 0 6
split_gain=83.6978 28.6707 26.9821 14.1382 13.5132 5.48168 4.65366 4.32714 1.93923 1.76928 2.00454 1.57099 1.36996 1.4194 1.56728 1.34189 1.07086 0.977391 0.959307 1.00647 1.34519 0.847733 0.892021 1.62674 0.835634 0.954202 0.829578 1.39755 0.992589 1.24575
threshold=1.0000000180025095e-35 1.0000000180025095e-35 1.0000000180025095e-35 1.0000000180025095e-35 1.0000000180025095e-35 9.5000000000000018 0.73145151138305675 0.5433734953403474 24.500000000000004 6.5000000000000009 30.500000000000004 51.500000000000007 10.500000000000002 53.500000000000007 51.500000000000007 24.500000000000004 166.50000000000003 0.039081498980522163 26.500000000000004 1.0346699953079226 2.5000000000000004 0.28539800643920904 0.3559699952602387 0.040377499535679824 26.500000000000004 0.040753500536084182 0.040129499509930618 0.040220499038696296 0.47751800715923315 30.500000000000004
decision_type=2 2 2 2 2 2 2 2 2 2 2 2 2 2 2 2 2 2 2 2 2 2 2 2 2 2 2 2 2 2
left_child=4 -2 3 5 8 9 12 16 -1 10 15 -9 -7 14 17 -3 -5 -14 19 21 -21 -19 23 -23 25 -24 -26 -28 -29 -30
right_child=1 2 -4 7 -6 6 -8 11 -10 -11 -12 -13 13 -15 -16 -17 -18 18 -20 20 -22 22 24 -25 26 -27 27 28 29 -31
leaf_value=0.040000975519748211 -0.044003639526626122 0.0038662475006433078 -0.044160281237075098 0.043578661426348392 0.046411398575179369 0.060877402269637983 -0.04328500506707636 0.019550422100546874 -0.03806397165607181 -0.038774713303052551 -0.030528842623156988 -0.030979512190593608 0.024891638498747676 0.040249063952225841 -0.05473872262025168 0.099194706697360954 -0.029955291873195053 0.037718915178261508 0.018035590596733826 0.055625446967273451 -0.01141070201761508 0.0050992667140156694 0.044988520224867955 -0.066318210555170995 -0.020402503955060259 -0.01993094421761454 0.057515428575302112 0.014908265273774871 0.026871242485080288 -0.037720064290424994
leaf_weight=0.77715731225907703 66.330743882805109 1.2582374764606381 31.080666359048337 28.950869664549831 83.31468634493649 1.1688642585650075 4.5900834146887055 3.1103429282084099 5.7427943842485547 12.492450647056101 2.3799055013805628 2.797699885442853 5.9602650348097077 2.9816722907125941 0.9657580703496923 0.51328715682029713 0.35701028164476056 0.91685307770968449 7.630187911912798 1.5349520454183214 1.1401658821851013 1.2551977112889319 1.5715213362127571 1.595318431034684 7.2480217516422254 0.66019860096275795 0.92095641605556 3.1060558408498764 0.81303751468658481 2.9850500542670488
leaf_count=12 1522 15 3704 1458 4435 28 292 104 225 791 110 185 140 61 5 6 11 24 145 31 22 19 34 11 157 9 15 43 8 98
internal_value=0.000999093 -0.0172751 -0.00357379 0.00916178 0.040964 -0.00483241 0.00381047 0.0345539 -0.0275399 -0.0294371 0 -0.00366272 0.00910962 0.0073796 0.0045926 0.037983 0.0424141 0.0064029 0.00266413 -0.00212008 0.0258705 -0.00601505 -0.00842772 -0.0340686 -0.00374531 0.0236082 -0.0082537 0.00248371 -0.00485957 -0.022276
internal_weight=286.15 196.315 129.985 98.904 89.8346 63.688 47.0442 35.2159 6.51995 16.6439 4.15143 5.90804 42.4541 41.2852 38.3035 1.77152 29.3079 37.3378 31.3775 23.7473 2.67512 21.0722 20.1554 2.85052 17.3048 2.23172 15.0731 7.8251 6.90414 3.79809
internal_count=13720 9048 7526 3822 4672 2064 1142 1758 237 922 131 289 850 822 761 21 1469 756 616 471 53 418 394 30 364 43 321 164 149 106
is_linear=0
shrinkage=0.05


Tree=346
num_leaves=31
num_cat=0
split_feature=15 11 7 10 6 6 6 7 12 11 12 13 13 12 1 11 7 12 16 11 7 3 6 7 11 6 7 12 12 11
split_gain=160.976 15.8768 4.39619 4.08155 4.92601 4.59484 2.76222 1.99412 1.57727 1.51327 1.36023 1.2844 1.23632 1.16673 1.12454 1.03238 2.19337 0.966909 0.900066 0.755328 0.689717 0.88066 0.545551 0.514159 0.571147 0.512938 0.475294 0.464384 0.988913 0.460222
threshold=1.0000000180025095e-35 14.500000000000002 16.500000000000004 1.0000000180025095e-35 51.500000000000007 52.500000000000007 22.500000000000004 8.5000000000000018 23.500000000000004 6.5000000000000009 38.500000000000007 1.0000000180025095e-35 1.0000000180025095e-35 103.50000000000001 0.089999999850988402 6.5000000000000009 35.500000000000007 43.500000000000007 1.0000000180025095e-35 4.5000000000000009 18.500000000000004 0.04006250016391278 54.500000000000007 22.500000000000004 9.5000000000000018 29.500000000000004 27.500000000000004 38.500000000000007 39.500000000000007 5.5000000000000009
decision_type=2 2 2 2 2 2 2 2 2 2 2 2 2 2 2 2 2 2 2 2 2 2 2 2 2 2 2 2 2 2
left_child=1 2 12 4 6 8 -4 -3 -6 -8 18 23 -1 20 15 16 27 -7 -11 -18 21 25 -21 -12 -25 -9 -19 -2 -29 -14
right_child=14 7 3 -5 5 17 9 13 -10 10 11 -13 29 -15 -16 -17 19 26 -20 22 -22 -23 -24 24 -26 -27 -28 28 -30 -31
leaf_value=-0.044621268341364026 0.046686649800589071 -0.042237892094494606 0.045286352334949626 -0.042338425884895572 0.094246102134200829 -0.040165302967371107 -0.04141214258240819 0.04405513013371494 0.014261593839744319 -0.0074757179277327931 -0.047527420569059356 0.038656423293928203 -0.025213141519320414 0.044000059749614163 -0.026508691350617272 0.04600119602686422 0.026182574162581119 -0.021329611896707571 0.10534068555398271 0.004212077825597643 0.036775899332282654 -0.04645683663099387 -0.041321735989624374 -0.029550761407648764 0.030907855540981882 -0.025551394647227554 0.041301148280792774 -0.035324002566946046 0.039404161344011292 0.037564245620614806
leaf_weight=99.966099847573787 7.9249513670802099 0.83868464315310021 1.1811879090964819 16.332390587776899 2.0972653888165946 1.7038160245865586 9.64463496301323 0.61163285747170293 1.1378174517303703 0.15308666462078591 1.7932384908199317 0.70692066848278035 0.34872164204716583 6.6001165923662484 0.41452606022357841 105.3784263189882 1.0867596790194505 0.29522247612476338 0.32613411452621222 0.84310811012983355 0.94697080692276348 0.92494340799748898 1.3584518171846864 0.86794723290950038 0.52312210947275162 0.24363764794543386 0.69085636455565691 0.53649902343749989 1.1534247398376463 0.56622501462697983
leaf_count=7323 154 127 13 1099 21 159 661 17 16 26 134 12 9 193 6 3492 10 36 9 8 25 46 7 25 14 26 11 5 29 7
internal_value=0.000532094 -0.0341359 -0.038583 -0.0235626 -0.00867722 0.0292979 -0.0239052 0.0256786 0.0688849 -0.0303704 -0.00450403 -0.0158178 -0.0440812 0.0326991 0.0439395 0.0442508 0.0293269 -0.0172829 0.0656006 -0.00449217 0.00299178 -0.0133203 -0.0222863 -0.0302423 -0.00291349 0.0183934 0.017709 0.041335 0.0122388 0.00858425
internal_weight=267.197 148.501 138.335 37.4536 21.1212 5.92498 15.1963 10.166 3.23508 14.0151 4.37045 3.89123 100.881 9.3273 118.696 118.282 12.9032 2.68989 0.479221 3.28832 2.72718 1.78021 2.20156 3.18431 1.39107 0.855271 0.986079 9.61488 1.68992 0.914947
internal_count=13720 10009 9575 2236 1137 243 894 434 37 881 220 185 7339 307 3711 3705 213 206 35 25 114 89 15 173 39 43 47 188 34 16
is_linear=0
shrinkage=0.05


Tree=347
num_leaves=1
num_cat=0
split_feature=
split_gain=
threshold=
decision_type=
left_child=
right_child=
leaf_value=0
leaf_weight=
leaf_count=17101
internal_value=
internal_weight=
internal_count=
is_linear=0
shrinkage=1


Tree=348
num_leaves=1
num_cat=0
split_feature=
split_gain=
threshold=
decision_type=
left_child=
right_child=
leaf_value=0
leaf_weight=
leaf_count=17101
internal_value=
internal_weight=
internal_count=
is_linear=0
shrinkage=1


Tree=349
num_leaves=1
num_cat=0
split_feature=
split_gain=
threshold=
decision_type=
left_child=
right_child=
leaf_value=0
leaf_weight=
leaf_count=17101
internal_value=
internal_weight=
internal_count=
is_linear=0
shrinkage=1


Tree=350
num_leaves=1
num_cat=0
split_feature=
split_gain=
threshold=
decision_type=
left_child=
right_child=
leaf_value=0
leaf_weight=
leaf_count=17101
internal_value=
internal_weight=
internal_count=
is_linear=0
shrinkage=1


Tree=351
num_leaves=2
num_cat=0
split_feature=0
split_gain=182.263
threshold=0.042222999967634685
decision_type=2
left_child=-1
right_child=-2
leaf_value=0.046023828035445614 -0.044842954718843114
leaf_weight=103.90860188007355 117.45287765213288
leaf_count=496 13224
internal_value=-0.00216536
internal_weight=221.361
internal_count=13720
is_linear=0
shrinkage=0.05


Tree=352
num_leaves=8
num_cat=0
split_feature=12 14 12 6 0 0 0
split_gain=145.154 35.9449 1.21758 1.53335 0.2031 0.304496 0.0981955
threshold=9.5000000000000018 1.0000000180025095e-35 11.500000000000002 18.500000000000004 0.12768299877643588 0.13456099480390551 0.16091050207614901
decision_type=2 2 2 2 2 2 2
left_child=1 -1 3 -2 -3 -6 -7
right_child=2 4 -4 -5 5 6 -8
leaf_value=-0.044139278903152494 0.0097126054735709368 0.045948559188843691 -0.044826916808106361 -0.041933777087390593 0.036633934919763723 0.0088193764777094105 -0.022674604748088641
leaf_weight=12.27725364314392 2.3974213683977714 107.97586095333099 100.26978306705132 2.9867636049166322 0.90304911136627086 0.31128119677305222 0.31709670647978783
leaf_count=971 10 513 11960 235 4 2 25
internal_value=-0.000654521 0.0365142 -0.0435393 -0.0182677 0.0456342 0.0189499 -0.00113987
internal_weight=227.439 121.785 105.654 5.38418 109.507 1.53143 0.628378
internal_count=13720 1515 12205 245 544 31 27
is_linear=0
shrinkage=0.05


Tree=353
num_leaves=31
num_cat=0
split_feature=10 14 0 15 6 6 0 0 3 3 6 6 0 3 0 0 3 6 6 3 0 0 6 3 6 3 0 0 0 6
split_gain=119.328 19.7018 17.7418 11.0766 2.17622 2.14994 2.15847 1.42997 1.4795 1.46678 1.37909 1.27442 1.19871 1.04127 0.897917 0.864256 0.745932 0.702268 2.2318 0.68197 0.540926 0.732969 1.34023 1.01448 0.522639 0.518633 0.484221 0.888108 0.462843 0.45571
threshold=1.0000000180025095e-35 1.0000000180025095e-35 0.15401049703359607 1.0000000180025095e-35 51.500000000000007 22.500000000000004 0.6894265115261079 0.66413798928260814 0.039432499557733543 0.038311500102281577 52.500000000000007 41.500000000000007 0.62865349650383007 0.04043450020253659 0.15727899968624118 0.65787699818611156 0.040595499798655517 43.500000000000007 46.500000000000007 0.039970500394701965 0.62865349650383007 0.5694749951362611 30.500000000000004 0.041638500988483436 38.500000000000007 0.040693499147892005 0.28539800643920904 0.3520949929952622 0.3520949929952622 42.500000000000007
decision_type=2 2 2 2 2 2 2 2 2 2 2 2 2 2 2 2 2 2 2 2 2 2 2 2 2 2 2 2 2 2
left_child=1 2 -1 4 5 16 7 8 9 -7 -6 -5 -12 -9 -10 -13 -4 20 19 -19 21 26 23 -23 -15 -18 -16 -28 -20 -3
right_child=-2 29 3 11 10 6 -8 13 14 -11 12 15 -14 24 17 -17 25 18 28 -21 -22 22 -24 -25 -26 -27 27 -29 -30 -31
leaf_value=-0.044501064422855813 0.045875020720758122 -0.044753977537070479 -0.047455630478003247 -0.041492680094388314 -0.034864735805897017 0.035190043477855135 0.039168688677480114 0.008264690756805965 0.10487643140764585 -0.011191343684126605 -0.01371767330137709 -0.040245856507542241 0.036602566568247265 -0.088410326049515764 -0.024378032297018307 0.0044745804809825981 0.039221415947320523 0.0017094824753136598 0 -0.050942417098653991 0.044880006374511033 -0.053834345086893248 0.030044991669462007 0.017409617703873771 -0.012189488788144066 -0.021196579908952438 0.056193451672958632 0.020518679016650328 0.046647098195228005 -0.031996197845472384
leaf_weight=26.321886579971761 95.62276715785265 62.585923670558259 1.5264859781600528 12.177826389670374 3.4146260842680913 2.0789552652277035 10.543389940634368 1.107789610512554 0.25473922491073864 7.655231399461627 2.7366841654293239 1.4202620908617962 1.8620924660935996 0.54106273129582383 0.31206265464426408 3.1749518010765314 0.49499034183099844 0.69800179824233 0.49940804857760701 1.5229227915406225 3.023775426670908 1.2723104991018765 1.784124784171581 0.58896878547966469 0.68904621992260218 0.74885224364697933 2.2357595004141357 13.835032521747051 1.8457299806177614 12.853916448540984
leaf_count=502 1974 7335 63 1390 30 17 178 16 1 102 52 131 32 7 13 157 4 8 8 24 24 18 21 4 7 30 16 148 14 1394
internal_value=0.000755869 -0.0232232 -0.00907559 0.00284986 0.0127692 0.0164604 0.0188808 0.0133165 0.0157682 -0.000520015 -0.0110473 -0.0329502 0.00593876 -0.0230988 0.0216169 -0.00884522 -0.0250293 0.020293 0.00116236 -0.0328798 0.0238449 0.0202135 0 -0.0290029 -0.0536006 0.000255684 0.0247007 0.0261077 0.0354725 -0.0426917
internal_weight=275.43 179.807 104.367 78.0451 61.272 53.2586 50.4883 39.9449 37.607 9.73419 8.0134 16.773 4.59878 2.3379 27.8728 4.59521 2.77033 27.6181 4.56606 2.22092 23.052 20.0283 3.6454 1.86128 1.23011 1.24384 16.3829 16.0708 2.34514 75.4398
internal_count=13720 11746 3017 2515 837 723 626 448 418 119 114 1678 84 30 299 288 97 298 54 32 244 220 43 22 14 34 177 164 22 8729
is_linear=0
shrinkage=0.05


Tree=354
num_leaves=31
num_cat=0
split_feature=8 5 15 10 0 13 6 12 16 12 3 3 6 0 3 16 7 12 0 6 12 12 6 6 6 12 6 6 3 3
split_gain=117.64 15.24 15.6724 20.2289 5.37034 3.66502 1.75842 1.2682 1.65441 1.40341 1.3032 1.5697 1.27712 1.26614 1.20528 1.01134 1.00879 1.26432 0.902904 1.09325 0.766013 2.08493 1.47521 2.64499 2.50646 2.05323 1.35809 0.959862 0.877286 1.47359
threshold=1.0000000180025095e-35 1.0000000180025095e-35 1.0000000180025095e-35 1.0000000180025095e-35 0.73145151138305675 1.0000000180025095e-35 23.500000000000004 18.500000000000004 1.0000000180025095e-35 107.50000000000001 0.037744499742984779 0.040377499535679824 28.500000000000004 0.081884998828172698 0.041128499433398254 1.0000000180025095e-35 9.5000000000000018 44.500000000000007 0.4469559937715531 32.500000000000007 9.5000000000000018 10.500000000000002 28.500000000000004 27.500000000000004 30.500000000000004 16.500000000000004 28.500000000000004 24.500000000000004 0.039540499448776252 0.039610499516129501
decision_type=2 2 2 2 2 2 2 2 2 2 2 2 2 2 2 2 2 2 2 2 2 2 2 2 2 2 2 2 2 2
left_child=1 -1 3 4 5 6 -3 8 -8 10 -9 16 14 -2 15 -13 17 -12 -14 -20 26 -22 23 25 -24 -23 27 -10 -26 -30
right_child=13 2 -4 -5 -6 -7 7 9 20 -11 11 12 18 -15 -16 -17 -18 -19 19 -21 21 22 24 -25 28 -27 -28 -29 29 -31
leaf_value=-0.044023160707315517 -0.027566999101992003 0.039652328800341544 -0.044604815733373625 -0.044542886020149275 -0.043008858785329299 -0.04380181869449451 -0.024270076686206767 -0.053282605239818592 -0.0079629254963422928 -0.035054124658490927 0.039198287831973683 0.02474755455767071 0.04669049411073814 0.045683056725980671 0.039616137685943825 -0.057586924881694812 0.04808902671562823 -0.039734519418455849 0.053898242271063324 -0.0062604626737095756 0.088921197995928361 0.062582839845195401 0.10678957968739732 -0.045991485588292948 0.037302737556653032 -0.030863069609858209 -0.024385806195050156 0.069053649814401805 -0.050389961081598156 0.013911502122754446
leaf_weight=60.522948729805648 0.44686276465654273 9.1922672819346172 28.408652278129011 20.381612516473979 3.8826214116998008 2.2532850494608274 3.402106303721669 0.36306153796613827 0.54822193086147553 0.8018254884518673 1.1084372028708482 0.33255551569163633 2.5364116299897432 95.756194625049829 0.5145158004015683 1.4418002404272556 9.4026783136650902 0.74987003579735745 0.86085663549602065 3.0560620538890362 0.88496129587292927 1.4331825915724068 0.73774820938706298 2.4468971099704504 3.107015594840048 0.7944854013621806 3.0377039983868599 0.74163192510604858 0.91010857373476017 6.6671019624918699
leaf_count=1514 7 310 3702 1470 263 82 79 3 4 51 49 16 75 5536 14 11 212 12 16 37 12 18 8 14 43 5 50 9 6 92
internal_value=0.00106258 -0.0238565 -0.012685 -0.00146861 0.0128425 0.0167807 0.019425 0.0151861 0.00715691 0.0242465 0.0269853 0.0289487 0.0120318 0.0452626 -0.0183091 -0.0389909 0.0414202 0.00439129 0.0236712 0.00672906 0.0124979 0.0173361 0.0125671 -0.010219 0.0223342 0.0272137 -0.00532109 0.0345044 0.0151028 0.00498113
internal_weight=266.724 170.521 109.998 81.589 61.2074 57.3248 55.0715 45.8792 24.7112 21.1681 20.3662 20.0032 8.7422 96.2031 2.28887 1.77436 11.261 1.85831 6.45333 3.91692 21.3091 16.9815 16.0965 4.67457 11.422 2.22767 4.32756 1.28985 10.6842 7.57721
internal_count=13720 8177 6663 2961 1491 1228 1146 836 340 496 445 442 169 5543 41 27 273 61 128 53 261 198 186 37 149 23 63 13 141 98
is_linear=0
shrinkage=0.05


Tree=355
num_leaves=31
num_cat=0
split_feature=11 13 8 7 11 0 6 6 6 11 0 11 11 0 0 11 4 6 16 7 4 11 4 16 0 0 11 11 0 0
split_gain=113.36 19.8093 14.6863 7.19838 3.11212 2.04737 1.70027 1.57867 2.36109 2.07934 1.28241 1.00843 1.02152 0.86846 0.864433 0.673178 0.646539 0.633561 0.633418 0.4791 0.687127 0.587783 0.600197 0.472461 0.451307 1.06208 0.428031 0.387739 0.348762 0.337789
threshold=9.5000000000000018 1.0000000180025095e-35 1.0000000180025095e-35 17.500000000000004 2.5000000000000004 0.27922199666500097 41.500000000000007 52.500000000000007 50.500000000000007 4.5000000000000009 0.6161324977874757 5.5000000000000009 4.5000000000000009 0.56652751564979564 0.45967900753021246 26.500000000000004 0.97769349813461315 53.500000000000007 1.0000000180025095e-35 19.500000000000004 1.0120750069618227 5.5000000000000009 1.0298799872398379 1.0000000180025095e-35 0.84520250558853161 0.83898451924324047 26.500000000000004 6.5000000000000009 0.73145151138305675 0.71564149856567394
decision_type=2 2 2 2 2 2 2 2 2 2 2 2 2 2 2 2 2 2 2 2 2 2 2 2 2 2 2 2 2 2
left_child=1 3 5 13 14 26 -3 8 9 -6 -11 12 17 -1 16 -4 -5 -8 -7 20 -12 -21 24 -13 25 28 -2 -9 -23 -16
right_child=2 6 15 4 7 18 11 27 -10 10 19 23 -14 -15 29 -17 -18 -19 -20 21 -22 22 -24 -25 -26 -27 -28 -29 -30 -31
leaf_value=-0.043818984714407982 -0.042276182919699583 0.04152999473515797 -0.043583663860996352 0.036604915633807154 -0.032622262109055569 -0.023527367675557246 -0.015915289135424997 -0.038194692489560651 0.045097505945877615 -0.020408083106772012 0.072807542843709203 -0.017469687223874961 -0.044447622408131458 -0.021348316680009617 -0.043983416415742521 0.02048553870322321 -0.019980137062558596 0.031667016837573385 0.044746623615052272 0.046655256666916604 -0.0019820481655850723 -0.020842704290052159 0.052078870224039057 0.039776357505475056 0.026797728846058473 -0.092493113874343502 0.019026195570206437 0 0.016144531301279054 -0.023387186869577151
leaf_weight=86.421793673885986 0.75251491880044241 8.1766320206224901 5.2149814628064624 0.6319118514657015 4.1366624454967704 0.18754884880036016 1.1479951823130243 2.9892117464914914 2.9340861230157307 2.2053680801764113 0.86245573824271538 0.2404863424599174 1.2872088104486468 5.7701264177449039 8.2261947849765402 0.27685268968343724 1.4922753535211084 1.3221420506015418 99.835024050436914 0.98886251868680108 0.26099649351090193 1.1232163403183237 0.45129708386957634 2.0751370629295707 0.73495808523148287 0.27697345614433277 0.22624116577208042 0.8926643207669257 1.2064328249543903 5.0041349632665506
leaf_count=6294 22 222 1051 18 285 9 31 206 43 195 22 8 14 490 586 3 86 20 3537 21 7 34 9 53 20 1 4 51 30 348
internal_value=0.000532171 -0.0288704 0.0394606 -0.0351777 -0.0153759 0.043819 0.0266777 -0.00157248 0.00546726 -0.00391043 0.0103436 0.00552173 -0.00945866 -0.0424914 -0.0320688 -0.0391511 -1.00298e-05 0.00784892 0.0445453 0.0228094 0.052604 0.0138508 0.00303505 0.0312842 -0.00345651 -0.0145092 -0.0230209 -0.0298052 0 -0.0368022
internal_weight=247.352 140.859 106.493 126.61 34.4177 101.001 14.2496 19.0632 15.1813 12.2472 8.11056 6.07297 3.75735 92.1919 15.3545 5.49183 2.12419 2.47014 100.023 5.90519 1.12345 4.78174 3.79288 2.31562 3.34158 2.60662 0.978756 3.88188 2.32965 13.2303
internal_count=13720 9094 4626 8746 1962 3572 348 924 667 624 339 126 65 6784 1038 1054 104 51 3546 144 29 115 94 61 85 65 26 257 64 934
is_linear=0
shrinkage=0.05


Tree=356
num_leaves=1
num_cat=0
split_feature=
split_gain=
threshold=
decision_type=
left_child=
right_child=
leaf_value=0
leaf_weight=
leaf_count=17101
internal_value=
internal_weight=
internal_count=
is_linear=0
shrinkage=1


Tree=357
num_leaves=1
num_cat=0
split_feature=
split_gain=
threshold=
decision_type=
left_child=
right_child=
leaf_value=0
leaf_weight=
leaf_count=17101
internal_value=
internal_weight=
internal_count=
is_linear=0
shrinkage=1


Tree=358
num_leaves=1
num_cat=0
split_feature=
split_gain=
threshold=
decision_type=
left_child=
right_child=
leaf_value=0
leaf_weight=
leaf_count=17101
internal_value=
internal_weight=
internal_count=
is_linear=0
shrinkage=1


Tree=359
num_leaves=1
num_cat=0
split_feature=
split_gain=
threshold=
decision_type=
left_child=
right_child=
leaf_value=0
leaf_weight=
leaf_count=17101
internal_value=
internal_weight=
internal_count=
is_linear=0
shrinkage=1


Tree=360
num_leaves=2
num_cat=0
split_feature=1
split_gain=173.036
threshold=0.089999999850988402
decision_type=2
left_child=-1
right_child=-2
leaf_value=-0.044801704730496605 0.045880109844962588
leaf_weight=108.26962444721721 102.13044223189354
leaf_count=13249 530
internal_value=-0.000759145
internal_weight=210.4
internal_count=13779
is_linear=0
shrinkage=0.05


Tree=361
num_leaves=9
num_cat=0
split_feature=12 14 12 7 0 0 0 0
split_gain=131.731 33.3146 1.8985 1.79137 2.05145 0.116933 0.201934 0.12933
threshold=9.5000000000000018 1.0000000180025095e-35 11.500000000000002 2.5000000000000004 0.094652000814676299 0.12768299877643588 0.13723200559616092 0.14423999935388568
decision_type=2 2 2 2 2 2 2 2
left_child=1 -1 3 4 -2 -3 -7 -8
right_child=2 5 -4 -5 -6 6 7 -9
leaf_value=-0.044059481454200744 -0.037673498226954233 0.045722283089323613 -0.044782595137048846 -0.041728137799966425 0.045510518846645517 0.033787530018042682 0.019705223544377905 -0.021490920440545916
leaf_weight=11.482262307312338 1.0650499612092965 98.0152892395854 93.876267589861527 2.7794977435842156 1.8149635493755338 1.1356608271598805 0.25991645455360401 0.29746135696768761
leaf_count=965 9 507 12014 249 3 6 1 25
internal_value=-0.0012776 0.0360861 -0.0430608 -0.0133512 0.0128387 0.0454006 0.022476 0
internal_weight=210.726 111.191 99.5358 5.65951 2.88001 99.7083 1.69304 0.557378
internal_count=13779 1504 12275 261 12 539 32 26
is_linear=0
shrinkage=0.05


Tree=362
num_leaves=31
num_cat=0
split_feature=10 14 7 12 15 0 12 12 7 7 6 13 6 0 12 12 12 6 12 6 7 6 6 6 6 12 7 0 0 12
split_gain=107.416 21.0939 19.4425 12.4634 2.4608 1.81829 1.83208 2.0722 1.42718 1.37969 1.34609 1.15413 2.06516 2.18539 1.99136 1.62783 1.86813 1.60148 1.4808 1.27838 1.26035 1.45922 1.04832 0.985529 0.885592 0.828916 2.054 0.602156 0.595953 0.537696
threshold=1.0000000180025095e-35 1.0000000180025095e-35 5.5000000000000009 52.500000000000007 1.0000000180025095e-35 0.6894265115261079 43.500000000000007 32.500000000000007 26.500000000000004 18.500000000000004 51.500000000000007 1.0000000180025095e-35 43.500000000000007 0.47251349687576299 17.500000000000004 16.500000000000004 14.500000000000002 27.500000000000004 13.500000000000002 44.500000000000007 10.500000000000002 26.500000000000004 29.500000000000004 41.500000000000007 52.500000000000007 19.500000000000004 21.500000000000004 0.61843499541282665 0.5860080122947694 5.5000000000000009
decision_type=2 2 2 2 2 2 2 2 2 2 2 2 2 2 2 2 2 2 2 2 2 2 2 2 2 2 2 2 2 2
left_child=1 2 -1 4 5 6 7 11 -6 -8 -7 12 15 -14 19 16 17 18 29 28 -17 -22 -10 -24 -12 -23 -27 -18 -15 -4
right_child=-2 -3 3 -5 8 10 9 -9 22 -11 24 -13 13 14 -16 20 27 -19 -20 -21 21 25 23 -25 -26 26 -28 -29 -30 -31
leaf_value=-0.044527548151350758 0.046080483262542764 -0.043191974608637045 0 -0.044203601784465717 -0.043205146712914755 0.040294121488527221 0.07117934947979028 -0.043328954290897614 0.076483485697065964 0.0020311404469280556 -0.028143662718593029 0.048133618192034246 -0.041228686421707683 0.012196627639342005 -0.055610500412662814 0.08212751770368476 -0.04513556313944922 0.021494529080451887 0.070225023710161441 0.040274178692841223 -0.037112173640857782 0.039834991480423444 -0.055750791812259774 0.0081505539778771591 0.031742372187870287 -0.044059869186936537 0.045015989086742786 0.003665431377569995 -0.05528280918833222 -0.038368648596413493
leaf_weight=26.105501391924918 88.06285198405385 69.001520828111097 1.5905629172921281 10.743777289520947 2.6235285536386064 11.116036627441643 2.1052901740185912 1.6913045169785608 0.34396380558609996 1.3097829576581714 1.2905998975038522 1.9754665195941914 3.6482437895610911 0.44307898730039585 0.83901832252740849 1.0860964525490988 1.9698795503936701 12.988704434596 0.35523569956421841 3.0922972373664379 0.73770652525126834 6.1988174431025964 0.65900138486176763 2.570127822458744 1.0041651949286459 1.0776797886937859 1.314991734921932 0.6317729353904723 0.51732781901955605 2.3046672502532601
leaf_count=550 1964 8725 10 1540 178 180 16 48 7 14 10 14 65 4 6 16 32 118 5 30 27 45 25 39 17 25 9 6 8 46
internal_value=0.00121277 -0.0218325 -0.00735341 0.00535343 0.0136152 0.0167915 0.0118398 0.0087996 -0.015765 0.0468936 0.0331477 0.0111851 0.00905623 -0.0122328 0.00878334 0.0152504 0.00646406 0.0126674 -0.0130317 0.0243367 0.031292 0.0240352 0.00364924 -0.00467146 0 0.0302275 0.00273154 -0.0317372 -0.0212219 -0.0234437
internal_weight=259.399 171.336 102.335 76.2291 65.4853 59.2887 45.8779 42.4629 6.19662 3.41507 13.4108 40.7715 38.7961 8.53997 4.89172 30.2561 19.8408 17.2392 4.25047 4.0527 10.4153 9.3292 3.57309 3.22913 2.29477 8.59149 2.39267 2.60165 0.960407 3.89523
internal_count=13779 11815 3090 2540 1000 751 544 514 249 30 207 466 452 113 48 339 217 179 61 42 122 106 71 64 27 79 34 38 12 56
is_linear=0
shrinkage=0.05


Tree=363
num_leaves=31
num_cat=0
split_feature=8 5 15 10 7 9 13 3 3 6 1 6 6 12 6 3 12 7 12 12 12 6 6 7 12 12 3 12 12 6
split_gain=110.144 14.0686 13.1936 17.0918 3.4954 2.61574 2.07553 1.28782 1.29916 1.00087 0.98696 0.919369 1.46622 1.70067 1.91737 1.72722 1.69693 1.64318 1.69889 2.03291 1.41227 1.15499 1.0331 0.957111 0.930991 1.79109 0.800953 0.986361 0.835837 0.799321
threshold=1.0000000180025095e-35 1.0000000180025095e-35 1.0000000180025095e-35 1.0000000180025095e-35 26.500000000000004 1.0000000180025095e-35 1.0000000180025095e-35 0.038417499512434013 0.038311500102281577 53.500000000000007 0.089999999850988402 23.500000000000004 28.500000000000004 11.500000000000002 36.500000000000007 0.038661999627947814 16.500000000000004 10.500000000000002 18.500000000000004 43.500000000000007 12.500000000000002 33.500000000000007 27.500000000000004 11.500000000000002 10.500000000000002 7.5000000000000009 0.040491499006748206 49.500000000000007 14.500000000000002 24.500000000000004
decision_type=2 2 2 2 2 2 2 2 2 2 2 2 2 2 2 2 2 2 2 2 2 2 2 2 2 2 2 2 2 2
left_child=1 -1 3 4 5 6 9 8 -6 11 -2 23 16 21 15 -15 20 -18 -19 -20 22 -14 29 -3 25 -23 27 -25 -28 -13
right_child=10 2 -4 -5 7 -7 -8 -9 -10 -11 -12 12 13 14 -16 -17 17 18 19 -21 -22 24 -24 26 -26 -27 28 -29 -30 -31
leaf_value=-0.043942137233752815 0.045719429600780008 0.049569211530703844 -0.043728914376105876 -0.044465213772518455 -0.021675545989815984 0.044928051367346462 -0.042423637980360078 -0.028893527168846179 0.099693356747124581 0.044655867504407087 -0.024136817862453766 -0.0068294597184908809 -0.042292563396731694 -0.025613811125710935 0.0053044633886549786 0.044907178482081547 -0.070802198404428848 -0.04590625425149028 0.047618356355546961 -0.026794478383033934 0.057846493848848393 -0.02546720260533554 -0.024524094596750614 0.05390720023668736 -0.025311821348783761 0.063826616581650453 -0.052153946985863744 -0.014635440401332757 0.013337980028341273 0.045516116103316753
leaf_weight=57.177744227461517 88.056330651976168 2.8628013357520095 26.199813684914261 18.700573825277388 0.29586443211883207 6.2678868724033228 1.6558740106411267 6.6579062091186643 0.3215654157102108 2.2966203559190026 0.35719582065939803 1.0939893219619974 1.7591168405488158 0.80929435277357953 9.6569514041766507 8.343955403659491 1.3769619744271038 1.9450657619163392 1.7758967597037556 1.6285146996378896 1.2421775758266447 0.78959352523088489 2.22043377161026 1.3548587691038849 1.2202443033456805 1.2508494537323711 0.73964980244636513 0.61511105904355634 0.90028538648039103 1.4107129750773308
leaf_count=1550 5532 90 3708 1454 16 357 78 321 9 51 6 12 35 7 129 140 13 16 36 33 15 12 15 27 20 16 6 25 28 22
internal_value=0.000449066 -0.0239544 -0.0130318 -0.00277074 0.0100883 0.0145936 0.0103507 -0.0219398 0.0396508 0.0124794 0.0453538 0.0105451 0.00723791 0.0145917 0.0215576 0.0379222 -0.00618269 -0.0235029 -0.00933463 0.010847 0.0125824 -0.0104457 0 0.0280517 0.00599488 0.027361 0.0087636 0.0304166 -0.0146266 0.0213489
internal_weight=250.984 162.57 105.393 79.1928 60.4922 53.2168 46.949 7.27534 0.61743 45.2931 88.4135 42.9965 36.5238 23.83 18.8102 9.15325 12.6938 6.72644 5.34948 3.40441 5.96731 5.0198 4.72514 6.47271 3.26069 2.04044 3.60991 1.96997 1.63994 2.5047
internal_count=13779 8241 6691 2983 1529 1183 826 346 25 748 5538 697 521 359 276 147 162 98 85 69 64 83 49 176 48 28 86 52 34 34
is_linear=0
shrinkage=0.05


Tree=364
num_leaves=31
num_cat=0
split_feature=15 12 8 7 10 6 6 6 0 0 12 12 7 12 3 6 6 3 3 8 6 6 3 12 12 3 0 0 12 0
split_gain=138.356 14.7571 4.40036 2.41039 2.78507 2.27928 2.87623 2.26396 1.16038 1.11459 0.897334 0.82004 1.14118 1.22036 0.787219 0.602141 0.731346 0.521234 0.450695 0.403544 0.36749 0.988139 0.34855 0.626479 0.329261 0.275457 0.233713 1.47195 0.227206 0.20828
threshold=1.0000000180025095e-35 65.500000000000014 1.0000000180025095e-35 16.500000000000004 1.0000000180025095e-35 51.500000000000007 52.500000000000007 24.500000000000004 0.32018549740314489 0.1730034947395325 45.500000000000007 39.500000000000007 26.500000000000004 34.500000000000007 0.042321499437093742 34.500000000000007 60.000000000000007 0.042464001104235656 0.038862500339746482 1.0000000180025095e-35 41.500000000000007 49.500000000000007 0.040491499006748206 14.500000000000002 43.500000000000007 0.041453499346971519 0.80309000611305248 0.80602651834487926 30.500000000000004 0.60435798764228832
decision_type=2 2 2 2 2 2 2 2 2 2 2 2 2 2 2 2 2 2 2 2 2 2 2 2 2 2 2 2 2 2
left_child=1 3 8 -1 5 7 22 28 -3 -2 14 12 -11 20 26 -15 -17 -10 -12 -13 -14 -22 23 -7 -8 -20 -9 -28 -5 -26
right_child=9 2 -4 4 -6 6 24 10 17 11 18 19 13 15 -16 16 -18 -19 25 -21 21 -23 -24 -25 29 -27 27 -29 -30 -31
leaf_value=-0.044292058267783395 -0.026467605653736088 -0.033178308079152098 -0.041227550336973409 0 -0.04426304335313036 0.0029485444157020726 -0.039163022082578686 -0.044571626329070899 0.038181361132006188 0.043937481317526457 0.03541774218999201 0.04593760068411059 0.061070086827893721 -0.077566566395551623 0.025139261066342705 0.033267123692680096 -0.040136601352635588 -0.02598577035006901 -0.027957617708269791 0 -0.022418379256446675 0.035209199443090582 0.013810121494897399 0.081935419210189472 -0.021538737380209824 0.014245080250471182 0.097168399954676049 -0.03729272881833269 0.044355186469895259 0.028992642187670205
leaf_weight=85.431755191413686 0.41507411375641723 0.49045929638668795 2.4271771861240259 0.40380603261292225 13.879691327922048 0.48539148643612806 1.4322367315180602 8.0931503600440866 9.3333080057054723 6.2044545840471965 0.50956269772723217 89.559572868049145 0.63655439391732249 0.31917093321681012 0.31251156656071621 0.5302110221236942 0.60472020506858826 0.16768102347850877 1.1369610279798505 0.54264276102185149 0.93811447918415103 2.0798668824136257 0.8666919246315955 1.248835247941315 0.29930846393108357 0.3134117736481129 0.13462561648339111 1.1185435615479944 0.98410161724314094 0.29907716810703278
leaf_count=7119 7 9 505 10 1086 7 152 661 255 151 14 3498 12 2 9 11 3 3 70 5 11 20 12 13 40 7 3 68 13 3
internal_value=0 -0.0342978 0.0171297 -0.0398114 -0.0274065 -0.0136852 0.0155459 -0.0245148 0.0320697 0.0435803 -0.0319624 0.043942 0.0294073 0.0102957 -0.0381661 -0.0256311 -0.00187846 0.0362692 0 0.0456769 0.0262243 0.015548 0.0502028 0.0639198 -0.0267703 -0.0152824 -0.0410558 -0.0130395 0.0324299 0
internal_weight=231.199 129.368 12.4186 116.95 31.5179 17.6382 4.63154 13.0067 9.99145 101.83 11.6188 101.415 11.3131 5.10864 9.65883 1.4541 1.13493 9.50099 1.95994 90.1022 3.65454 3.01798 2.60092 1.73423 2.03062 1.45037 9.34632 1.25317 1.38791 0.598386
internal_count=13779 10059 772 9287 2168 1082 227 855 267 3720 832 3713 210 59 741 16 14 258 91 3503 43 31 32 20 195 77 732 71 23 43
is_linear=0
shrinkage=0.05


Tree=365
num_leaves=1
num_cat=0
split_feature=
split_gain=
threshold=
decision_type=
left_child=
right_child=
leaf_value=0
leaf_weight=
leaf_count=17101
internal_value=
internal_weight=
internal_count=
is_linear=0
shrinkage=1


Tree=366
num_leaves=1
num_cat=0
split_feature=
split_gain=
threshold=
decision_type=
left_child=
right_child=
leaf_value=0
leaf_weight=
leaf_count=17101
internal_value=
internal_weight=
internal_count=
is_linear=0
shrinkage=1


Tree=367
num_leaves=1
num_cat=0
split_feature=
split_gain=
threshold=
decision_type=
left_child=
right_child=
leaf_value=0
leaf_weight=
leaf_count=17101
internal_value=
internal_weight=
internal_count=
is_linear=0
shrinkage=1


Tree=368
num_leaves=1
num_cat=0
split_feature=
split_gain=
threshold=
decision_type=
left_child=
right_child=
leaf_value=0
leaf_weight=
leaf_count=17101
internal_value=
internal_weight=
internal_count=
is_linear=0
shrinkage=1


Tree=369
num_leaves=2
num_cat=0
split_feature=0
split_gain=158.475
threshold=0.042222999967634685
decision_type=2
left_child=-1
right_child=-2
leaf_value=0.045740568477390151 -0.044762231634593787
leaf_weight=93.873743265867233 99.570485228905454
leaf_count=530 13249
internal_value=-0.000816666
internal_weight=193.444
internal_count=13779
is_linear=0
shrinkage=0.05


Tree=370
num_leaves=7
num_cat=0
split_feature=12 5 0 12 5 0
split_gain=120.555 29.39 2.57985 1.75102 1.64535 1.85039
threshold=9.5000000000000018 1.0000000180025095e-35 0.042222999967634685 11.500000000000002 1.0000000180025095e-35 0.094652000814676299
decision_type=2 2 2 2 2 2
left_child=1 2 -1 4 5 -2
right_child=3 -3 -4 -5 -6 -7
leaf_value=-0.03494315422619728 -0.036977311418586747 -0.044097740114587704 0.045726150261064274 -0.044742127081351862 -0.041463659253172899 0.044658877353976459
leaf_weight=0.86313718557357688 0.98665519431233351 10.183771704789249 91.231350541114807 86.290134360315278 2.5921691497787833 1.6950932145118711
leaf_count=19 9 974 511 12014 249 3
internal_value=-0.00132944 0.0359362 0.0448788 -0.043004 -0.0133314 0.0125767
internal_weight=193.842 102.278 92.0945 91.5641 5.27392 2.68175
internal_count=13779 1504 530 12275 261 12
is_linear=0
shrinkage=0.05


Tree=371
num_leaves=31
num_cat=0
split_feature=10 14 7 12 15 11 6 7 7 7 11 6 6 12 6 6 3 7 12 11 6 7 12 12 12 12 6 6 3 3
split_gain=97.3779 19.7998 17.901 11.2872 2.15692 1.52417 1.36289 2.4926 1.80343 1.32732 1.30871 1.07499 0.904024 1.97805 0.891373 0.899783 0.71217 0.711134 2.3093 0.797076 2.32731 0.927185 1.18031 1.57941 1.76097 1.03982 0.724735 0.737165 0.698529 0.73999
threshold=1.0000000180025095e-35 1.0000000180025095e-35 5.5000000000000009 52.500000000000007 1.0000000180025095e-35 7.5000000000000009 43.500000000000007 25.500000000000004 27.500000000000004 26.500000000000004 6.5000000000000009 22.500000000000004 44.500000000000007 15.500000000000002 29.500000000000004 41.500000000000007 0.040595499798655517 10.500000000000002 19.500000000000004 3.5000000000000004 25.500000000000004 20.500000000000004 18.500000000000004 16.500000000000004 14.500000000000002 13.500000000000002 27.500000000000004 24.500000000000004 0.039585500955581672 0.039327500388026244
decision_type=2 2 2 2 2 2 2 2 2 2 2 2 2 2 2 2 2 2 2 2 2 2 2 2 2 2 2 2 2 2
left_child=1 2 -1 4 5 6 8 -8 11 -6 12 16 13 -9 -11 -16 -4 18 -13 21 -21 22 23 24 25 26 27 -19 29 -28
right_child=-2 -3 3 -5 9 -7 7 10 -10 14 -12 17 -14 -15 15 -17 -18 19 -20 20 -22 -23 -24 -25 -26 -27 28 -29 -30 -31
leaf_value=-0.044465147401811123 0.045921231072979796 -0.042984684421316033 -0.045541250115050648 -0.044100655303280702 -0.042803037448758102 0.056358879670268903 -0.03078957628380323 0.017866424474198766 0.045112069744071587 0.068789586884314413 -0.051950446748944015 0 0.024846421219252797 -0.10428820436215176 -0.054753428057165189 0.0076633433619688511 0.0057597998467187441 0.011636946779483107 0.091523209588699972 0.041881255130860537 -0.041951436385106032 0.031666636316255901 -0.041983713689718483 0.040110312508475555 -0.040618263483837319 0.069386353734946213 0.012444702568278296 -0.036193815983489225 0.026982298369619406 -0.038846406846883952
leaf_weight=23.948107559233904 80.968471422791481 63.528360959375277 1.0747284861281508 9.8823641687631589 2.4313440038822582 2.2469846457242957 4.2206109995022407 0.97698466852307031 5.7640455700457087 0.36669064778834615 0.57045527547597963 1.5520368330180638 8.7824833467602712 0.35873778536915779 0.62070762505754862 2.5117919780313969 1.2173775937408207 1.2953172903508057 1.181031037122011 1.2397265080362552 1.9918335741385815 7.9299069643020621 0.8763808086514463 4.1912501193583003 1.7179279029369343 0.66219680011272508 2.1504467912018304 1.5411934759467838 4.9276850037276745 0.90236184000968922
leaf_count=550 1964 8725 39 1540 178 15 79 17 106 7 4 26 104 4 25 39 24 15 8 14 49 103 19 27 19 4 16 17 34 8
internal_value=0.00122252 -0.0212878 -0.00701616 0.00521395 0.0130489 0.0160605 0.0142282 0.000948655 0.0190128 -0.0150388 0.0141137 0.0143835 0.0187997 -0.0164371 0.00351671 -0.00446904 -0.0171024 0.0168287 0.0418307 0.0142034 -0.00799805 0.0171525 0.0104406 0.0135937 0.00455795 0.012043 0.00747116 -0.0129963 0.0154355 -0.0018815
internal_weight=241.63 160.661 97.1327 73.1846 63.3022 57.3717 55.1247 14.9093 40.2154 5.93053 10.6887 34.4514 10.1182 1.33572 3.49919 3.1325 2.29211 32.1593 2.73307 29.4262 3.23156 26.1947 18.2648 17.3884 13.1971 11.4792 10.817 2.83651 7.98049 3.05281
internal_count=13779 11815 3090 2540 1000 751 736 208 528 249 129 422 125 21 71 64 63 359 34 325 63 262 159 140 113 94 90 32 58 24
is_linear=0
shrinkage=0.05


Tree=372
num_leaves=31
num_cat=0
split_feature=16 5 0 14 10 15 10 15 14 0 0 7 7 0 11 12 0 0 12 0 12 12 12 7 0 12 12 12 7 7
split_gain=62.9624 22.8396 20.0637 11.5171 9.88352 4.74227 5.32892 4.29845 4.06973 3.08124 2.09122 1.23956 1.17129 0.932404 1.14597 2.48528 1.16361 1.14171 1.11256 0.926433 0.873617 0.872866 1.30656 2.14978 2.20927 1.71211 0.849962 0.80052 0.798719 0.700626
threshold=1.0000000180025095e-35 1.0000000180025095e-35 0.5433734953403474 1.0000000180025095e-35 1.0000000180025095e-35 1.0000000180025095e-35 1.0000000180025095e-35 1.0000000180025095e-35 1.0000000180025095e-35 0.73145151138305675 0.5694749951362611 32.500000000000007 20.500000000000004 0.50148800015449535 3.5000000000000004 22.500000000000004 0.33501599729061132 0.46317449212074285 51.500000000000007 0.15401049703359607 103.50000000000001 9.5000000000000018 16.500000000000004 23.500000000000004 0.62865349650383007 17.500000000000004 19.500000000000004 53.500000000000007 16.500000000000004 23.500000000000004
decision_type=2 2 2 2 2 2 2 2 2 2 2 2 2 2 2 2 2 2 2 2 2 2 2 2 2 2 2 2 2 2
left_child=3 -2 4 28 7 6 9 8 13 10 -4 20 -10 14 17 -16 19 -3 -18 -17 21 -12 23 -23 -25 -24 -9 -20 -1 -27
right_child=1 2 5 -5 -6 -7 -8 26 12 -11 11 -13 -14 -15 15 16 18 -19 27 -21 -22 22 25 24 -26 29 -28 -29 -30 -31
leaf_value=-0.00089165734833381678 -0.043654671535713729 0.025697061084600556 -0.022010360595327943 0.045843129859225847 -0.043503654548783924 -0.044492143251083735 -0.043874004642458719 0.067091150970087859 0.045509483024077813 -0.042577376984232085 -0.0050787565224339601 -0.02938207230481208 -0.0032522193150985573 0.032481859099216269 -0.091296744261688198 0.031103806243039447 0.047104968984025192 -0.0037014813250733922 -0.049146553747321582 -0.038250110818821272 -0.025893938386126653 0.032599171351207552 -0.037461440152536808 0.0094012228897630782 0.22024411053360518 0.038611932948001533 -0.037228709162849739 0.01858390904719151 -0.040102544952674679 0
leaf_weight=2.4152530413120976 52.786018102429807 10.055061928927904 3.841775107663131 65.169686302542686 6.0048732021823517 21.249707676935941 9.5970438206568378 0.085572361946105402 21.49534826818854 3.2804491971619418 1.539207298308608 1.0416349004954089 1.0907090660184611 5.2993004368618122 0.69768089056014915 0.4639239422976974 1.8511569723486903 4.4522742908447972 0.61879631504416444 2.0016641039401293 0.66009699832648117 2.0316485166549669 0.94863834604620922 0.27009315788745869 0.30114117823541164 5.1341979522258043 3.1335549345239997 0.90744460746645927 3.6220042463392019 1.5550001808442173
leaf_count=37 1558 137 84 4446 436 3341 883 2 1408 249 34 49 36 73 4 14 45 46 3 24 58 20 12 7 9 131 369 22 212 30
internal_value=0.000507549 -0.0166594 -0.00358521 0.0396969 0.0164704 -0.0263401 -0.0132983 0.0235416 0.0272883 0.000845058 0.00955188 0.0190099 0.0429304 0.0135785 0.00845166 -0.00833791 0.00209598 0.0163688 0.0216556 -0.0225479 0.0236626 0.0270551 0.0323708 0.0633835 0.144254 0.0204733 -0.0310114 -0.00713554 -0.0255007 0.0298566
internal_weight=233.601 162.394 109.608 71.2069 58.1574 51.4506 30.2009 52.1525 48.9334 20.6039 17.3234 13.4817 22.5861 26.3473 21.048 6.54067 5.84299 14.5073 3.3774 2.46559 12.44 11.7799 10.2407 2.60288 0.571234 7.63784 3.21913 1.52624 6.03726 6.6892
internal_count=13779 9084 7526 4695 2619 4907 1566 2183 1812 683 434 350 1444 368 295 112 108 183 70 38 301 243 209 36 16 173 371 25 249 161
is_linear=0
shrinkage=0.05


Tree=373
num_leaves=31
num_cat=0
split_feature=11 13 8 7 10 16 7 12 6 3 10 11 6 6 11 12 11 11 7 14 7 11 12 3 6 7 12 7 6 12
split_gain=99.7775 18.0357 11.8991 4.71783 4.56029 2.78062 1.99321 1.883 2.09937 1.51221 1.40469 0.994559 0.81977 0.765356 0.76204 0.713906 1.05106 0.890378 0.975823 0.735236 0.6278 0.616838 0.507401 0.42899 0.405354 0.395234 0.353516 0.373185 0.57539 0.318621
threshold=9.5000000000000018 1.0000000180025095e-35 1.0000000180025095e-35 14.500000000000002 1.0000000180025095e-35 1.0000000180025095e-35 4.5000000000000009 19.500000000000004 51.500000000000007 0.038876499980688102 1.0000000180025095e-35 5.5000000000000009 41.500000000000007 24.500000000000004 23.500000000000004 31.500000000000004 4.5000000000000009 6.5000000000000009 27.500000000000004 1.0000000180025095e-35 23.500000000000004 4.5000000000000009 22.500000000000004 0.051914999261498458 50.500000000000007 41.500000000000007 7.5000000000000009 31.500000000000004 35.500000000000007 38.500000000000007
decision_type=2 2 2 2 2 2 2 2 2 2 2 2 2 2 2 2 2 2 2 2 2 2 2 2 2 2 2 2 2 2
left_child=1 3 6 -1 5 -5 -2 8 26 -10 11 12 -3 -9 -4 16 24 29 -19 -18 -11 22 -14 -13 -15 -26 27 -7 -29 -17
right_child=2 10 14 4 -6 7 -8 13 9 20 -12 23 21 15 -16 17 19 18 -20 -21 -22 -23 -24 -25 25 -27 -28 28 -30 -31
leaf_value=-0.043421926476675803 -0.040948307117761533 0.035385850516664728 -0.04313530288290636 -0.042821844464258629 -0.044169237763368847 -0.030649941998582939 0.044238100771519406 0.042185209184038501 0.082386062949562661 0.042914252142743088 -0.033793498414056732 0.046551387863003064 -0.0053255784584192922 -0.015844919477543837 0.017043839185437802 -0.007452894089812704 0.082240896688097087 -0.0051922474316259933 0.04451307654743606 0 -0.035024075930944393 -0.032034260822083917 0.042360434190301957 -0.010057787692622971 0.051318680878809676 0 -0.045269898636440618 0.083015359453660231 -0.012581275641534086 -0.046834145066458423
leaf_weight=73.85959464055486 0.55774846579879422 2.2461191229522193 4.3298102377448222 4.2355638423468944 13.142828857526181 0.55925205163657921 86.522308563347906 1.8813726343214501 0.61045465711504199 0.2408270793966949 0.74236322473734695 6.4505832493305206 1.1101237647235391 1.1358969488646824 0.41564758773893107 1.9062574137933554 0.8917241860181091 2.3617696822620933 1.4223256548866627 0.31195757444947958 0.74022515024989843 1.1078276541084051 0.7689627092331649 0.16822542250156391 0.54821896692737915 0.67530992161482573 3.6208838117308915 0.14900745451450348 0.19365320075303316 0.94723952771164466
leaf_count=6158 16 57 1038 738 1146 36 3574 50 8 8 46 201 17 69 9 70 16 112 33 39 23 15 12 1 13 13 220 1 15 25
internal_value=0 -0.0296083 0.0393556 -0.0361483 -0.0208275 -0.00679436 0.0435888 0.00150668 -0.0205885 0.0258526 0.0266631 0.0311194 0.0130681 0.0131759 -0.0365894 0.00698258 0.0248268 -0.00208052 0.0128682 0.0611162 -0.00906688 -0.00269746 0.0128165 0.0442401 0.00254819 0.0233087 -0.0382178 -0.00322296 0.0270566 -0.0233618
internal_weight=213.854 122.029 91.8255 109.434 35.5748 22.4319 87.0801 18.1964 6.1143 1.59151 12.5942 11.8518 5.23303 12.0821 4.74546 10.2007 3.56311 6.63759 3.7841 1.20368 0.981052 2.98691 1.87909 6.61881 2.35943 1.22353 4.5228 0.901913 0.342661 2.8535
internal_count=13779 9142 4637 8793 2635 1489 3590 751 311 39 349 303 101 440 1047 390 150 240 145 55 31 44 29 202 95 26 272 52 16 95
is_linear=0
shrinkage=0.05


Tree=374
num_leaves=1
num_cat=0
split_feature=
split_gain=
threshold=
decision_type=
left_child=
right_child=
leaf_value=0
leaf_weight=
leaf_count=17101
internal_value=
internal_weight=
internal_count=
is_linear=0
shrinkage=1


Tree=375
num_leaves=1
num_cat=0
split_feature=
split_gain=
threshold=
decision_type=
left_child=
right_child=
leaf_value=0
leaf_weight=
leaf_count=17101
internal_value=
internal_weight=
internal_count=
is_linear=0
shrinkage=1


Tree=376
num_leaves=1
num_cat=0
split_feature=
split_gain=
threshold=
decision_type=
left_child=
right_child=
leaf_value=0
leaf_weight=
leaf_count=17101
internal_value=
internal_weight=
internal_count=
is_linear=0
shrinkage=1


Tree=377
num_leaves=1
num_cat=0
split_feature=
split_gain=
threshold=
decision_type=
left_child=
right_child=
leaf_value=0
leaf_weight=
leaf_count=17101
internal_value=
internal_weight=
internal_count=
is_linear=0
shrinkage=1


Tree=378
num_leaves=2
num_cat=0
split_feature=0
split_gain=145.228
threshold=0.042222999967634685
decision_type=2
left_child=-1
right_child=-2
leaf_value=0.045612382060518521 -0.044725323405428376
leaf_weight=86.285677567124367 91.62642999063246
leaf_count=530 13249
internal_value=-0.000883298
internal_weight=177.912
internal_count=13779
is_linear=0
shrinkage=0.05


Tree=379
num_leaves=8
num_cat=0
split_feature=12 0 1 12 6 6 6
split_gain=110.414 26.1839 2.35094 1.61201 1.81665 0.253438 0.812776
threshold=9.5000000000000018 0.14423999935388568 0.089999999850988402 11.500000000000002 18.500000000000004 15.500000000000002 17.500000000000004
decision_type=2 2 2 2 2 2 2
left_child=1 2 -1 4 5 -2 -7
right_child=3 -3 -4 -5 -6 6 -8
leaf_value=0.045358215222360165 0.037817873030500444 -0.043816646153393521 -0.034214748218976479 -0.044704219426367015 -0.041460814747752428 -0.033608909133241459 0.036786982904059871
leaf_weight=84.06947058159858 0.85095381736755316 9.1733982786536199 0.79870730265974899 79.377101628109813 2.6392444400116801 0.67145779728889443 0.75775800459086895
leaf_count=517 2 968 19 12014 249 7 3
internal_value=-0.00139681 0.0358046 0.0445111 -0.0429513 -0.0133445 0.0174733 0.00040967
internal_weight=178.338 94.0416 84.8682 84.2965 4.91941 2.28017 1.42922
internal_count=13779 1504 536 12275 261 12 10
is_linear=0
shrinkage=0.05


Tree=380
num_leaves=31
num_cat=0
split_feature=10 7 11 11 7 12 0 6 7 3 3 12 0 12 3 0 12 3 6 3 15 11 0 4 3 11 3 12 6 6
split_gain=88.245 17.8974 16.9139 3.77575 2.28792 2.21467 1.72841 1.76668 1.4253 1.64829 1.96147 1.3619 1.4678 2.24237 1.19393 1.02158 0.932158 1.10454 0.907976 0.784732 0.779519 0.72882 0.781526 0.627775 1.22753 0.945739 0.862931 0.856401 0.757114 0.898234
threshold=1.0000000180025095e-35 7.5000000000000009 8.5000000000000018 3.5000000000000004 26.500000000000004 43.500000000000007 0.46841099858284002 43.500000000000007 21.500000000000004 0.038417499512434013 0.038267500698566444 22.500000000000004 0.46841099858284002 21.500000000000004 0.041001500561833389 0.46317449212074285 45.500000000000007 0.037744499742984779 26.500000000000004 0.041758999228477485 1.0000000180025095e-35 6.5000000000000009 0.70352801680564891 1.0094594955444338 0.041278500109910972 2.5000000000000004 0.040023500099778182 16.500000000000004 26.500000000000004 34.500000000000007
decision_type=2 2 2 2 2 2 2 2 2 2 2 2 2 2 2 2 2 2 2 2 2 2 2 2 2 2 2 2 2 2
left_child=1 -1 3 6 5 11 7 18 23 10 -10 12 13 15 21 -5 -7 -18 -3 -19 -11 22 -6 26 25 -25 28 -28 -8 -30
right_child=-2 2 -4 4 14 16 8 -9 9 20 -12 -13 -14 -15 -16 -17 17 19 -20 -21 -22 -23 -24 24 -26 -27 27 -29 29 -31
leaf_value=-0.043731240210459071 0.045775032300320949 -0.037939198894678623 -0.044414910234940166 -0.038429437742705491 -0.0030302801063057916 0.033949660336572408 -0.025327273389142591 -0.033201082136079751 0.03304598900643077 0.03466215155040317 -0.08353100903647144 -0.038946496346792814 -0.047692306342422663 0.071855579237293576 -0.035992535860707824 0.046380005711749411 0.059559151670856583 -0.042921777813943518 0.01440925168163714 0.031365954578779505 -0.0017229576923751596 -0.011438095656181035 0.036485363007004043 0.042632705390047793 -0.012626819296781036 -0.023598866194050452 -0.064902243477579363 0.0043034842553066966 0.024087500949445936 -0.01795715157052306
leaf_weight=54.098062762757763 74.449444059282541 0.78976974450051596 23.683263613143936 1.349678801838315 1.3941793215926717 2.0918503112625322 1.4462726104538868 3.4413269599899641 0.57046047970652825 16.457100778352473 0.61730992421507835 10.619310292415319 1.2061120744328944 1.0266484811436385 1.0186445089057086 0.33493758458644163 0.32366928458213839 1.5804443149827418 7.7283875634893775 0.29331828397698689 1.3206627070903767 1.3524313927628098 4.4750300785526633 3.7777215950191012 1.8467115100938825 0.45792265865020443 0.87246812414377906 0.5762349390424788 4.7813498452305794 1.4991511479020116
leaf_count=3635 1964 56 4387 363 37 86 47 95 8 263 7 1982 174 40 25 5 1 171 155 4 14 53 57 29 23 18 16 7 44 13
internal_value=0.00123802 -0.0206989 -0.00776114 0.00406616 -0.0106375 -0.0203159 0.0127959 -0.00319515 0.0185227 0.0277304 -0.0254406 -0.0296756 -0.00295552 0.0161557 0.0108531 -0.0171118 0.0102192 -0.0106891 0.00859163 -0.0277596 0.031685 0.0185451 0.0263676 0.00664585 0.0190171 0.0339399 -0.00113253 -0.0356461 0.00507239 0.0131437
internal_weight=225.48 151.03 96.9324 73.2491 27.0663 18.826 46.1829 11.9595 34.2234 18.9655 1.18777 14.5367 3.91738 2.71126 8.24029 1.68462 4.28928 2.19743 8.51816 1.87376 17.7778 7.22164 5.86921 15.2578 6.08236 4.23564 9.17548 1.4487 7.72677 6.2805
internal_count=13779 11815 8180 3793 2998 2826 795 306 489 292 15 2564 582 408 172 368 262 176 211 175 277 147 94 197 70 47 127 23 104 57
is_linear=0
shrinkage=0.05


Tree=381
num_leaves=31
num_cat=0
split_feature=16 0 15 10 14 0 13 12 14 0 6 0 11 6 6 12 6 11 11 0 3 0 17 6 0 6 3 0 0 6
split_gain=56.762 18.6386 16.5313 21.4788 10.6988 4.90766 3.26637 2.70341 2.64655 2.49044 1.78434 1.55853 2.05105 1.36095 1.89538 1.85461 1.47563 1.44056 1.39867 1.22294 1.28759 1.07543 1.09964 1.03007 1.50107 1.36726 1.0623 0.974559 0.924039 0.868377
threshold=1.0000000180025095e-35 0.107939001172781 1.0000000180025095e-35 1.0000000180025095e-35 1.0000000180025095e-35 0.70024099946022045 1.0000000180025095e-35 9.5000000000000018 1.0000000180025095e-35 0.63755548000335704 25.500000000000004 0.53383100032806408 9.5000000000000018 28.500000000000004 27.500000000000004 13.500000000000002 22.500000000000004 7.5000000000000009 8.5000000000000018 0.40526299178600317 0.040913499891757972 0.5433734953403474 0.82499998807907116 36.500000000000007 0.47251349687576299 43.500000000000007 0.039665499702095992 0.5694749951362611 0.47431950271129614 18.500000000000004
decision_type=2 2 2 2 2 2 2 2 2 2 2 2 2 2 2 2 2 2 2 2 2 2 2 2 2 2 2 2 2 2
left_child=4 -2 3 5 10 6 7 29 9 13 -1 -10 -13 14 15 -9 -17 21 -19 -18 -21 22 -15 24 -24 26 -25 -23 -27 -3
right_child=1 2 -4 -5 -6 -7 -8 8 11 -11 -12 12 -14 17 -16 16 19 18 -20 20 -22 27 23 25 -26 28 -28 -29 -30 -31
leaf_value=0.02990103700457987 -0.043537129831418657 -0.03494285866530588 -0.042874999625836852 -0.044324586113775058 0.045702748852646975 -0.035686235661877168 -0.04248963903878758 0.054843962707965349 0.045147287818717685 0.059810401397490366 -0.038156954593028349 0.043103847891323439 -0.026992183336695563 -0.029056047381309427 -0.03300321196734031 0.047874413815068004 -0.075080554517958864 -0.036154068119820755 0.028910526598682103 0.016754372095400281 -0.051562151861646581 -0.031552381331905431 0.025884701603317403 0.042958121926952336 0.096288589510045527 0.051807987772053581 -0.0187482321273847 0.023503583303867166 0 0.0040653761676362503
leaf_weight=1.0407365448772896 44.08014577999711 1.8061544448137272 22.601263855118304 17.359408270567656 59.923526122234762 3.8845434929244211 1.8135534375905979 1.7752684056758932 20.079648484475914 3.0215235892683259 4.726378982886672 2.0557615077123041 1.8597458982840178 0.5294172093272288 3.3477421682327986 0.95857159420847882 0.67134156823158297 1.9514223374426358 1.2239398211240766 2.1565590556710963 0.87961512245237816 1.3169352523982518 2.0793508999049606 0.87804612144827698 1.5548008009791372 3.989235321059823 2.3206991665065289 1.7568596042692659 1.2418054118752477 5.011394090950489
leaf_count=19 1204 36 3712 1661 4446 295 79 34 1395 48 230 104 66 4 23 33 5 15 25 34 5 18 35 14 20 74 24 35 15 71
internal_value=0.000583328 -0.0161586 -0.00492078 0.00508935 0.0394158 0.0177934 0.0211534 0.023146 0.0267986 0.0169399 -0.0247227 0.0394718 0.00872213 0.0120493 -0.00261677 0.0126746 -0.00313425 0.0199061 -0.00943147 -0.0185466 -0.00245644 0.0261914 0.0326177 0.0359519 0.0591166 0.0248032 0 0 0.0403177 -0.00590191
internal_weight=217.895 152.205 108.125 85.5233 65.6906 68.1639 64.2794 62.4658 55.6483 31.6531 5.76712 23.9952 3.91551 28.6316 9.7891 6.44136 4.66609 18.8425 3.17536 3.70752 3.03617 15.6671 12.5934 12.0639 3.63415 8.42979 3.19875 3.07379 5.23104 6.81755
internal_count=13779 9084 7880 4168 4695 2507 2212 2133 2026 461 249 1565 170 413 134 111 77 279 40 44 39 239 186 182 55 127 38 53 89 107
is_linear=0
shrinkage=0.05


Tree=382
num_leaves=31
num_cat=0
split_feature=15 12 0 0 11 6 6 12 11 6 16 0 0 17 6 6 0 0 12 12 13 0 11 3 3 12 11 12 11 0
split_gain=114.661 12.2939 3.01139 2.35264 3.02675 1.0877 1.9621 1.39619 1.04306 1.11146 0.827896 0.793163 1.48293 0.769726 0.700526 0.673346 0.668427 0.663236 1.18714 0.656598 0.612992 1.00346 0.785509 0.954118 0.592247 0.293827 0.284067 0.263231 0.189819 0.134637
threshold=1.0000000180025095e-35 65.500000000000014 0.52108150720596325 0.5433734953403474 5.5000000000000009 51.500000000000007 52.500000000000007 14.500000000000002 6.5000000000000009 41.500000000000007 1.0000000180025095e-35 0.83898451924324047 0.84520250558853161 0.46500000357627874 54.500000000000007 51.500000000000007 0.1730034947395325 0.70352801680564891 16.500000000000004 122.50000000000001 1.0000000180025095e-35 0.7733685076236726 9.5000000000000018 0.042321499437093742 0.042682500556111343 6.5000000000000009 4.5000000000000009 58.500000000000007 4.5000000000000009 0.36200200021266943
decision_type=2 2 2 2 2 2 2 2 2 2 2 2 2 2 2 2 2 2 2 2 2 2 2 2 2 2 2 2 2 2
left_child=1 3 14 13 5 28 7 -7 9 11 -6 -2 -13 15 19 -1 -10 18 -11 -3 21 22 23 -12 -4 -15 -19 -24 -5 -16
right_child=8 2 24 4 10 6 -8 -9 16 17 20 12 -14 25 29 -17 -18 26 -20 -21 -22 -23 27 -25 -26 -27 -28 -29 -30 -31
leaf_value=-0.022034806949032773 0.048750041378747708 -0.036934447194932926 0.038044156809005469 -0.044205760160121031 -0.0353932897530468 -0.03082057306150314 -0.040907737661771117 0.056251958451353772 -0.0181068680368957 -0.044918489533572699 -0.04309332130217907 -0.078227565676841512 0.036513781541172512 -0.0066695885427048938 0 0.076910595383179223 0.045372470218172915 0.009218746905838085 0.043804559479571993 0.018922054666466598 0.04193058500826205 0.041866776407834295 0.049567628192394471 0.048904467646732425 -0.036415011843282379 -0.044342739799572921 -0.024584467824779077 0 -0.01540899016570638 0.035155013135176098
leaf_weight=0.31617038976400991 4.8819388151168805 2.8873465722426763 6.9740757779218256 12.437130965990949 0.89057412813417514 0.54479764215648074 2.3073789160698652 1.2298639472573993 0.25489325448870559 0.33606953918933902 1.8133612798992556 0.30189102888107278 0.8360048346221447 0.87547025154344638 0.095336954575031885 0.16050646593794227 76.506945049390197 0.66948984563350711 1.7373527977615593 0.4458559826016425 1.330668121576309 1.0618052231147883 0.40009519178420294 0.19671786949038494 0.13316197134554375 74.93580356054008 1.5302627012133596 0.2840250451117754 1.3284659814089543 0.51654308754950762
leaf_count=34 129 465 254 1185 173 22 218 11 5 3 87 1 26 58 24 3 3509 6 29 16 20 15 5 2 2 7287 12 6 161 11
internal_value=0 -0.0336394 0.0159636 -0.0391759 -0.0247855 -0.0350893 -0.0104126 0.0266365 0.0429459 0.0263176 0.00522945 0.0401331 0 -0.0435662 -0.0179491 0.0101712 0.0450733 0.00523909 0.0257184 -0.0276731 0.013851 0.00177687 -0.0131664 -0.0298293 0.0354694 -0.0439829 -0.0121689 0.0269765 -0.0419185 0.0244447
internal_weight=198.22 111.165 11.0523 100.113 23.8249 17.8476 4.08204 1.77466 87.0548 10.293 5.97725 6.01983 1.1379 76.288 3.94508 0.476677 76.7618 4.27317 2.07342 3.3332 5.08667 3.756 2.6942 2.01008 7.10724 75.8113 2.19975 0.68412 13.7656 0.61188
internal_count=13779 10059 772 9287 1905 1597 251 33 3720 206 308 156 27 7382 516 37 3514 50 32 481 135 115 100 89 256 7345 18 11 1346 35
is_linear=0
shrinkage=0.05


Tree=383
num_leaves=1
num_cat=0
split_feature=
split_gain=
threshold=
decision_type=
left_child=
right_child=
leaf_value=0
leaf_weight=
leaf_count=17101
internal_value=
internal_weight=
internal_count=
is_linear=0
shrinkage=1


Tree=384
num_leaves=1
num_cat=0
split_feature=
split_gain=
threshold=
decision_type=
left_child=
right_child=
leaf_value=0
leaf_weight=
leaf_count=17101
internal_value=
internal_weight=
internal_count=
is_linear=0
shrinkage=1


Tree=385
num_leaves=1
num_cat=0
split_feature=
split_gain=
threshold=
decision_type=
left_child=
right_child=
leaf_value=0
leaf_weight=
leaf_count=17101
internal_value=
internal_weight=
internal_count=
is_linear=0
shrinkage=1


Tree=386
num_leaves=1
num_cat=0
split_feature=
split_gain=
threshold=
decision_type=
left_child=
right_child=
leaf_value=0
leaf_weight=
leaf_count=17101
internal_value=
internal_weight=
internal_count=
is_linear=0
shrinkage=1


Tree=387
num_leaves=2
num_cat=0
split_feature=0
split_gain=133.086
threshold=0.042222999967634685
decision_type=2
left_child=-1
right_child=-2
leaf_value=0.045494001219243997 -0.044689575023306921
leaf_weight=79.302142634987831 84.280169061385095
leaf_count=530 13249
internal_value=-0.000938359
internal_weight=163.582
internal_count=13779
is_linear=0
shrinkage=0.05


Tree=388
num_leaves=10
num_cat=0
split_feature=12 14 12 6 6 6 0 0 0
split_gain=101.011 25.7074 1.51159 1.67893 0.227032 0.722648 0.0829435 0.137296 0.0661431
threshold=9.5000000000000018 1.0000000180025095e-35 11.500000000000002 18.500000000000004 15.500000000000002 17.500000000000004 0.12768299877643588 0.13723200559616092 0.14423999935388568
decision_type=2 2 2 2 2 2 2 2 2
left_child=1 -1 3 4 -2 -6 -3 -8 -9
right_child=2 6 -4 -5 5 -7 7 8 -10
leaf_value=-0.043751045805100447 0.037012378249052784 0.045310649382310914 -0.044667129355191029 -0.041188929092166787 -0.032701608819141428 0.035564707466270717 0.031025463336127154 0.014917993637468506 -0.016959965219191228
leaf_weight=8.9876197818666679 0.80099675059318487 76.133698239922523 72.971922149881721 2.4592472172807902 0.62469257134944178 0.71567448787391186 0.90352512523531803 0.20832943916320801 0.23632291285321116
leaf_count=965 2 507 12014 249 7 3 6 1 25
internal_value=-0.00145625 0.035655 -0.0428809 -0.0131374 0.0172478 0.000215648 0.0449748 0.0207367 0
internal_weight=164.042 86.4695 77.5725 4.60061 2.14136 1.34037 77.4819 1.34818 0.444652
internal_count=13779 1504 12275 261 12 10 539 32 26
is_linear=0
shrinkage=0.05


Tree=389
num_leaves=31
num_cat=0
split_feature=10 14 7 11 6 7 0 3 15 0 7 6 7 0 3 0 3 3 6 6 0 6 6 6 6 3 3 11 6 11
split_gain=80.0965 17.6182 15.2173 9.23446 1.61849 1.25721 1.32984 1.11589 1.07798 1.27936 1.40475 1.29666 0.774821 0.766202 0.822007 0.731176 0.774701 1.1768 0.822823 1.00232 0.815036 0.699907 0.783274 0.693779 0.686667 0.67441 0.633071 0.585176 0.565911 0.787338
threshold=1.0000000180025095e-35 1.0000000180025095e-35 5.5000000000000009 8.5000000000000018 22.500000000000004 8.5000000000000018 0.38483300805091863 0.040634499862790115 1.0000000180025095e-35 0.6894265115261079 15.500000000000002 51.500000000000007 26.500000000000004 0.66413798928260814 0.04043450020253659 0.5433734953403474 0.039644500240683563 0.039176499471068389 34.500000000000007 41.500000000000007 0.51784047484397899 29.500000000000004 41.500000000000007 44.500000000000007 37.500000000000007 0.039489500224590308 0.040595499798655517 3.5000000000000004 27.500000000000004 3.5000000000000004
decision_type=2 2 2 2 2 2 2 2 2 2 2 2 2 2 2 2 2 2 2 2 2 2 2 2 2 2 2 2 2 2
left_child=1 2 -1 4 26 -6 7 -7 9 10 27 -11 -10 15 -15 16 17 -12 -19 -20 -18 -14 -23 -16 -9 -13 -4 -8 -17 -30
right_child=-2 -3 3 -5 5 6 8 24 12 11 13 25 21 14 23 28 20 18 19 -21 -22 22 -24 -25 -26 -27 -28 -29 29 -31
leaf_value=-0.044341798000613331 0.045640832857175198 -0.042655377695800217 -0.044714766898166614 -0.043695658115997835 0.051760977490837828 -0.041417688339914445 0.023448097731164866 0.031548361303105434 -0.039724699568052226 0.040638607200124459 0.0049069835930498126 -0.03065055067774149 0.059756569505656477 0.0078642936100000276 -0.078112692668842687 -0.0032262621757336626 0.018032748275606896 0 -0.10317178356661856 -0.012348107089477168 -0.021252411343798263 -0.053173754258955902 0.0075258517099405665 0 -0.03148332571306444 0.023102317283165977 0 0.065899843744258793 0.0289207508234927 -0.0021217038847112803
leaf_weight=20.168888923246413 68.461443018168211 53.922312111826614 1.5096522499807172 8.3892072169110161 2.1009770324453703 1.9484264170750969 5.2475118171423665 1.2694841213524339 1.2764802612364281 8.6255132593214494 2.999097772408283 1.0176583752036088 0.39211092796176705 1.0417216010391706 0.66296248137950875 2.2599079478532067 6.8748753340914828 0.67202520836144719 0.68118743970990159 0.78681322280317545 1.4352336060255764 0.55790955200791392 2.3775826944038272 0.47854979336261749 0.4765392206609248 1.0940703004598615 1.3568868637084959 1.20630557090044 8.9272627755999547 2.2462998516857615
leaf_count=550 1964 8725 85 1556 31 50 52 7 97 175 31 11 7 16 9 22 61 7 7 11 18 21 36 4 17 16 43 22 103 25
internal_value=0.00123336 -0.0201578 -0.00629563 0.00497856 0.0119844 0.0139051 0.0122637 -0.0157566 0.0144241 0.0167542 0.0118966 0.0321043 -0.00778281 0.00693551 -0.0202518 0.00939566 0.000740771 -0.013955 -0.0416598 -0.0615733 0.0104813 0.00381294 -0.00373501 -0.0485041 0.0108631 -0.000755542 -0.0234814 0.0330303 0.0176217 0.0222731
internal_weight=210.465 142.003 88.0811 67.9123 59.523 56.6565 54.5555 3.69445 50.8611 46.257 35.5198 10.7372 4.60408 29.0659 2.18323 26.8827 13.4492 5.13912 2.14003 1.468 8.31011 3.3276 2.93549 1.14151 1.74602 2.11173 2.86654 6.45382 13.4335 11.1736
internal_count=13779 11815 3090 2540 984 856 825 74 751 590 388 202 161 314 29 285 135 56 25 18 79 64 57 13 24 27 128 74 150 128
is_linear=0
shrinkage=0.05


Tree=390
num_leaves=31
num_cat=0
split_feature=8 5 15 10 13 9 7 6 6 6 16 6 6 12 4 12 7 12 12 12 6 6 7 1 12 4 11 12 4 6
split_gain=82.1207 12.1628 10.7775 13.0978 2.72794 2.35804 1.52211 0.967924 0.815408 0.766465 1.60093 1.39025 1.53921 2.17069 1.48035 1.23366 1.27744 1.0818 1.0033 1.67881 0.972115 0.971369 0.821731 0.744777 0.743439 0.741806 0.799047 0.7391 0.68214 0.612489
threshold=1.0000000180025095e-35 1.0000000180025095e-35 1.0000000180025095e-35 1.0000000180025095e-35 1.0000000180025095e-35 1.0000000180025095e-35 27.500000000000004 69.500000000000014 53.500000000000007 23.500000000000004 1.0000000180025095e-35 28.500000000000004 36.500000000000007 9.5000000000000018 0.95665499567985546 16.500000000000004 10.500000000000002 12.500000000000002 17.500000000000004 43.500000000000007 27.500000000000004 24.500000000000004 11.500000000000002 0.089999999850988402 18.500000000000004 1.0123364925384524 5.5000000000000009 67.500000000000014 1.0231050252914431 44.500000000000007
decision_type=2 2 2 2 2 2 2 2 2 2 2 2 2 2 2 2 2 2 2 2 2 2 2 2 2 2 2 2 2 2
left_child=1 27 3 4 5 6 8 29 9 22 24 15 13 -13 -15 17 -17 20 -18 -20 21 -12 -3 -2 -11 26 -24 -1 -27 -8
right_child=23 2 -4 -5 -6 -7 7 -9 -10 10 11 12 -14 14 -16 16 18 -19 19 -21 -22 -23 25 -25 -26 28 -28 -29 -30 -31
leaf_value=-0.044084517093628664 0.04529883657114573 0.048485238608275416 -0.043307529126874911 -0.044200434111709937 -0.042806549261248474 0.044200408262437374 -0.0038955614319393472 0.040620014131015542 0.042275946425621526 -0.038960667901633411 -0.0080512203126420039 -0.019765453630354236 0.0032376497482391369 -0.047577278186021837 0.044908040659289175 -0.061436780912872739 -0.042851067652599967 0.054319886443722779 0.044491072591651665 -0.026621773274181994 -0.022972668469058523 0.052928752030874965 0.061031988382260316 -0.019941998295120389 0.026251487382294009 -0.042653106246630879 0 0.034115075544932302 0.019007060873959009 -0.044049503388546386
leaf_weight=44.078777222894132 68.781343076378107 2.4062410844489923 20.434035263955593 14.470025546848772 2.2863282002508631 4.9617467997595659 2.1347992038354269 0.47436605300754298 1.9840973559766997 2.5024742092937227 1.0427407119423135 1.6084818514063979 10.759391156025229 0.32427206868305702 8.5757459471933526 1.3739723507314918 1.2154071815311907 1.0841113831847904 1.5676856040954592 1.4881227067671714 2.1537096612155437 1.1833540210500357 0.88678193651139758 0.28141625225543876 0.35702879540622223 0.90690374746918656 0.86454341420903802 0.16350546106696029 0.59874774003401399 2.2542941835708916
leaf_count=1546 5532 90 3708 1454 151 357 139 10 51 56 12 29 155 2 143 12 10 14 36 32 15 16 20 6 14 14 32 4 20 99
internal_value=0.000647449 -0.0221318 -0.0114712 -0.00198548 0.00909117 0.0115138 0.00792731 -0.0179473 0.011013 0.00927503 0.00630191 0.00960938 0.0171198 0.0306977 0.0404916 -0.00434748 -0.0208878 0.0119112 -0.00559298 0.00852982 0 0.023097 0.0264759 0.0449323 -0.0285171 0.00776609 0.0301066 -0.0436065 -0.0153623 -0.0261548
internal_weight=203.204 134.142 89.8994 69.4654 54.9953 52.709 47.7473 4.86346 42.8838 40.8997 35.2365 32.377 21.2679 10.5085 8.90002 11.1091 5.64519 5.46392 4.27122 3.05581 4.3798 2.22609 5.66322 69.0628 2.8595 3.25698 1.75133 44.2423 1.50565 4.38909
internal_count=13779 8241 6691 2983 1529 1378 1021 248 773 722 546 476 329 174 145 147 90 57 78 68 43 28 176 5538 70 86 52 1550 34 238
is_linear=0
shrinkage=0.05


Tree=391
num_leaves=31
num_cat=0
split_feature=11 13 8 0 11 0 11 0 17 12 11 19 11 3 4 11 3 0 11 0 1 12 12 14 4 3 9 12 0 0
split_gain=82.3312 14.969 10.0332 4.61433 3.03745 1.90301 1.05907 0.96156 0.893455 0.681674 1.79617 0.674875 0.652068 0.574845 0.880299 0.370911 0.338596 0.331787 0.329174 0.48689 0.320809 0.308319 0.29421 1.58713 0.282914 0.263828 0.247514 0.231366 0.229383 0.218983
threshold=9.5000000000000018 1.0000000180025095e-35 1.0000000180025095e-35 0.66134047508239757 4.5000000000000009 0.27922199666500097 5.5000000000000009 0.33245600759983068 0.46500000357627874 32.500000000000007 6.5000000000000009 1.0000000180025095e-35 23.500000000000004 0.038862500339746482 0.9713684916496278 26.500000000000004 0.042682500556111343 0.34307749569416052 4.5000000000000009 0.48972500860691076 0.089999999850988402 16.500000000000004 20.500000000000004 1.0000000180025095e-35 0.95867100358009349 0.038311500102281577 1.0000000180025095e-35 34.500000000000007 0.34667199850082403 0.43528850376605993
decision_type=2 2 2 2 2 2 2 2 2 2 2 2 2 2 2 2 2 2 2 2 2 2 2 2 2 2 2 2 2 2
left_child=1 3 5 7 11 15 18 -1 17 -6 -11 13 -4 14 24 -2 26 -9 19 -3 -8 -21 28 29 25 -5 -7 -20 -10 -24
right_child=2 6 12 4 9 16 20 8 22 10 -12 -13 -14 -15 -16 -17 -18 -19 27 21 -22 -23 23 -25 -26 -27 -28 -29 -30 -31
leaf_value=-0.044438492862070793 -0.041843776091448681 -0.013508740630583741 -0.042759512477049927 -0.015861739893828223 0.05368771403075423 0.044322965995137048 0.041794017878809729 0.076065369637195332 0 -0.026063510735877662 0.034322256059299033 0.03271608442847386 0.014454024822709117 -0.035945351337149045 0.086105524052945637 0.01606543124067196 0 0 -0.019974406701393551 0 -0.006898750187441462 0.037516040715666943 -0.030191139622514813 -0.039859903568325944 -0.034655634898003974 0.044061457156577076 0 0.021103028547579922 -0.039867040946526308 0.00028064934614766484
leaf_weight=53.011581731028855 0.7013091198168685 0.7881830763071761 3.7192292222753158 0.22733224090188364 1.0470677989069361 72.81565594766289 5.8555118944495916 0.15897974371910351 0.40191720542498188 1.9729812974110243 2.8039529039524496 0.28828915022313673 0.38132665306329716 7.3853759083431214 0.14674318209290493 0.20526335574686527 0.4128270260989656 0.095616634702309966 1.3206161772832272 0.93018812872469459 0.14707875251770008 1.8788249921053646 0.53558198083191921 7.4719220236875117 0.78017305326648057 0.20841251686215401 0.10231210384517808 0.25940102525055397 12.847951563308014 4.5196022940799594
leaf_count=4168 22 25 1038 22 30 3539 216 1 53 43 85 3 9 652 2 5 16 18 27 25 1 49 63 1930 63 2 8 6 1450 208
internal_value=0 -0.0289051 0.0387775 -0.035438 -0.00935786 0.0430198 0.0253514 -0.0402599 -0.0314217 0.0181 0.00833332 -0.0276064 -0.0360312 -0.0305067 0 -0.0234713 0.0439407 0.0434348 0.00734451 0.0161068 0.0396881 0.0263142 -0.0325193 -0.0253192 -0.0167989 0.00634079 0.0441961 -0.00939962 -0.0387114 -0.00250087
internal_weight=183.421 105.083 78.3379 93.9035 14.8603 74.2374 11.1798 79.0432 26.0316 5.824 4.77693 9.03633 4.10056 8.74804 1.36266 0.906572 73.3308 0.254596 5.17721 3.5972 6.00259 2.80901 25.777 12.5271 1.21592 0.435745 72.918 1.58002 13.2499 5.05518
internal_count=13779 9142 4637 8793 902 3590 349 7891 3723 158 128 744 1047 741 89 27 3563 19 132 99 217 74 3704 2201 87 24 3547 33 1503 271
is_linear=0
shrinkage=0.05


Tree=392
num_leaves=1
num_cat=0
split_feature=
split_gain=
threshold=
decision_type=
left_child=
right_child=
leaf_value=0
leaf_weight=
leaf_count=17101
internal_value=
internal_weight=
internal_count=
is_linear=0
shrinkage=1


Tree=393
num_leaves=1
num_cat=0
split_feature=
split_gain=
threshold=
decision_type=
left_child=
right_child=
leaf_value=0
leaf_weight=
leaf_count=17101
internal_value=
internal_weight=
internal_count=
is_linear=0
shrinkage=1


Tree=394
num_leaves=1
num_cat=0
split_feature=
split_gain=
threshold=
decision_type=
left_child=
right_child=
leaf_value=0
leaf_weight=
leaf_count=17101
internal_value=
internal_weight=
internal_count=
is_linear=0
shrinkage=1


Tree=395
num_leaves=1
num_cat=0
split_feature=
split_gain=
threshold=
decision_type=
left_child=
right_child=
leaf_value=0
leaf_weight=
leaf_count=17101
internal_value=
internal_weight=
internal_count=
is_linear=0
shrinkage=1


Tree=396
num_leaves=2
num_cat=0
split_feature=0
split_gain=121.987
threshold=0.042222999967634685
decision_type=2
left_child=-1
right_child=-2
leaf_value=0.045383693937493336 -0.044656120144475793
leaf_weight=72.832953244447708 77.579020036151633
leaf_count=530 13249
internal_value=-0.00102236
internal_weight=150.412
internal_count=13779
is_linear=0
shrinkage=0.05


Tree=397
num_leaves=10
num_cat=0
split_feature=12 14 12 6 6 6 0 0 0
split_gain=92.4773 23.5856 1.40448 1.54287 0.200614 0.641483 0.0782769 0.121971 0.0543342
threshold=9.5000000000000018 1.0000000180025095e-35 11.500000000000002 18.500000000000004 15.500000000000002 17.500000000000004 0.12768299877643588 0.13723200559616092 0.14423999935388568
decision_type=2 2 2 2 2 2 2 2 2
left_child=1 -1 3 4 -2 -6 -3 -8 -9
right_child=2 6 -4 -5 5 -7 7 8 -10
leaf_value=-0.043640787850053542 0.03608474183749235 0.045186298045945698 -0.044632305233226088 -0.040904018932891341 -0.031767413608230093 0.034365958118137058 0.03008809516013768 0.013690877610083047 -0.01575152646565034
leaf_weight=8.2846579784527403 0.74699106812477056 69.945019774138927 67.135484077269211 2.291781454347074 0.58144604880362727 0.67561266664415598 0.84493657201528438 0.19721674919128418 0.22294173762202263
leaf_count=965 2 507 12014 249 7 3 6 1 25
internal_value=-0.00153326 0.0355121 -0.0428223 -0.0130267 0.0169057 5.08006e-06 0.0448392 0.0200819 0
internal_weight=150.926 79.4948 71.4313 4.29583 2.00405 1.25706 71.2101 1.2651 0.420158
internal_count=13779 1504 12275 261 12 10 539 32 26
is_linear=0
shrinkage=0.05


Tree=398
num_leaves=31
num_cat=0
split_feature=14 0 15 11 7 11 6 12 16 7 12 7 6 0 11 12 0 12 12 12 6 6 4 4 12 4 4 6 11 7
split_gain=46.5012 29.9573 16.6558 3.12249 1.54546 1.41673 1.26362 1.15309 1.13999 1.17731 1.11951 1.23482 0.949639 0.854772 1.49205 0.826827 0.760542 0.725623 0.755708 0.916897 0.866926 1.4851 0.739693 0.818369 0.690922 0.640765 1.34653 0.613748 1.02668 0.598652
threshold=1.0000000180025095e-35 0.069784998893737807 1.0000000180025095e-35 1.5000000000000002 26.500000000000004 6.5000000000000009 42.500000000000007 34.500000000000007 1.0000000180025095e-35 10.500000000000002 6.5000000000000009 10.500000000000002 23.500000000000004 0.30444350838661199 9.5000000000000018 19.500000000000004 0.15401049703359607 52.500000000000007 13.500000000000002 14.500000000000002 27.500000000000004 29.500000000000004 0.99416750669479381 0.97979602217674266 13.500000000000002 0.96036151051521312 0.95769348740577709 41.500000000000007 2.5000000000000004 26.500000000000004
decision_type=2 2 2 2 2 2 2 2 2 2 2 2 2 2 2 2 2 2 2 2 2 2 2 2 2 2 2 2 2 2
left_child=1 -1 3 10 8 7 -2 27 -5 12 11 -3 -10 -8 -15 -14 -17 18 20 -20 -11 -22 23 -23 -12 26 -6 -4 -29 -9
right_child=6 2 5 4 25 -7 13 29 9 17 24 -13 15 14 -16 16 -18 -19 19 -21 21 22 -24 -25 -26 -27 -28 28 -30 -31
leaf_value=-0.044184581477018564 -0.043625937560688458 -0.042252892453712748 -0.05036337997911311 0.038297457213835699 0.036692600642758116 -0.043580495022914077 -0.040178337447237797 -0.022229017864252257 -0.013236262527037111 -0.035823784340530442 0.043750803010525773 0.026778502839849328 0.015592585789733186 0.009550719342819031 -0.040669862539496046 -0.0087594069493586342 0.077298995781208343 -0.035874205692868928 0.055348313847199154 0.012898545887314537 0.037762082777442349 0.00067828234240272997 0.0037566899688523643 -0.058595745423026736 -0.030984915494630862 0.034925583187188886 -0.053812227293564677 0.037983006266964214 -0.040773230121479875 0.042002875636063711
leaf_weight=18.134249042719603 41.352664163801819 0.57328876852989097 1.2837297664955243 5.4419771623797706 0.94930137461051589 7.8753260131925344 3.9998375247232598 0.31283652177080501 0.59333834797143836 1.3857521787285865 41.250064313411713 6.8279743120074272 1.6828137119300666 3.7151777469553053 2.2285873577930033 0.15617890702560577 1.9207975277677176 0.71303285285830398 1.3777109105139995 19.698796764016151 2.462433420121668 0.81084658950567234 4.1387643869966269 1.1099574416875837 0.16701849922537704 23.531405017245561 0.57464724127203226 0.68844830989837624 0.75968973897397518 1.2445838935673235
leaf_count=521 7333 8 66 92 23 1567 671 26 39 30 1316 138 41 279 467 14 15 73 19 333 18 10 54 14 4 570 8 5 11 14
internal_value=0.00124481 0.0156876 0.0242683 0.0301599 0.0228746 -0.0309886 -0.0396216 -0.00626401 0.0166378 0.0131329 0.0399216 0.0202729 0.0376327 -0.0222022 -0.00881332 0.0470907 0.0684259 0.00950327 0.0108204 0.0161577 -8.18631e-05 0.00549826 -0.00720129 -0.0323042 0.0432551 0.0328971 0 -0.0264115 -6.76235e-05 0.0255212
internal_weight=196.961 145.665 127.531 115.366 66.5478 12.1646 51.2963 4.28929 41.4924 36.0504 48.8183 7.40126 4.35313 9.9436 5.94377 3.75979 2.07698 31.6973 30.9843 21.0765 9.90775 8.522 6.05957 1.9208 41.4171 25.0554 1.52395 2.73187 1.44814 1.55742
internal_count=13779 5029 4508 2819 1353 1689 8750 122 752 660 1466 146 109 1417 746 70 29 551 478 352 126 96 78 24 1320 601 31 82 16 40
is_linear=0
shrinkage=0.05


Tree=399
num_leaves=31
num_cat=0
split_feature=16 5 15 10 14 0 13 14 7 0 6 7 6 3 0 0 3 3 7 6 7 6 0 0 7 6 6 3 3 7
split_gain=46.356 18.5722 15.3351 15.5278 9.25743 4.30703 3.06335 3.01279 1.89689 1.62091 1.57063 0.934796 0.718066 0.999184 1.01079 1.72764 1.32016 1.356 1.52928 0.886964 0.928775 0.760876 0.735515 0.701234 0.696163 0.840892 1.47687 0.639717 1.24048 0.638578
threshold=1.0000000180025095e-35 1.0000000180025095e-35 1.0000000180025095e-35 1.0000000180025095e-35 1.0000000180025095e-35 0.73145151138305675 1.0000000180025095e-35 1.0000000180025095e-35 20.500000000000004 0.63755548000335704 26.500000000000004 32.500000000000007 29.500000000000004 0.038311500102281577 0.5433734953403474 0.51784047484397899 0.039585500955581672 0.039686501026153571 16.500000000000004 22.500000000000004 10.500000000000002 43.500000000000007 0.5694749951362611 0.42891350388526922 20.500000000000004 43.500000000000007 44.500000000000007 0.040264500305056579 0.039712499827146537 22.500000000000004
decision_type=2 2 2 2 2 2 2 2 2 2 2 2 2 2 2 2 2 2 2 2 2 2 2 2 2 2 2 2 2 2
left_child=4 -2 3 5 10 6 7 9 -9 12 -1 27 19 -14 15 16 29 -18 -19 -3 -21 -20 -16 -4 -24 -26 -27 28 -11 -15
right_child=1 2 23 -5 -6 -7 -8 8 -10 11 -12 -13 13 14 22 -17 17 18 21 20 -22 -23 24 -25 25 26 -28 -29 -30 -31
leaf_value=0.026540644854871939 -0.043289289505376499 0.03213440690507012 0 -0.044040674301377238 0.045464523415702486 -0.041937519800200766 -0.041988848810953126 0.042435635214800163 -0.010074263215322022 0.056818338101326894 -0.037849129390852207 -0.022912230279902007 -0.027066907703937999 0.052951927199771098 -0.035095179689937056 0.077238086195819011 -0.047512030419832457 0.037462314486799764 -0.022890454922329002 -0.030831994622824974 0.0026883386755029038 0.013326550164120113 0.0573224848797112 -0.044366067818061648 -0.029941891930237531 0.11708604463087878 -0.021370765520910495 0.07835066671470392 -0.01588037191659768 0
leaf_weight=1.0472887223586429 40.841707435436547 1.7510732365772117 0.72429248411208647 12.049929362721739 50.769987995736301 2.7406640914268783 1.7465988532640029 19.251532132737342 1.6852549840696145 1.3282401957549157 4.1451010433956981 0.31761099211871613 1.1141490740701581 3.0648419056087763 1.2437033001333468 1.344995418563484 0.86666020750999351 3.9341722466051561 2.5030211172997952 2.6037447284907085 7.8807960730046034 3.0788934845477343 0.50773791037499938 18.5147809619084 1.0949217788875101 0.2326192520558833 0.29194914549589157 1.4958436023443935 0.78988577891141165 0.80024270527064789
leaf_count=23 1558 55 75 1319 4446 249 93 1521 75 30 226 13 13 56 19 21 8 73 23 23 89 40 8 3637 21 3 10 29 12 11
internal_value=0.000734241 -0.0152215 -0.0028027 0.00752623 0.0389309 0.0177382 0.0206646 0.0227356 0.0379435 0.013733 -0.0236611 0.0440238 0.00976885 0.0155649 0.0184607 0.0238618 0.0179714 0.00791594 0.0139255 0 -0.0053764 -0.0021508 -0.00505048 -0.0424733 0.0110575 -0.00302962 0.0409384 0.0517112 0.0279599 0.0428414
internal_weight=189.762 133.8 92.9582 73.7191 55.9624 61.6692 58.9285 57.1819 20.9368 36.2451 5.19239 3.93158 32.3135 20.0779 18.9638 15.5928 14.2478 10.3827 9.51609 12.2356 10.4845 5.58191 3.37093 19.2391 2.12723 1.61949 0.524568 3.61397 2.11813 3.86508
internal_count=13779 9084 7526 3814 4695 2495 2246 2153 1596 557 249 84 473 306 293 232 211 144 136 167 112 63 61 3712 42 34 13 71 42 67
is_linear=0
shrinkage=0.05


Tree=400
num_leaves=31
num_cat=0
split_feature=11 0 8 10 16 12 0 7 17 11 11 12 6 6 6 0 6 6 11 12 11 11 4 6 4 6 12 9 12 0
split_gain=74.6866 10.8297 9.05654 7.38582 2.66181 2.02379 1.78938 1.29936 0.992927 0.665956 0.651913 0.532143 0.742898 0.471158 1.19572 0.521911 0.463446 0.635529 0.423562 0.418444 0.39724 0.345361 0.326014 0.31109 0.33474 0.291119 0.275709 0.2357 0.207104 0.177426
threshold=9.5000000000000018 0.54043349623680126 1.0000000180025095e-35 1.0000000180025095e-35 1.0000000180025095e-35 14.500000000000002 0.27922199666500097 15.500000000000002 0.53499999642372142 6.5000000000000009 23.500000000000004 31.500000000000004 27.500000000000004 50.500000000000007 33.500000000000007 0.66413798928260814 35.500000000000007 34.500000000000007 3.5000000000000004 39.500000000000007 4.5000000000000009 26.500000000000004 1.06571900844574 29.500000000000004 0.99072250723838817 50.500000000000007 6.5000000000000009 1.0000000180025095e-35 43.500000000000007 0.67654350399971019
decision_type=2 2 2 2 2 2 2 2 2 2 2 2 2 2 2 2 2 2 2 2 2 2 2 2 2 2 2 2 2 2
left_child=1 7 6 4 -3 16 21 -1 -9 11 -4 13 -13 14 15 -7 17 -6 -17 26 -15 -2 27 24 -14 -25 -10 28 -8 -11
right_child=2 3 10 -5 5 9 22 8 19 29 -12 12 23 20 -16 18 -18 -19 -20 -21 -22 -23 -24 25 -26 -27 -28 -29 -30 -31
leaf_value=-0.043146415681529854 -0.041366952514249121 -0.040806495607772636 -0.042501936256108541 -0.043709177366816017 -0.01585786848025832 0 0 0.059314855748844035 0 0.019855495149357579 0.015018530563406438 0.027750834486364968 -0.066501431474482883 0.046884453536708538 -0.020771048788445001 0 -0.040306553673875874 0.068618129300257125 0.059009864685063286 0 0 0.014992375462933669 0 0.011163833330350001 0 -0.021848029475810323 -0.032194295106769945 0 0.044149668144416808 0.042974296274176316
leaf_weight=56.228934872196987 0.66621069377288122 2.2208070948254344 3.4202964766882356 8.7987604495137912 1.095684619154784 0.94551434367895337 0.076039038598536446 0.24167855409905215 0.57162670791148951 2.8106854236684731 0.38137982040643681 1.4802524484694002 0.40593001758679781 2.3004773240536456 1.746886833803728 0.54555585095658887 1.5556102055124936 0.17358080483973015 1.3265203153714535 1.4814039082266388 0.71843719854950894 0.19640526734292507 0.41940136253833671 1.238466074690223 0.28730014897882938 1.1117072757333515 6.7583500812761486 0.098376813810317709 67.125545421615243 3.8468497842550278
leaf_count=5950 22 456 1038 1005 68 88 1 7 35 105 9 66 5 30 87 18 86 2 38 120 6 5 17 41 9 16 766 8 3537 138
internal_value=0 -0.0284592 0.0384843 -0.00473275 0.00958391 0.0151621 0.0426876 -0.040209 -0.0211462 0.021245 -0.035213 0.0133834 0 0.0213944 0.00938931 0.0298733 -0.0228797 0 0.0445186 -0.024555 0.0370594 -0.0231162 0.0436324 -0.014272 -0.0420201 -0.00266553 -0.0293932 0.0439059 0.0440375 0.0343922
internal_weight=170.275 97.891 72.3837 32.609 23.8103 21.5895 68.582 65.282 9.05306 18.7646 3.80168 12.107 4.52366 7.58339 4.56448 2.81759 2.82488 1.26927 1.87208 8.81138 3.01891 0.862616 67.7194 3.0434 0.69323 2.35017 7.32998 67.3 67.2016 6.65754
internal_count=13779 9142 4637 2264 1259 803 3590 6878 928 647 1047 404 137 267 231 144 156 70 56 921 36 27 3563 71 14 57 801 3546 3538 243
is_linear=0
shrinkage=0.05


Tree=401
num_leaves=1
num_cat=0
split_feature=
split_gain=
threshold=
decision_type=
left_child=
right_child=
leaf_value=0
leaf_weight=
leaf_count=17101
internal_value=
internal_weight=
internal_count=
is_linear=0
shrinkage=1


Tree=402
num_leaves=1
num_cat=0
split_feature=
split_gain=
threshold=
decision_type=
left_child=
right_child=
leaf_value=0
leaf_weight=
leaf_count=17101
internal_value=
internal_weight=
internal_count=
is_linear=0
shrinkage=1


Tree=403
num_leaves=1
num_cat=0
split_feature=
split_gain=
threshold=
decision_type=
left_child=
right_child=
leaf_value=0
leaf_weight=
leaf_count=17101
internal_value=
internal_weight=
internal_count=
is_linear=0
shrinkage=1


Tree=404
num_leaves=1
num_cat=0
split_feature=
split_gain=
threshold=
decision_type=
left_child=
right_child=
leaf_value=0
leaf_weight=
leaf_count=17101
internal_value=
internal_weight=
internal_count=
is_linear=0
shrinkage=1


Tree=405
num_leaves=2
num_cat=0
split_feature=1
split_gain=108.681
threshold=0.089999999850988402
decision_type=2
left_child=-1
right_child=-2
leaf_value=-0.04461812743339582 0.045274228840051771
leaf_weight=70.207697267178446 64.336297817528248
leaf_count=13138 510
internal_value=-0.00159453
internal_weight=134.544
internal_count=13648
is_linear=0
shrinkage=0.05


Tree=406
num_leaves=7
num_cat=0
split_feature=12 5 0 6 12 12
split_gain=83.9551 20.6619 1.4801 0.621131 0.270233 0.100175
threshold=9.5000000000000018 1.0000000180025095e-35 0.042222999967634685 10.500000000000002 10.500000000000002 11.500000000000002
decision_type=2 2 2 2 2 2
left_child=1 2 -1 5 -5 -2
right_child=3 -3 -4 4 -6 -7
leaf_value=-0.029509032939851344 0.023534618772059122 -0.043659052243691959 0.045262146164839034 -0.01435415135604084 -0.044603970321684526 -0.010114899562461045
leaf_weight=0.52379821985959907 0.31333792209625144 7.2837355565279713 62.815291702747345 1.3639193535782386 62.39862158941105 0.17389183468185365
leaf_count=16 1 964 494 82 12068 23
internal_value=-0.0022585 0.0353055 0.0445195 -0.043617 -0.0440587 0.00333321
internal_weight=134.873 70.6228 63.3391 64.2498 63.7625 0.48723
internal_count=13648 1474 510 12174 12150 24
is_linear=0
shrinkage=0.05


Tree=407
num_leaves=31
num_cat=0
split_feature=10 7 11 8 0 0 15 12 4 15 7 11 12 4 4 4 4 0 7 12 0 7 0 12 0 4 0 0 0 4
split_gain=66.3011 14.4207 12.3988 6.42725 2.50748 1.74345 1.43354 1.00729 0.952699 0.922423 0.960484 0.899386 1.7549 1.02949 1.39116 1.29894 1.11222 0.932529 0.932928 0.992846 0.883231 0.95149 0.880103 0.865223 0.804321 0.753169 0.586992 0.521105 0.500112 1.27999
threshold=1.0000000180025095e-35 7.5000000000000009 8.5000000000000018 1.0000000180025095e-35 0.6894265115261079 0.66413798928260814 1.0000000180025095e-35 46.500000000000007 1.006883502006531 1.0000000180025095e-35 26.500000000000004 7.5000000000000009 24.500000000000004 1.0085345506668093 1.0010004639625552 1.0311039686203005 0.9859679937362672 0.46841099858284002 19.500000000000004 11.500000000000002 0.56029951572418224 17.500000000000004 0.47251349687576299 16.500000000000004 0.42467950284481054 1.0408474802970888 0.39504700899124151 0.42467950284481054 0.42891350388526922 1.0164715051651003
decision_type=2 2 2 2 2 2 2 2 2 2 2 2 2 2 2 2 2 2 2 2 2 2 2 2 2 2 2 2 2 2
left_child=1 -1 3 4 5 6 11 9 -7 -6 -11 12 13 14 16 28 17 24 19 -19 -14 -22 -16 -10 26 27 -3 -17 29 -15
right_child=-2 2 -4 -5 7 8 -8 -9 23 10 -12 -13 20 15 22 25 -18 18 -20 -21 21 -23 -24 -25 -26 -27 -28 -29 -30 -31
leaf_value=-0.044546653765326877 0.044820831254989479 -0.038848555992128074 -0.044228406829463794 -0.043354411481494728 0.03690977016935898 0 -0.034902059537393886 -0.034258709822937369 -0.11658142319948034 -0.035406029422920815 0.020199838118565711 0.036445974095422079 -0.041325205269535759 0.03422753018016314 0.011156532623526791 0.00098433178747331699 0.021309508059915907 0.013197853798623319 0.024517668303359712 -0.043837035533945183 0.042624745987395823 -0.023498292087508275 -0.043300186027177584 -0.02468518627510401 -0.062400679255470139 0.010909321146963316 0.017895921026844123 -0.060955828367918991 0.035286943889146903 -0.032119646830424634
leaf_weight=40.178009212948382 57.984683185815811 0.65699502686039524 18.285911012673751 6.7816271197516462 9.8055612724274344 0.96502565033733789 2.0909817218780509 0.51861026696860868 0.4633493050932882 0.86222402239218432 3.3775763534940779 2.2904596002772442 2.7410572534427038 1.758985750144346 0.82229154510423486 0.30094149569049411 7.6493518033530554 1.3381540104746821 3.1823474620468915 1.3581347260624168 0.76801838423125479 1.3518164679408071 2.397154011297971 0.97131907567381859 1.0008697279263286 1.386020675068721 0.9662480338010937 0.78924832306802273 7.1393977412953973 1.0483673352282492
leaf_count=3564 1948 19 4354 2405 202 32 162 38 7 94 51 30 258 16 13 7 93 10 36 31 33 28 32 20 13 24 8 16 82 22
internal_value=0.000748666 -0.0199654 -0.00797659 0.00223147 0.00771304 0.00155121 0.0041214 0.0256136 -0.0388076 0.0284044 0.00718419 0.00642863 0.00432287 0.00872916 0.00122288 0.0199315 0.00748512 -0.00447368 0.00594379 -0.0142831 -0.0230852 0 -0.0279678 -0.0632852 -0.0290082 -0.0107129 -0.00309107 -0.0410104 0.0280886 0.00747874
internal_weight=181.231 123.246 83.068 64.7821 58.0005 43.4365 41.0368 14.564 2.39969 14.0454 4.2398 38.9459 36.6554 31.7945 19.3715 12.423 16.1521 8.50275 5.87864 2.69629 4.86089 2.11983 3.21945 1.43467 2.62411 2.47621 1.62324 1.09019 9.94675 2.80735
internal_count=13648 11700 8136 3782 1377 992 933 385 59 347 145 771 741 422 255 167 210 117 77 41 319 61 45 27 40 47 27 23 120 38
is_linear=0
shrinkage=0.05


Tree=408
num_leaves=31
num_cat=0
split_feature=8 5 15 10 0 6 9 16 0 0 12 4 12 7 11 12 4 4 4 11 0 0 0 7 0 12 4 12 11 7
split_gain=61.729 12.546 11.1307 12.9563 3.59671 1.65003 1.10392 2.04725 1.36926 1.40961 1.15611 1.7918 1.02367 0.939333 0.76462 0.756852 0.71035 1.22299 1.13392 1.1621 1.12754 1.2092 1.33304 0.927443 0.955487 0.906432 1.5951 1.0706 0.828779 0.759849
threshold=1.0000000180025095e-35 1.0000000180025095e-35 1.0000000180025095e-35 1.0000000180025095e-35 0.73145151138305675 22.500000000000004 1.0000000180025095e-35 1.0000000180025095e-35 0.66413798928260814 0.6894265115261079 18.500000000000004 1.010875463485718 60.500000000000007 40.500000000000007 10.500000000000002 15.500000000000002 1.0085345506668093 1.0010004639625552 0.98735201358795177 6.5000000000000009 0.32319949567317968 0.3520949929952622 0.42160099744796758 10.500000000000002 0.53383100032806408 15.500000000000002 1.0346699953079226 43.500000000000007 3.5000000000000004 23.500000000000004
decision_type=2 2 2 2 2 2 2 2 2 2 2 2 2 2 2 2 2 2 2 2 2 2 2 2 2 2 2 2 2 2
left_child=1 14 3 4 5 -3 7 -7 16 10 11 -10 -11 -2 -1 -4 17 18 19 -9 -18 -22 -23 28 -25 26 -24 29 -20 -27
right_child=13 2 15 -5 -6 6 -8 8 9 12 -12 -13 -14 -15 -16 -17 20 -19 23 -21 21 22 25 24 -26 27 -28 -29 -30 -31
leaf_value=-0.043878414603011874 0.044769774824353126 0.042628728483600747 0.036835493640617216 -0.044022117558384061 -0.041771178509120752 -0.031692267203103877 0.043077325130763296 0.029312218049326513 0.0082751175110081458 -0.032517139185565237 0.022883496697338138 0.193388869451629 0.07125614853213405 -0.033465044265955479 0.037864573489242603 -0.044215468231416991 0.042982340665834388 0.040793599573226369 0 -0.010920379794532647 -0.048688308939407676 0.048805820493837491 -0.037994901483012322 0.019567783318074509 -0.019447259867293565 0.036716510461372545 0.036590166600635722 -0.020438614034180094 -0.069441477943579008 -0.0089375840605968992
leaf_weight=35.635043602436781 58.006613472476602 5.3078368981368831 0.15438357554376381 12.257427738513796 2.7000092221423975 2.5420992858707896 2.8099551759660235 8.4060869161039644 0.2842331659048789 0.62721556797623623 0.69513352774083614 0.34226597473025322 0.25258713681250811 0.24539748020470042 0.15108770132064719 17.272263887804002 1.3757182331755746 4.1789693259634069 0.69418698363006004 2.0117237400263539 1.2109344508498896 1.2450625412166108 3.2932516168802959 4.0066624088212848 2.3653838401660323 2.8672914206981663 0.7588755041360854 1.9456897433847187 0.8072802796959877 1.0419816039502618
leaf_count=1495 5499 282 8 1451 265 76 218 124 9 30 18 8 20 3 4 3685 36 71 9 51 9 24 38 65 36 40 8 44 5 17
internal_value=0.00224598 -0.0186251 -0.00768804 0.00189868 0.0129314 0.0161219 0.0127031 0.0103973 0.0133878 0.0514381 0.0822324 0.128987 0 0.0442977 -0.0432894 -0.0430061 0.0108014 0.0162828 0.0102197 0.0210378 0.00142213 -0.00310912 0.00178437 -0.0035515 0.00423565 -0.00405402 -0.0222777 0.00788098 -0.0379223 0.0233813
internal_weight=175.493 117.241 81.4545 64.0279 51.7704 49.0704 43.7626 40.9526 38.4105 2.20144 1.32163 0.626499 0.879803 58.252 35.7861 17.4266 36.2091 22.4703 18.2913 10.4178 13.7388 12.3631 11.1522 7.87351 6.37205 9.90709 4.05213 5.85496 1.50147 3.90927
internal_count=13648 8146 6647 2954 1503 1238 956 738 662 85 35 17 50 5502 1499 3693 577 361 290 175 216 180 171 115 101 147 46 101 14 57
is_linear=0
shrinkage=0.05


Tree=409
num_leaves=31
num_cat=0
split_feature=15 12 7 10 6 12 12 6 12 0 19 0 0 12 6 13 12 0 13 3 3 12 7 12 7 6 12 0 12 6
split_gain=86.7743 8.1211 3.31045 2.10111 2.95344 1.62122 1.48585 1.33656 1.1368 0.867465 0.784556 0.767647 0.722069 0.693963 0.67217 0.61369 0.56189 0.519636 0.458912 0.44116 0.521661 0.436103 0.969583 0.99202 0.867117 0.432029 0.3521 0.286986 0.262931 0.214278
threshold=1.0000000180025095e-35 105.50000000000001 16.500000000000004 1.0000000180025095e-35 49.500000000000007 45.500000000000007 17.500000000000004 52.500000000000007 13.500000000000002 0.53383100032806408 1.0000000180025095e-35 0.24100400507450107 0.1730034947395325 43.500000000000007 21.500000000000004 1.0000000180025095e-35 14.500000000000002 0.4469559937715531 1.0000000180025095e-35 0.040072500705719001 0.040352500975131995 39.500000000000007 42.500000000000007 38.500000000000007 26.500000000000004 41.500000000000007 36.500000000000007 0.72120651602745067 51.500000000000007 46.500000000000007
decision_type=2 2 2 2 2 2 2 2 2 2 2 2 2 2 2 2 2 2 2 2 2 2 2 2 2 2 2 2 2 2
left_child=1 2 15 4 5 10 25 8 -6 -7 14 -3 -8 -9 -4 27 -10 -15 26 28 -21 22 23 -14 -25 -2 -18 -1 -11 -27
right_child=6 11 3 -5 7 9 12 13 16 19 -12 -13 21 17 -16 -17 18 -19 -20 20 -22 -23 -24 24 -26 29 -28 -29 -30 -31
leaf_value=-0.044233507467106289 0.030974559972859361 -0.036067537779831259 0.028230063149929353 -0.040163632726070896 0.10416413045093567 -0.039908511451548792 -0.020262398204305504 -0.037139662237346993 -0.02479147776295848 0 0.030711668987398577 0.04081721517937862 0.045391724776076163 -0.023993292965622238 -0.044515229742552564 0 0.050254128162382172 0.041646293739230067 -0.016766656245813097 -0.047677648358041627 0.013986137398821314 0.045106957079104032 -0.0040156726369974527 0.02792983535792758 -0.066677772508019706 -0.044974527714446454 0 0 0.043180508472154114 0
leaf_weight=56.170233199140057 0.40318178944289584 0.20870096003636618 0.18243996798992324 9.4463360253721493 0.51607782486826126 0.83158935862593386 0.28691987320780654 1.0773090659640732 0.34682371933013234 0.40619930927641723 0.24547269195318211 3.8182862924877554 5.461849331855773 0.30341725307516743 6.9880276757758111 0.64283668342977662 1.6857897669542588 0.69050336442887783 0.22962186485528935 0.39493622747249879 0.89571876404806972 59.175063209608197 1.4713073186576364 0.41083538345992554 0.31806856393814087 0.47401206940412499 0.4803489337209611 0.1995332301594307 1.2044540066272018 0.61512892693281174
leaf_count=7431 7 19 1 1102 5 69 7 143 9 9 2 192 177 42 739 14 35 11 7 13 39 3478 11 13 1 5 16 9 37 5
internal_value=-3.59937e-05 -0.0332206 -0.0366236 -0.0212996 -0.0100073 -0.0247749 0.0419367 0.0198495 0.0396775 0.000848603 -0.0381778 0.0348437 0.0430415 -0.00943366 -0.0416138 -0.0434548 0.0225465 0.016676 0.0321215 0.0151371 -0.00335895 0.0434178 0.0293149 0.037969 -0.0103852 -0.00419767 0.0400215 -0.0440112 0.0322111 -0.0229324
internal_weight=155.581 86.9647 82.9377 25.9251 16.4787 11.1488 68.6164 5.32989 3.25866 3.7329 7.41594 4.02699 67.124 2.07123 7.17047 57.0126 2.74258 0.993921 2.39576 2.90131 1.29065 66.8371 7.66206 6.19075 0.728904 1.49232 2.16614 56.3698 1.61065 1.08914
internal_count=13648 9944 9733 2279 1177 909 3704 268 72 167 742 211 3687 196 740 7454 67 53 58 98 52 3680 202 191 14 17 51 7440 46 10
is_linear=0
shrinkage=0.05


Tree=410
num_leaves=1
num_cat=0
split_feature=
split_gain=
threshold=
decision_type=
left_child=
right_child=
leaf_value=0
leaf_weight=
leaf_count=17101
internal_value=
internal_weight=
internal_count=
is_linear=0
shrinkage=1


Tree=411
num_leaves=1
num_cat=0
split_feature=
split_gain=
threshold=
decision_type=
left_child=
right_child=
leaf_value=0
leaf_weight=
leaf_count=17101
internal_value=
internal_weight=
internal_count=
is_linear=0
shrinkage=1


Tree=412
num_leaves=1
num_cat=0
split_feature=
split_gain=
threshold=
decision_type=
left_child=
right_child=
leaf_value=0
leaf_weight=
leaf_count=17101
internal_value=
internal_weight=
internal_count=
is_linear=0
shrinkage=1


Tree=413
num_leaves=1
num_cat=0
split_feature=
split_gain=
threshold=
decision_type=
left_child=
right_child=
leaf_value=0
leaf_weight=
leaf_count=17101
internal_value=
internal_weight=
internal_count=
is_linear=0
shrinkage=1


Tree=414
num_leaves=2
num_cat=0
split_feature=0
split_gain=99.6368
threshold=0.042222999967634685
decision_type=2
left_child=-1
right_child=-2
leaf_value=0.045178934589898821 -0.044586185002230112
leaf_weight=59.098683275282383 64.589489869773388
leaf_count=510 13138
internal_value=-0.00165383
internal_weight=123.688
internal_count=13648
is_linear=0
shrinkage=0.05


Tree=415
num_leaves=6
num_cat=0
split_feature=12 14 12 0 0
split_gain=76.8252 19.1364 0.329094 0.267556 0.281101
threshold=9.5000000000000018 1.0000000180025095e-35 11.500000000000002 0.12768299877643588 0.13456099480390551
decision_type=2 2 2 2 2
left_child=1 -1 -2 -3 -5
right_child=2 3 -4 4 -6
leaf_value=-0.043346933364741082 -0.022690876092164591 0.044958359273199661 -0.044563572196983273 0.030298812209413457 -0.020855035138175014
leaf_weight=6.7982336669228962 3.0950940519105634 57.234530888497829 56.066175995394588 0.52977563440799613 0.28130709426477551
leaf_count=949 252 492 11922 4 29
internal_value=-0.00234226 0.0351808 -0.0435439 0.0445226 0.00672747
internal_weight=124.005 64.8438 59.1613 58.0456 0.811083
internal_count=13648 1474 12174 525 33
is_linear=0
shrinkage=0.05


Tree=416
num_leaves=31
num_cat=0
split_feature=14 0 15 11 0 11 6 12 6 0 0 12 7 3 6 0 12 7 12 12 12 12 6 6 11 6 6 6 7 6
split_gain=36.0547 22.7398 12.208 2.94412 2.22973 1.45095 1.38845 1.27313 2.04091 1.163 1.03492 1.56011 1.00435 0.926865 0.891169 0.889817 0.852676 0.684397 0.621478 0.824757 0.594911 0.488562 0.616534 1.59183 0.567547 0.428412 0.820612 0.404989 0.471082 0.613134
threshold=1.0000000180025095e-35 0.069784998893737807 1.0000000180025095e-35 1.5000000000000002 0.6894265115261079 6.5000000000000009 42.500000000000007 6.5000000000000009 30.500000000000004 0.66413798928260814 0.3716260045766831 26.500000000000004 26.500000000000004 0.041607499122619636 36.500000000000007 0.68298450112342846 49.500000000000007 23.500000000000004 34.500000000000007 15.500000000000002 13.500000000000002 44.500000000000007 43.500000000000007 44.500000000000007 2.5000000000000004 24.500000000000004 23.500000000000004 21.500000000000004 15.500000000000002 30.500000000000004
decision_type=2 2 2 2 2 2 2 2 2 2 2 2 2 2 2 2 2 2 2 2 2 2 2 2 2 2 2 2 2 2
left_child=1 -1 3 7 9 12 -2 8 15 17 -8 -12 -4 14 -11 25 -6 27 19 -14 -9 22 -19 24 -24 26 -3 -5 -29 -30
right_child=6 2 5 4 16 -7 10 20 -10 13 11 -13 18 -15 -16 -17 -18 21 -20 -21 -22 -23 23 -25 -26 -27 -28 28 29 -31
leaf_value=-0.044019902396972892 -0.043286559462082125 -0.056760585586094404 -0.03936246932368774 -0.029037927133913108 0.040453217120954975 -0.043306621876405202 -0.038579154694725004 0.0421600103631002 0.035001981229565819 -0.042086279385155738 0.027641050500534333 -0.028066329241448945 0.033945257721932617 -0.071612559091524808 0.024188139350757934 0.028546231450794886 -0.0070359362982335139 0.045740645440075042 0.038564620975270518 -0.039699079092713987 -0.023167338686699169 -0.013313268297750529 0.0015859668177852903 0.028037148991131036 -0.055968030498738136 -0.078456192375052858 0.022850003324888547 0.022038116044364963 -0.007278160712642443 0.012748659165039908
leaf_weight=14.643540253862737 34.42172947502695 0.51393073983490356 1.2270098151639088 0.43438082328066485 13.525769580155607 6.5979005298577249 3.8370634582824987 34.611405315808952 4.2446621526032686 0.7124233972281212 2.1145133692771196 2.7524542843457311 0.51328046619892143 0.50509491469711054 1.2484173271805046 0.42303075455129135 0.79669046914205033 3.8384792283177349 1.2239941088482735 0.80593414139002562 0.19404303282499213 0.53708564583212215 0.56226857751607784 8.334663203917442 0.71606473252177238 0.53056891262531269 0.49577511101961136 9.411311177536847 4.6950657912530032 15.044641372747718
leaf_count=501 7272 8 95 45 380 1548 829 1301 117 12 61 521 4 7 28 8 47 74 14 21 5 20 8 191 9 5 3 202 63 249
internal_value=0.00075611 0.0142568 0.021971 0.0272844 0.0200254 -0.0292684 -0.0386358 0.0377716 0.0152659 0.0144319 -0.0193928 -0.00278771 -0.00292537 -0.0175018 0 -0.0246086 0.0374345 0.0163895 0.0135867 -0.00714958 0.0415872 0.025803 0.0278205 0.019753 -0.0287472 -0.043106 -0.0146287 0.0116983 0.0125734 0.00772061
internal_weight=169.513 126.387 111.744 101.376 60.3624 10.3681 43.1258 41.0134 6.20797 46.0399 8.70403 4.86697 3.77022 2.46594 1.96084 1.96331 14.3225 43.574 2.54321 1.31921 34.8054 13.9886 13.4515 9.613 1.27833 1.54027 1.00971 29.5854 29.151 19.7397
internal_count=13648 4965 4464 2782 1335 1682 8683 1447 141 908 1411 582 134 47 40 24 427 861 39 25 1306 302 282 208 17 16 11 559 514 312
is_linear=0
shrinkage=0.05


Tree=417
num_leaves=31
num_cat=0
split_feature=5 0 10 13 14 12 0 7 12 12 3 12 6 6 6 6 7 12 3 0 6 12 6 3 6 3 12 3 0 3
split_gain=34.2391 21.9112 15.4495 10.4669 7.08993 3.81241 1.42882 1.22533 1.02387 0.991011 1.15368 0.855983 0.778648 0.689763 1.77617 1.17373 0.967702 0.900911 0.731284 0.614024 0.603509 0.776477 0.565467 0.55675 0.746049 0.613035 0.52898 0.648318 0.475545 0.45794
threshold=1.0000000180025095e-35 0.6894265115261079 1.0000000180025095e-35 1.0000000180025095e-35 1.0000000180025095e-35 110.50000000000001 0.66413798928260814 21.500000000000004 51.500000000000007 18.500000000000004 0.04043450020253659 71.500000000000014 22.500000000000004 43.500000000000007 46.500000000000007 53.500000000000007 23.500000000000004 44.500000000000007 0.038386998698115356 0.20250499993562701 25.500000000000004 13.500000000000002 27.500000000000004 0.039501499384641654 39.500000000000007 0.039512500166893012 17.500000000000004 0.039245499297976501 0.62537801265716564 0.041351500898599632
decision_type=2 2 2 2 2 2 2 2 2 2 2 2 2 2 2 2 2 2 2 2 2 2 2 2 2 2 2 2 2 2
left_child=11 2 3 4 6 7 12 -6 -9 10 -8 19 -2 16 -15 26 18 -18 22 -1 21 -20 -14 24 -22 -25 -16 -28 -27 -23
right_child=1 -3 -4 -5 5 -7 9 8 -10 -11 -12 -13 13 14 15 -17 17 -19 20 -21 23 29 -24 25 -26 28 27 -29 -30 -31
leaf_value=-0.044207100802088548 0.03797846047020071 -0.039415759063640567 -0.043651455807023426 -0.043583564164933974 0.04467257745071733 -0.027089162492545771 0.0016067569484504659 0.034676650403832741 -0.027555852013980905 0.010046640345916494 0.13280636728632675 0.049655740771039208 0.0080034209413287812 0.053031401164382742 -0.031552700022784624 0.031043668915822959 -0.04216814088352637 0.031129152205969231 0.02776537684799147 0.025296261804953146 0.038034075522916898 -0.0297026394804016 -0.04733452730085818 -0.037676325719051287 -0.006668926915276297 0.013464082331985403 0.048112699426281588 -0.012611372331079104 -0.020827770533108678 0.024953088379859344
leaf_weight=32.858213898260146 2.5660491508897385 16.701632265932858 8.2491045510396344 4.8884671193081877 57.337139608571306 1.841890834737568 0.33850504457950481 1.3677425826899701 1.051541343796998 0.86156033328734338 0.54148083925247192 0.11920714005827804 0.55586728081107739 2.8705281291622651 1.7883234657347205 2.4638040214776993 1.7710736193694168 0.38129407097585488 0.94096767157316508 0.16903546638786693 4.002314000157642 2.4564519373234366 0.92775624664500356 0.55283202789723773 0.94173481501638878 12.621600585291159 0.52310063014738251 1.2411847023759035 0.90213833213783878 0.27272422052919854
leaf_count=1494 124 3106 1017 866 5835 288 11 106 54 60 10 3 6 66 25 71 40 16 13 11 77 42 10 4 12 209 11 32 24 5
internal_value=0.00229151 0.013815 0.0216674 0.0268337 0.030327 0.0409643 0.01356 0.0431872 0.00562251 0.0573202 0.0927537 -0.0429909 0.0112648 0.00907451 0.021209 0.00458979 0.00472438 -0.026158 0.0077764 -0.0436252 0.0101869 -0.00735513 -0.0242477 0.013854 0.0285644 0.00816954 -0.0127352 0.00432599 0.0106735 -0.0217847
internal_weight=164.105 130.959 114.257 106.008 101.12 61.5983 39.5213 59.7564 2.41928 1.74155 0.879986 33.1465 37.7797 35.2137 8.88694 6.01641 26.3268 2.15237 24.1744 33.0272 22.6908 3.67014 1.48362 19.0206 4.94405 14.0766 3.55261 1.76429 13.5237 2.72918
internal_count=13648 12140 9034 8017 7151 6283 868 5995 160 81 21 1508 787 663 205 139 458 56 402 1505 386 60 16 326 89 237 68 43 233 47
is_linear=0
shrinkage=0.05


Tree=418
num_leaves=31
num_cat=0
split_feature=15 12 7 10 6 12 12 6 12 0 0 0 12 0 6 13 12 0 12 7 12 7 13 3 3 0 12 0 12 3
split_gain=78.6886 7.41855 3.27714 1.97688 2.77395 1.49189 1.44397 1.19193 0.96356 0.785079 0.735444 0.667004 0.638377 0.618904 0.653369 0.609925 0.517587 0.473932 0.458453 0.902393 0.967093 0.783991 0.41835 0.409136 0.474706 0.342795 0.315896 0.282817 0.251054 0.21047
threshold=1.0000000180025095e-35 105.50000000000001 16.500000000000004 1.0000000180025095e-35 49.500000000000007 45.500000000000007 17.500000000000004 52.500000000000007 13.500000000000002 0.53383100032806408 0.24100400507450107 0.1730034947395325 43.500000000000007 0.86000099778175365 21.500000000000004 1.0000000180025095e-35 14.500000000000002 0.4469559937715531 39.500000000000007 42.500000000000007 38.500000000000007 26.500000000000004 1.0000000180025095e-35 0.040072500705719001 0.040352500975131995 0.85508400201797496 36.500000000000007 0.72120651602745067 51.500000000000007 0.041052499786019332
decision_type=2 2 2 2 2 2 2 2 2 2 2 2 2 2 2 2 2 2 2 2 2 2 2 2 2 2 2 2 2 2
left_child=1 2 15 4 5 13 25 8 -6 -7 -3 -8 -9 14 -4 27 -10 -14 19 20 -13 -22 26 28 -25 -2 -18 -1 -11 -5
right_child=6 10 3 29 7 9 11 12 16 23 -12 18 17 -15 -16 -17 22 -19 -20 -21 21 -23 -24 24 -26 -27 -28 -29 -30 -31
leaf_value=-0.044135795284619528 -0.020647950877108915 -0.035553048413086374 0.027497450591662094 -0.043489927984875026 0.096442517810617204 -0.038925789234382162 -0.019080100980038608 -0.03662850502957276 -0.024203020881669604 0 0.040420103497820263 0.045077877755713362 -0.022929785796249023 0.016393896753390841 -0.044344455441011482 0 0.047803962396670709 0.040617081434250885 0.04498422475406845 -0.0034227264895529894 0.026833000227947754 -0.063635611382272722 -0.016067186515669334 -0.046030284176075346 0.013125831200653427 0.028674799409680402 0 0 0.042154971015732678 -0.013380088983657723
leaf_weight=51.656279478454962 1.0998084377497424 0.20237435726448838 0.18101637065410425 7.3962480584159493 0.53625257336534682 0.80235929018817875 0.26929986104369064 1.0117341186851261 0.33602128177881274 0.40130986622534726 3.5802394852507859 5.0794111024588338 0.28893298376351584 0.3190648816525935 6.4728593046311289 0.62959453463554282 1.7036233514081693 0.6607662308961153 54.365668232552707 1.4637137595564125 0.38601167686283577 0.32102450728416443 0.2221474703401326 0.38951892615295924 0.86788164498284459 0.35540863126516331 0.47926393128000189 0.19503071205690403 1.1545399939641354 1.304761325009167
leaf_count=7431 11 19 1 940 5 69 7 143 9 9 192 177 42 10 731 14 35 11 3478 11 13 1 7 13 39 6 16 9 37 162
internal_value=-2.85255e-05 -0.0327576 -0.0361543 -0.0205465 -0.00949425 -0.0243556 0.0416251 0.0195006 0.0378549 0.000416176 0.0342566 0.0427913 -0.00909038 -0.0377315 -0.0412715 -0.043301 0.0216419 0.0161779 0.0431732 0.0284856 0.0373274 -0.0108434 0.0307536 0.0143041 -0.00355713 -0.00431762 0.0382037 -0.0438981 0.0311018 -0.0397463
internal_weight=144.132 80.7918 77.0092 24.5283 15.8273 10.5886 63.3403 5.23874 3.27731 3.61561 3.78261 61.8851 1.96143 6.97294 6.65388 52.4809 2.74106 0.949699 61.6158 7.25016 5.78645 0.707036 2.40503 2.81325 1.2574 1.45522 2.18289 51.8513 1.55585 8.70101
internal_count=13648 9944 9733 2279 1177 909 3704 268 72 167 211 3687 196 742 732 7454 67 53 3680 202 191 14 58 98 52 17 51 7440 46 1102
is_linear=0
shrinkage=0.05


Tree=419
num_leaves=1
num_cat=0
split_feature=
split_gain=
threshold=
decision_type=
left_child=
right_child=
leaf_value=0
leaf_weight=
leaf_count=17101
internal_value=
internal_weight=
internal_count=
is_linear=0
shrinkage=1


Tree=420
num_leaves=1
num_cat=0
split_feature=
split_gain=
threshold=
decision_type=
left_child=
right_child=
leaf_value=0
leaf_weight=
leaf_count=17101
internal_value=
internal_weight=
internal_count=
is_linear=0
shrinkage=1


Tree=421
num_leaves=1
num_cat=0
split_feature=
split_gain=
threshold=
decision_type=
left_child=
right_child=
leaf_value=0
leaf_weight=
leaf_count=17101
internal_value=
internal_weight=
internal_count=
is_linear=0
shrinkage=1


Tree=422
num_leaves=1
num_cat=0
split_feature=
split_gain=
threshold=
decision_type=
left_child=
right_child=
leaf_value=0
leaf_weight=
leaf_count=17101
internal_value=
internal_weight=
internal_count=
is_linear=0
shrinkage=1


end of trees

feature_importances:
Column_12=835
Column_0=793
Column_6=623
Column_11=494
Column_7=439
Column_3=295
Column_15=169
Column_10=148
Column_14=136
Column_13=116
Column_8=109
Column_4=94
Column_5=78
Column_16=69
Column_19=39
Column_1=33
Column_9=32
Column_17=9

parameters:
[boosting: gbdt]
[objective: multiclass]
[metric: multi_logloss,multi_error]
[tree_learner: serial]
[device_type: cpu]
[data_sample_strategy: bagging]
[data: ]
[valid: ]
[num_iterations: 500]
[learning_rate: 0.05]
[num_leaves: 31]
[num_threads: 4]
[seed: 0]
[deterministic: 0]
[force_col_wise: 0]
[force_row_wise: 0]
[histogram_pool_size: -1]
[max_depth: -1]
[min_data_in_leaf: 5]
[min_sum_hessian_in_leaf: 0.001]
[bagging_fraction: 0.8]
[pos_bagging_fraction: 1]
[neg_bagging_fraction: 1]
[bagging_freq: 5]
[bagging_seed: 3]
[bagging_by_query: 0]
[feature_fraction: 0.8]
[feature_fraction_bynode: 1]
[feature_fraction_seed: 2]
[extra_trees: 0]
[extra_seed: 6]
[early_stopping_round: 0]
[early_stopping_min_delta: 0]
[first_metric_only: 0]
[max_delta_step: 0]
[lambda_l1: 0.1]
[lambda_l2: 0.1]
[linear_lambda: 0]
[min_gain_to_split: 0]
[drop_rate: 0.1]
[max_drop: 50]
[skip_drop: 0.5]
[xgboost_dart_mode: 0]
[uniform_drop: 0]
[drop_seed: 4]
[top_rate: 0.2]
[other_rate: 0.1]
[min_data_per_group: 100]
[max_cat_threshold: 32]
[cat_l2: 10]
[cat_smooth: 10]
[max_cat_to_onehot: 4]
[top_k: 20]
[monotone_constraints: ]
[monotone_constraints_method: basic]
[monotone_penalty: 0]
[feature_contri: ]
[forcedsplits_filename: ]
[refit_decay_rate: 0.9]
[cegb_tradeoff: 1]
[cegb_penalty_split: 0]
[cegb_penalty_feature_lazy: ]
[cegb_penalty_feature_coupled: ]
[path_smooth: 0]
[interaction_constraints: ]
[verbosity: -1]
[saved_feature_importance_type: 0]
[use_quantized_grad: 0]
[num_grad_quant_bins: 4]
[quant_train_renew_leaf: 0]
[stochastic_rounding: 1]
[linear_tree: 0]
[max_bin: 255]
[max_bin_by_feature: ]
[min_data_in_bin: 3]
[bin_construct_sample_cnt: 200000]
[data_random_seed: 1]
[is_enable_sparse: 1]
[enable_bundle: 1]
[use_missing: 1]
[zero_as_missing: 0]
[feature_pre_filter: 1]
[pre_partition: 0]
[two_round: 0]
[header: 0]
[label_column: ]
[weight_column: ]
[group_column: ]
[ignore_column: ]
[categorical_feature: ]
[forcedbins_filename: ]
[precise_float_parser: 0]
[parser_config_file: ]
[objective_seed: 5]
[num_class: 9]
[is_unbalance: 0]
[scale_pos_weight: 1]
[sigmoid: 1]
[boost_from_average: 1]
[reg_sqrt: 0]
[alpha: 0.9]
[fair_c: 1]
[poisson_max_delta_step: 0.7]
[tweedie_variance_power: 1.5]
[lambdarank_truncation_level: 30]
[lambdarank_norm: 1]
[label_gain: ]
[lambdarank_position_bias_regularization: 0]
[eval_at: ]
[multi_error_top_k: 1]
[auc_mu_weights: ]
[num_machines: 1]
[local_listen_port: 12400]
[time_out: 120]
[machine_list_filename: ]
[machines: ]
[gpu_platform_id: -1]
[gpu_device_id: -1]
[gpu_device_id_list: ]
[gpu_use_dp: 0]
[num_gpu: 1]

end of parameters

pandas_categorical:null
